route,transport_mode,avg_passengers,max_passengers,min_passengers,std_passengers,trip_count,avg_occupancy,avg_distance_km,avg_fare,cluster,cluster_name
Abhanpur Jn-Rajim,Rail,162.0,175,149,18.384776310850235,2,81.0,16.0,30.0,0,High Demand
Abohar-Jodhpur Jn,Rail,345.0,345,345,0.0,1,69.0,675.0,337.5,0,High Demand
Achalpur-Murtajapur,Rail,158.0,158,158,0.0,1,79.0,76.0,38.0,0,High Demand
Achhnera Jn-Kasganj,Rail,120.5,142,99,30.405591591021544,2,60.25,143.0,71.5,0,High Demand
Adhartal-Rani Kamlapati(Bhopal,Rail,194.0,194,194,0.0,1,97.0,346.0,173.0,0,High Demand
Adilabad-H Sahib Nanded,Rail,313.0,313,313,0.0,1,100.0,195.0,97.5,0,High Demand
Adilabad-Parli Vaijnath,Rail,86.5,126,47,55.86143571373726,2,43.25,317.0,158.5,0,High Demand
Adilabad-Purna Jn,Rail,146.0,146,146,0.0,1,73.0,225.0,112.5,0,High Demand
Adilabad-Tirupati,Rail,240.0,240,240,0.0,1,30.0,1219.0,609.5,0,High Demand
Adityapur-Asansol Jn,Rail,238.0,238,238,0.0,1,100.0,162.0,81.0,0,High Demand
Adityapur-Dhanbad Jn,Rail,352.0,352,352,0.0,1,100.0,190.0,95.0,0,High Demand
Adityapur-Hatia,Rail,178.0,178,178,0.0,1,89.0,169.0,84.5,0,High Demand
Adityapur-Visakhapatnam,Rail,397.0,397,397,0.0,1,79.4,862.0,431.0,0,High Demand
Adra Jn-Asansol Jn,Rail,192.33333333333334,205,165,14.678782874157744,6,95.5,41.0,30.0,0,High Demand
Adra Jn-Barabhum,Rail,151.0,151,151,0.0,1,75.5,71.0,35.5,0,High Demand
Adra Jn-Barka Kana,Rail,60.0,60,60,0.0,1,30.0,157.0,78.5,0,High Demand
Adra Jn-Bhaga Jn,Rail,190.0,190,190,0.0,1,95.0,41.0,30.0,0,High Demand
Adra Jn-Bhojudih Jn,Rail,46.0,46,46,0.0,1,23.0,30.0,30.0,0,High Demand
Adra Jn-Bishnupur,Rail,117.5,171,64,75.66042558696059,2,58.75,84.0,42.0,0,High Demand
Adra Jn-Garhbeta,Rail,57.0,57,57,0.0,1,28.499999999999996,109.0,54.5,0,High Demand
Adra Jn-Howrah Jn,Rail,186.0,318,54,186.67619023324855,2,63.5,284.5,142.25,0,High Demand
Adra Jn-Khanodih,Rail,105.0,105,105,0.0,1,52.5,70.0,35.0,0,High Demand
Adra Jn-Kharagpur Jn,Rail,164.0,164,164,0.0,1,82.0,169.0,84.5,0,High Demand
Adra Jn-Midnapore,Rail,114.0,114,114,0.0,1,56.99999999999999,156.0,78.0,0,High Demand
Adra Jn-Purulia Jn,Rail,130.0,130,130,0.0,1,65.0,39.0,30.0,0,High Demand
Agartala-Anand Vihar Terminal,Rail,409.5,481,338,101.1162697096763,2,51.1875,2530.0,1265.0,0,High Demand
Agartala-Belonia,Rail,71.5,81,62,13.435028842544403,2,35.75,72.0,36.0,0,High Demand
Agartala-Deoghar,Rail,264.0,264,264,0.0,1,33.0,1474.0,737.0,0,High Demand
Agartala-Dharmanagar,Rail,90.0,135,45,63.63961030678928,2,45.0,140.0,70.0,0,High Demand
Agartala-Firozpur Cantt Jn,Rail,332.0,332,332,0.0,1,41.5,2918.0,1459.0,0,High Demand
Agartala-Khongsang,Rail,163.5,186,141,31.81980515339464,2,81.75,348.0,174.0,0,High Demand
Agartala-Lokmanyatilak,Rail,243.5,271,216,38.890872965260115,2,30.4375,3148.0,1574.0,0,High Demand
Agartala-Narangi,Rail,128.0,128,128,0.0,1,25.6,562.0,281.0,0,High Demand
Agartala-Sealdah,Rail,443.0,443,443,0.0,1,55.375,1546.0,773.0,0,High Demand
Agartala-Silchar,Rail,164.0,258,70,132.93607486307093,2,67.5,252.0,126.0,0,High Demand
Agartala-Smvt Bengaluru,Rail,407.0,407,407,0.0,1,50.875,3529.0,1764.5,0,High Demand
Agra Cantt-Asarva Jn (Ahmedabad,Rail,200.0,200,200,0.0,1,40.0,897.0,448.5,0,High Demand
Agra Cantt-Banaras,Rail,243.0,243,243,0.0,1,48.6,577.0,288.5,0,High Demand
Agra Cantt-Bayana Jn,Rail,92.0,92,92,0.0,1,46.0,83.0,41.5,0,High Demand
Agra Cantt-Etawah,Rail,148.5,172,125,33.23401871576773,2,74.25,117.5,58.75,0,High Demand
Agra Cantt-Gwalior Jn,Rail,193.0,193,193,0.0,1,96.5,118.0,59.0,0,High Demand
Agra Cantt-Hazrat Nizamuddin,Rail,192.0,192,192,0.0,1,96.0,183.0,91.5,0,High Demand
Agra Cantt-Hoshiarpur,Rail,250.0,250,250,0.0,1,50.0,673.0,336.5,0,High Demand
Agra Cantt-Howrah Jn,Rail,346.0,346,346,0.0,1,43.25,1403.0,701.5,0,High Demand
Agra Cantt-Jhansi Jn,Rail,170.0,204,136,48.08326112068523,2,84.0,219.0,109.5,0,High Demand
Agra Cantt-Kolkata,Rail,187.0,187,187,0.0,1,23.375,1461.0,730.5,0,High Demand
Agra Cantt-Lokmanyatilak,Rail,497.0,497,497,0.0,1,62.125,1334.0,667.0,0,High Demand
Agra Cantt-New Delhi,Rail,253.0,253,253,0.0,1,100.0,195.0,97.5,0,High Demand
Agra Cantt-Palwal,Rail,157.0,157,157,0.0,1,78.5,137.0,68.5,0,High Demand
Agra Cantt-Sabarmati Bg,Rail,396.0,396,396,0.0,1,79.2,861.0,430.5,0,High Demand
Agra Cantt-Tundla Jn,Rail,128.0,128,128,0.0,1,64.0,28.0,30.0,0,High Demand
Agra Cantt-Udaipur City,Rail,363.0,363,363,0.0,1,72.6,613.0,306.5,0,High Demand
Agra Cantt-Virangana Lakshmibai(Jhanshi,Rail,216.0,330,102,161.22034611053283,2,75.5,216.5,108.25,0,High Demand
Agra Fort-Ajmer Jn,Rail,288.0,357,219,97.58073580374356,2,100.0,376.0,188.0,0,High Demand
Agra Fort-Etah,Rail,143.0,143,143,0.0,1,71.5,91.0,45.5,0,High Demand
Agra Fort-Kasganj,Rail,93.0,93,93,0.0,1,46.5,169.0,84.5,0,High Demand
Agra Fort-Kota Jn,Rail,171.0,171,171,0.0,1,85.5,333.0,166.5,0,High Demand
Agra Fort-Lucknow Ne,Rail,314.0,314,314,0.0,1,100.0,329.0,164.5,0,High Demand
Agra Fort-Ramnagar,Rail,244.0,244,244,0.0,1,48.8,440.0,220.0,0,High Demand
Agra Fort-Ratlam New,Rail,96.0,96,96,0.0,1,19.2,696.0,348.0,0,High Demand
Ahmadpur Jn-Katwa Jn,Rail,123.66666666666667,169,86,42.02776859807493,3,61.833333333333336,51.0,30.0,0,High Demand
Ahmedabad Jn-Anand Jn,Rail,179.0,181,177,2.8284271247461903,2,89.5,64.0,32.0,0,High Demand
Ahmedabad Jn-Bandra Terminus,Rail,200.0,200,200,0.0,1,40.0,481.0,240.5,0,High Demand
Ahmedabad Jn-Borivali,Rail,101.0,101,101,0.0,1,20.200000000000003,462.0,231.0,0,High Demand
Ahmedabad Jn-C Sahumaharaj T Kolhapur,Rail,241.0,241,241,0.0,1,48.199999999999996,961.0,480.5,0,High Demand
Ahmedabad Jn-Dadar Wr,Rail,253.0,253,253,0.0,1,50.6,486.0,243.0,0,High Demand
Ahmedabad Jn-Darbhanga Jn,Rail,296.5,312,281,21.920310216782973,2,37.0625,1885.5,942.75,0,High Demand
Ahmedabad Jn-Ekta Nagar,Rail,277.5,287,268,13.435028842544403,2,100.0,183.0,91.5,0,High Demand
Ahmedabad Jn-Gandhinagar Capital,Rail,65.0,65,65,0.0,1,32.5,31.0,30.0,0,High Demand
Ahmedabad Jn-Gorakhpur,Rail,222.0,222,222,0.0,1,27.750000000000004,1685.0,842.5,0,High Demand
Ahmedabad Jn-Hazrat Nizamuddin,Rail,431.0,431,431,0.0,1,53.87499999999999,1074.0,537.0,0,High Demand
Ahmedabad Jn-Howrah Jn,Rail,227.0,227,227,0.0,1,28.375,2088.0,1044.0,0,High Demand
Ahmedabad Jn-Indore Jn Bg,Rail,213.0,213,213,0.0,1,42.6,559.0,279.5,0,High Demand
Ahmedabad Jn-Jaipur,Rail,57.0,57,57,0.0,1,11.4,631.0,315.5,0,High Demand
Ahmedabad Jn-Kolkata,Rail,419.0,419,419,0.0,1,52.37500000000001,2090.0,1045.0,0,High Demand
Ahmedabad Jn-Mgr Chennai Ctr,Rail,155.0,155,155,0.0,1,19.375,1890.0,945.0,0,High Demand
Ahmedabad Jn-Mumbai Central,Rail,193.5,315,117,68.35422444882248,6,38.699999999999996,491.0,245.5,0,High Demand
Ahmedabad Jn-Nagpur,Rail,424.5,426,423,2.1213203435596424,2,84.9,957.0,478.5,0,High Demand
Ahmedabad Jn-Okha,Rail,263.0,316,210,74.95331880577403,2,52.6,499.0,249.5,0,High Demand
Ahmedabad Jn-Patan,Rail,127.0,127,127,0.0,1,63.5,111.0,55.5,0,High Demand
Ahmedabad Jn-Patna Jn,Rail,494.0,494,494,0.0,1,61.75000000000001,1659.0,829.5,0,High Demand
Ahmedabad Jn-Prayagraj Jn,Rail,372.0,372,372,0.0,1,46.5,1483.0,741.5,0,High Demand
Ahmedabad Jn-Pune Jn,Rail,287.6666666666667,370,146,123.22472695580758,3,57.53333333333333,633.6666666666666,316.8333333333333,0,High Demand
Ahmedabad Jn-Puri,Rail,306.5,354,259,67.17514421272202,2,38.3125,1993.5,996.75,0,High Demand
Ahmedabad Jn-Saharsa Jn,Rail,419.0,419,419,0.0,1,52.37500000000001,2283.0,1141.5,0,High Demand
Ahmedabad Jn-Sultanpur Jn,Rail,258.0,258,258,0.0,1,32.25,1560.0,780.0,0,High Demand
Ahmedabad Jn-Valsad,Rail,328.0,328,328,0.0,1,100.0,298.0,149.0,0,High Demand
Ahmedabad Jn-Varanasi City,Rail,154.0,154,154,0.0,1,19.25,1594.0,797.0,0,High Demand
Ahmedabad Jn-Veraval,Rail,147.0,147,147,0.0,1,29.4,432.0,216.0,0,High Demand
Ahmedabad Jn-Viramgam Jn,Rail,188.0,188,188,0.0,1,94.0,65.0,32.5,0,High Demand
Ahmedabad Jn-Yasvantpur Jn,Rail,352.0,409,295,80.61017305526642,2,44.0,1790.0,895.0,0,High Demand
Ahmedabad Mg-Botad Mg,Rail,190.0,190,190,0.0,1,95.0,175.0,87.5,0,High Demand
Ahmedabad Mg-Himmatnagar,Rail,147.5,177,118,41.71930009000631,2,73.75,87.0,43.5,0,High Demand
Ahmedabad Mg-Khed Brahma,Rail,175.5,199,152,33.23401871576773,2,87.75,142.0,71.0,0,High Demand
Ahmedabad Mg-Mahesana Jn,Rail,98.33333333333333,118,60,23.14015269324441,6,49.166666666666664,67.5,33.75,0,High Demand
Ahmedabad Mg-Nandol Dahegam,Rail,158.0,206,110,67.88225099390856,2,77.5,28.0,30.0,0,High Demand
Ahmedabad Mg-Ranuj Jn,Rail,165.5,180,151,20.506096654409877,2,82.75,133.0,66.5,0,High Demand
Ahmedabad Mg-Udaipur City,Rail,211.5,224,199,17.67766952966369,2,99.75,297.5,148.75,0,High Demand
Ahmedabad-Bangalore,Air,78.65384615384616,141,23,35.13282488806422,26,55.28985042735042,4222.211538461538,10130.038461538461,1,Low Demand
Ahmedabad-Bhubaneswar,Air,68.0,140,20,31.72801075810878,43,49.60788113695091,3383.1976744186045,10066.186046511628,1,Low Demand
Ahmedabad-Chennai,Air,74.82352941176471,230,14,48.07347317938877,34,55.40465686274509,4788.75,9578.0,1,Low Demand
Ahmedabad-Cochin,Air,82.33333333333333,243,20,45.49868219301316,42,56.46210317460317,3706.6071428571427,9563.666666666666,1,Low Demand
Ahmedabad-Delhi,Air,83.48780487804878,169,20,42.69550441862675,41,53.54756097560975,4468.719512195122,8624.658536585366,1,Low Demand
Ahmedabad-Goa,Air,101.32352941176471,255,17,49.472808931062445,34,62.302614379084964,3708.75,9026.911764705883,1,Low Demand
Ahmedabad-Guwahati,Air,85.67391304347827,232,17,50.87284992904743,46,56.69287439613527,4517.934782608696,9565.760869565218,1,Low Demand
Ahmedabad-Hyderabad,Air,84.28571428571429,156,27,33.17296155231336,35,56.96595238095238,4145.571428571428,9580.542857142857,1,Low Demand
Ahmedabad-Indore,Air,84.59183673469387,157,29,37.62806929194555,49,58.935770975056684,4321.989795918367,9030.408163265307,1,Low Demand
Ahmedabad-Jaipur,Air,82.375,252,22,43.18219451437042,40,58.600833333333334,4057.6875,8503.975,1,Low Demand
Ahmedabad-Kolkata,Air,79.67441860465117,140,19,36.320478894886996,43,51.73856589147287,4506.976744186047,9719.06976744186,1,Low Demand
Ahmedabad-Lucknow,Air,87.02272727272727,191,19,44.30260039423569,44,57.879797979797985,4433.522727272727,8775.954545454546,1,Low Demand
Ahmedabad-Mumbai,Air,86.21739130434783,203,23,44.10538543255901,46,59.264251207729465,4409.836956521739,9206.282608695652,1,Low Demand
Ahmedabad-Nagpur,Air,71.94285714285714,153,17,39.574161844747714,35,48.68801587301587,3329.5714285714284,9799.057142857142,1,Low Demand
Ahmedabad-Patna,Air,81.02777777777777,145,31,36.57984309199428,36,57.566126543209876,3623.125,8469.444444444445,1,Low Demand
Ahmedabad-Pune,Air,81.77777777777777,164,38,36.60951256512998,27,58.86152263374486,5194.444444444444,8234.592592592593,1,Low Demand
Ahmedabad-Raipur,Air,78.28571428571429,147,30,30.746101400384912,28,56.69871031746032,4421.517857142857,8980.285714285714,1,Low Demand
Ahmedabad-Surat,Air,88.44736842105263,212,18,46.275729070385616,38,58.1828947368421,4314.868421052632,9386.552631578947,1,Low Demand
Ahmedabad-Varanasi,Air,86.54054054054055,272,21,65.77638659148914,37,55.0774024024024,4572.77027027027,10034.405405405405,1,Low Demand
Aishbagh (Lucknow-Gorakhpur,Rail,242.0,242,242,0.0,1,100.0,344.0,172.0,0,High Demand
Aishbagh (Lucknow-Kalianpur,Rail,212.0,212,212,0.0,1,100.0,87.0,43.5,0,High Demand
Aishbagh Mg-Palia Kalan,Rail,143.0,143,143,0.0,1,71.5,222.0,111.0,0,High Demand
Aishbagh Mg-Pilibhit Jn,Rail,279.0,368,190,125.86500705120545,2,97.5,259.0,129.5,0,High Demand
Ait Jn-Konch,Rail,134.33333333333334,184,65,61.88968680913916,3,67.16666666666667,13.666666666666666,30.0,0,High Demand
Ajmer Jn-Agra Fort,Rail,133.0,162,104,41.012193308819754,2,66.5,376.0,188.0,0,High Demand
Ajmer Jn-Amritsar Jn,Rail,341.0,387,295,65.05382386916237,2,53.6875,927.5,463.75,0,High Demand
Ajmer Jn-Bandra Terminus,Rail,237.0,237,237,0.0,1,29.625,1017.0,508.5,0,High Demand
Ajmer Jn-Bhagalpur,Rail,156.0,156,156,0.0,1,19.5,1751.0,875.5,0,High Demand
Ajmer Jn-Chandigarh,Rail,287.0,307,267,28.284271247461902,2,57.400000000000006,719.5,359.75,0,High Demand
Ajmer Jn-Dadar Wr,Rail,264.0,264,264,0.0,1,52.800000000000004,978.0,489.0,0,High Demand
Ajmer Jn-Delhi S Rohilla,Rail,198.0,198,198,0.0,1,99.0,373.0,186.5,0,High Demand
Ajmer Jn-Durg,Rail,364.5,375,354,14.849242404917497,2,45.5625,1398.0,699.0,0,High Demand
Ajmer Jn-Ernakulam Jn,Rail,362.0,362,362,0.0,1,45.25,2855.0,1427.5,0,High Demand
Ajmer Jn-Indore Jn Bg,Rail,194.0,194,194,0.0,1,38.800000000000004,494.0,247.0,0,High Demand
Ajmer Jn-Jabalpur,Rail,321.0,321,321,0.0,1,40.125,1027.0,513.5,0,High Demand
Ajmer Jn-Jammu Tawi,Rail,229.0,229,229,0.0,1,28.625,1017.0,508.5,0,High Demand
Ajmer Jn-Jodhpur Jn,Rail,115.0,115,115,0.0,1,57.49999999999999,244.0,122.0,0,High Demand
Ajmer Jn-Kishanganj,Rail,347.0,347,347,0.0,1,43.375,1835.0,917.5,0,High Demand
Ajmer Jn-Ksr Bengaluru,Rail,317.0,317,317,0.0,1,39.625,2224.0,1112.0,0,High Demand
Ajmer Jn-Marwar Jn,Rail,88.0,88,88,0.0,1,44.0,140.0,70.0,0,High Demand
Ajmer Jn-Mysore Jn,Rail,430.0,430,430,0.0,1,53.75,2291.0,1145.5,0,High Demand
Ajmer Jn-Pushkar Terminus,Rail,194.0,194,194,0.0,1,97.0,31.0,30.0,0,High Demand
Ajmer Jn-Rajendranagar T,Rail,139.0,139,139,0.0,1,17.375,1304.0,652.0,0,High Demand
Ajmer Jn-Santragachi Jn,Rail,353.0,353,353,0.0,1,44.125,1991.0,995.5,0,High Demand
Ajmer Jn-Sealdah,Rail,581.0,581,581,0.0,1,72.625,1642.0,821.0,0,High Demand
Ajni (Nagpur-Amravati,Rail,306.0,306,306,0.0,1,100.0,181.0,90.5,0,High Demand
Ajni (Nagpur-Kazipet Jn,Rail,106.0,106,106,0.0,1,21.2,452.0,226.0,0,High Demand
Ajni (Nagpur-Pune Jn,Rail,269.0,375,178,99.3529063490344,3,53.800000000000004,881.0,440.5,0,High Demand
Aklera-Kota Jn,Rail,196.5,204,189,10.606601717798213,2,97.25,146.0,73.0,0,High Demand
Akola Jn-Kacheguda,Rail,377.0,377,377,0.0,1,75.4,514.0,257.0,0,High Demand
Akola Jn-Mhow,Rail,164.0,164,164,0.0,1,82.0,292.0,146.0,0,High Demand
Akola Jn-Parli Vaijnath,Rail,209.0,209,209,0.0,1,100.0,299.0,149.5,0,High Demand
Akola Jn-Purna Jn,Rail,144.0,204,90,46.847269575362304,4,71.5,207.75,103.875,0,High Demand
Aligarh Jn-Bareilly,Rail,177.5,212,143,48.79036790187178,2,85.75,165.0,82.5,0,High Demand
Aligarh Jn-Delhi,Rail,151.0,184,114,35.17101079013795,3,75.5,126.0,63.0,0,High Demand
Aligarh Jn-Gajraula Jn,Rail,177.0,177,177,0.0,1,88.5,196.0,98.0,0,High Demand
Aligarh Jn-New Delhi,Rail,72.0,72,72,0.0,1,36.0,132.0,66.0,0,High Demand
Aligarh Jn-Tundla Jn,Rail,127.0,127,127,0.0,1,63.5,78.0,39.0,0,High Demand
Alipur Duar Jn-Bamanhat,Rail,100.0,100,100,0.0,1,50.0,72.0,36.0,0,High Demand
Alipur Duar Jn-Delhi,Rail,430.0,430,430,0.0,1,53.75,1664.0,832.0,0,High Demand
Alipur Duar Jn-Guwahati,Rail,109.0,117,101,11.313708498984761,2,54.5,269.0,134.5,0,High Demand
Alipur Duar Jn-Kamakhya,Rail,326.0,326,326,0.0,1,100.0,301.0,150.5,0,High Demand
Alipur Duar Jn-Mariani Jn,Rail,338.0,338,338,0.0,1,67.60000000000001,674.0,337.0,0,High Demand
Alipur Duar Jn-New Jalpaiguri,Rail,232.0,322,142,127.27922061357856,2,85.5,168.5,84.25,0,High Demand
Alipur Duar Jn-Panvel,Rail,435.0,435,435,0.0,1,54.37499999999999,2377.0,1188.5,0,High Demand
Alipur Duar Jn-Sealdah,Rail,209.0,209,209,0.0,1,41.8,748.0,374.0,0,High Demand
Alipur Duar Jn-Silghat Town,Rail,172.0,172,172,0.0,1,34.4,587.0,293.5,0,High Demand
Alipur Duar Jn-Siliguri Jn,Rail,136.0,136,136,0.0,1,68.0,161.0,80.5,0,High Demand
Alipur Duar Jn-Smvt Bengaluru,Rail,175.0,175,175,0.0,1,21.875,2670.0,1335.0,0,High Demand
Alirajpur-Pratap Nagar,Rail,196.0,206,186,14.142135623730951,2,96.5,148.0,74.0,0,High Demand
Allahabad City-Manduadih,Rail,178.0,185,170,7.54983443527075,3,89.0,118.0,59.0,0,High Demand
Allahabad Jn-Jhansi Jn,Rail,240.0,240,240,0.0,1,100.0,397.0,198.5,0,High Demand
Allahabad Jn-Udhampur,Rail,303.0,303,303,0.0,1,37.875,1265.0,632.5,0,High Demand
Alleppey-Dhanbad Jn,Rail,392.0,392,392,0.0,1,49.0,2535.0,1267.5,0,High Demand
Alleppey-Ernakulam Jn,Rail,108.66666666666667,162,69,47.982635748084256,3,54.333333333333336,57.0,30.0,0,High Demand
Alleppey-Kannur (Cannanore,Rail,232.0,274,190,59.39696961966999,2,97.5,339.0,169.5,0,High Demand
Alleppey-Kayankulam,Rail,205.0,205,205,0.0,1,100.0,43.0,30.0,0,High Demand
Alleppey-Kollam Jn,Rail,71.0,71,71,0.0,2,35.5,84.0,42.0,0,High Demand
Alleppey-Mgr Chennai Ctr,Rail,239.0,239,239,0.0,1,47.8,759.0,379.5,0,High Demand
Alwar Jn-Kota Jn,Rail,217.0,217,217,0.0,1,43.4,447.0,223.5,0,High Demand
Alwar Jn-Mathura Jn,Rail,184.0,184,184,0.0,1,92.0,123.0,61.5,0,High Demand
Aman Lodge-Matheran,Rail,183.9,300,74,63.24985726817449,10,83.6,4.3,30.0,0,High Demand
Amb  Andaura-H Sahib Nanded,Rail,432.0,432,432,0.0,1,54.0,1907.0,953.5,0,High Demand
Amb  Andaura-Haridwar Jn,Rail,211.0,211,211,0.0,1,100.0,358.0,179.0,0,High Demand
Amb  Andaura-New Delhi,Rail,376.0,376,376,0.0,1,75.2,437.0,218.5,0,High Demand
Amb  Andaura-Raipur Haryana,Rail,235.0,235,235,0.0,1,47.0,456.0,228.0,0,High Demand
Ambala Cant Jn-Barauni Jn,Rail,263.0,263,263,0.0,1,32.875,1304.0,652.0,0,High Demand
Ambala Cant Jn-Bhatinda Jn,Rail,56.0,56,56,0.0,1,28.000000000000004,201.0,100.5,0,High Demand
Ambala Cant Jn-Delhi,Rail,130.0,139,121,12.727922061357855,2,65.0,262.0,131.0,0,High Demand
Ambala Cant Jn-Dhuri Jn,Rail,75.0,75,75,0.0,1,37.5,106.0,53.0,0,High Demand
Ambala Cant Jn-Durg,Rail,513.0,513,513,0.0,1,64.125,1911.0,955.5,0,High Demand
Ambala Cant Jn-Hazrat Nizamuddin,Rail,78.0,78,78,0.0,1,39.0,272.0,136.0,0,High Demand
Ambala Cant Jn-Kalka,Rail,87.0,87,87,0.0,1,43.5,70.0,35.0,0,High Demand
Ambala Cant Jn-Kurukshetra Jn,Rail,123.66666666666667,169,87,41.68133075290823,3,61.833333333333336,41.0,30.0,0,High Demand
Ambala Cant Jn-Ludhiana Jn,Rail,77.5,86,69,12.020815280171307,2,38.75,114.0,57.0,0,High Demand
Ambala Cant Jn-Meerut City Jn,Rail,74.0,74,74,0.0,1,37.0,195.0,97.5,0,High Demand
Ambala Cant Jn-Nangal Dam,Rail,171.5,216,127,62.932503525602726,2,81.75,157.0,78.5,0,High Demand
Ambala Cant Jn-Panipat Jn,Rail,133.5,145,122,16.263455967290593,2,66.75,109.0,54.5,0,High Demand
Ambala Cant Jn-Patiala,Rail,90.0,90,90,0.0,1,45.0,53.0,30.0,0,High Demand
Ambala Cant Jn-Saharanpur,Rail,132.5,181,84,68.58935777509511,2,66.25,81.0,40.5,0,High Demand
Ambala Cant Jn-Shri Ganganagar,Rail,211.66666666666666,240,163,42.335957923889396,3,93.83333333333333,328.0,164.0,0,High Demand
Ambala Cant Jn-Subedarganj (Prayagraj Jn,Rail,471.0,471,471,0.0,1,58.875,1280.0,640.0,0,High Demand
Ambewadi-Dharwad,Rail,172.0,172,172,0.0,1,86.0,63.0,31.5,0,High Demand
Ambikapur-Anuppur Jn,Rail,120.0,148,92,39.59797974644666,2,60.0,176.0,88.0,0,High Demand
Ambikapur-Durg,Rail,130.0,130,130,0.0,1,26.0,470.0,235.0,0,High Demand
Ambikapur-Hazrat Nizamuddin,Rail,236.0,236,236,0.0,1,29.5,1154.0,577.0,0,High Demand
Ambikapur-Jabalpur,Rail,165.0,165,165,0.0,1,33.0,432.0,216.0,0,High Demand
Ambikapur-Shahdol,Rail,161.0,299,45,128.42118205342916,3,64.0,216.0,108.0,0,High Demand
Amla Jn-Betul,Rail,76.0,76,76,0.0,1,38.0,22.0,30.0,0,High Demand
Amla Jn-Chhindwara Jn,Rail,102.66666666666667,123,88,18.175074506954115,3,51.333333333333336,115.0,57.5,0,High Demand
Amla Jn-Itarsi Jn,Rail,119.0,119,119,0.0,1,59.5,130.0,65.0,0,High Demand
Amla Jn-Nagpur,Rail,142.66666666666666,205,82,61.51693533762336,3,70.5,167.0,83.5,0,High Demand
Amravati-Ajni (Nagpur,Rail,304.0,304,304,0.0,1,100.0,181.0,90.5,0,High Demand
Amravati-Badnera Jn,Rail,139.5,208,75,51.91713482934983,10,69.1,9.0,30.0,0,High Demand
Amravati-C Shivaji Maharaj T,Rail,306.0,306,306,0.0,1,61.199999999999996,672.0,336.0,0,High Demand
Amravati-Jabalpur,Rail,275.0,275,275,0.0,1,55.00000000000001,726.0,363.0,0,High Demand
Amravati-Pune Jn,Rail,396.6666666666667,426,367,29.501412395567325,3,79.33333333333333,753.0,376.5,0,High Demand
Amravati-Surat,Rail,95.5,131,60,50.204581464244875,2,19.1,563.0,281.5,0,High Demand
Amravati-Tirupati,Rail,173.0,173,173,0.0,1,21.625,1307.0,653.5,0,High Demand
Amravati-Wardha Jn,Rail,158.5,213,104,77.07463914933368,2,76.0,104.0,52.0,0,High Demand
Amritsar Jn-Ajmer Jn,Rail,203.0,223,183,28.284271247461902,2,32.2375,927.5,463.75,0,High Demand
Amritsar Jn-Bandra Terminus,Rail,230.5,306,155,106.77312395916867,2,28.8125,1883.5,941.75,0,High Demand
Amritsar Jn-Bikaner Jn,Rail,209.0,209,209,0.0,1,41.8,763.0,381.5,0,High Demand
Amritsar Jn-Bilaspur Jn,Rail,414.0,414,414,0.0,1,51.74999999999999,2009.0,1004.5,0,High Demand
Amritsar Jn-C Shivaji Maharaj T,Rail,330.0,330,330,0.0,1,41.25,2046.0,1023.0,0,High Demand
Amritsar Jn-Chandigarh,Rail,296.6666666666667,337,275,34.96188400720609,3,100.0,248.0,124.0,0,High Demand
Amritsar Jn-Chhapra,Rail,455.0,455,455,0.0,1,56.875,1315.0,657.5,0,High Demand
Amritsar Jn-Darbhanga Jn,Rail,352.0,352,352,0.0,1,44.0,1487.0,743.5,0,High Demand
Amritsar Jn-Dehradun,Rail,106.0,106,106,0.0,1,21.2,529.0,264.5,0,High Demand
Amritsar Jn-Delhi,Rail,343.5,349,338,7.7781745930520225,2,68.7,447.0,223.5,0,High Demand
Amritsar Jn-Gorakhpur,Rail,412.0,412,412,0.0,1,51.5,1088.0,544.0,0,High Demand
Amritsar Jn-H Sahib Nanded,Rail,380.5,486,275,149.19953083036154,2,47.5625,2007.5,1003.75,0,High Demand
Amritsar Jn-Haridwar Jn,Rail,239.0,239,239,0.0,1,47.8,407.0,203.5,0,High Demand
Amritsar Jn-Hisar,Rail,225.0,312,138,123.03657992645927,2,84.5,346.0,173.0,0,High Demand
Amritsar Jn-Howrah Jn,Rail,232.0,275,189,60.81118318204309,2,29.0,1916.0,958.0,0,High Demand
Amritsar Jn-Indore Jn Bg,Rail,486.0,486,486,0.0,1,60.75000000000001,1337.0,668.5,0,High Demand
Amritsar Jn-Jalandhar City,Rail,198.0,198,198,0.0,1,99.0,78.0,39.0,0,High Demand
Amritsar Jn-Jaynagar,Rail,293.0,323,263,42.42640687119285,2,36.625,1578.0,789.0,0,High Demand
Amritsar Jn-Kanpur Central,Rail,322.5,341,304,26.16295090390226,2,64.5,898.0,449.0,0,High Demand
Amritsar Jn-Katihar Jn,Rail,248.0,248,248,0.0,1,31.0,1805.0,902.5,0,High Demand
Amritsar Jn-Kolkata,Rail,308.0,468,148,226.27416997969522,2,38.5,1862.0,931.0,0,High Demand
Amritsar Jn-Lal Kuan,Rail,236.5,341,132,147.78531726798843,2,47.300000000000004,657.5,328.75,0,High Demand
Amritsar Jn-Nagpur,Rail,281.0,281,281,0.0,1,35.125,1537.0,768.5,0,High Demand
Amritsar Jn-Nangal Dam,Rail,110.0,110,110,0.0,1,55.00000000000001,287.0,143.5,0,High Demand
Amritsar Jn-Narpatganj,Rail,343.0,343,343,0.0,1,42.875,1665.0,832.5,0,High Demand
Amritsar Jn-New Delhi,Rail,302.6,418,198,91.73221898547969,5,60.52,447.4,223.7,0,High Demand
Amritsar Jn-New Jalpaiguri,Rail,225.0,225,225,0.0,1,28.125,1827.0,913.5,0,High Demand
Amritsar Jn-New Tinsukia,Rail,334.0,334,334,0.0,1,41.75,2828.0,1414.0,0,High Demand
Amritsar Jn-Pathankot Jn,Rail,176.0,204,153,23.366642891095847,4,87.5,107.0,53.5,0,High Demand
Amritsar Jn-Purnea Court,Rail,502.0,502,502,0.0,1,62.74999999999999,1619.0,809.5,0,High Demand
Amritsar Jn-Sabarmati Bg,Rail,226.0,226,226,0.0,1,28.249999999999996,1713.0,856.5,0,High Demand
Amritsar Jn-Saharsa Jn,Rail,417.0,532,302,162.63455967290594,2,52.125,1665.0,832.5,0,High Demand
Amritsar Jn-Sealdah,Rail,199.0,199,199,0.0,1,24.875,1894.0,947.0,0,High Demand
Amritsar Jn-Shmata Vd Katra,Rail,111.0,111,111,0.0,1,55.50000000000001,368.0,184.0,0,High Demand
Amritsar Jn-Tatanagar Jn,Rail,131.0,131,131,0.0,1,16.375,1745.0,872.5,0,High Demand
Amritsar Jn-Visakhapatnam,Rail,264.0,264,264,0.0,1,33.0,2570.0,1285.0,0,High Demand
Anakapalle-Charlapalli (Secunderabad,Rail,413.0,413,413,0.0,1,82.6,651.0,325.5,0,High Demand
Anand Jn-Ahmedabad Jn,Rail,140.5,210,71,98.2878425849301,2,67.75,64.0,32.0,0,High Demand
Anand Jn-Bharuch Jn,Rail,48.0,48,48,0.0,1,24.0,105.0,52.5,0,High Demand
Anand Jn-Dakor,Rail,153.5,174,133,28.991378028648448,2,76.75,30.0,30.0,0,High Demand
Anand Jn-Gandhinagar Capital,Rail,121.0,121,121,0.0,1,60.5,97.0,48.5,0,High Demand
Anand Jn-Godhra Jn,Rail,88.4,166,61,44.75823946492981,5,44.2,79.0,39.5,0,High Demand
Anand Jn-Khambhat,Rail,123.25,207,58,53.32849680450943,8,61.1875,52.0,30.0,0,High Demand
Anand Jn-Vadodara Jn,Rail,161.0,185,137,33.94112549695428,2,80.5,34.5,30.0,0,High Demand
Anand Jn-Vatva (Ahmedabad,Rail,138.0,138,138,0.0,1,69.0,56.0,30.0,0,High Demand
Anand Vihar Terminal-Agartala,Rail,393.0,393,393,0.0,1,49.125,2486.0,1243.0,0,High Demand
Anand Vihar Terminal-Ayodhya Cantt,Rail,110.0,110,110,0.0,1,22.0,629.0,314.5,0,High Demand
Anand Vihar Terminal-Ballia,Rail,237.0,237,237,0.0,1,47.4,885.0,442.5,0,High Demand
Anand Vihar Terminal-Banaras,Rail,224.0,224,224,0.0,1,44.800000000000004,782.0,391.0,0,High Demand
Anand Vihar Terminal-Bapudm Motihari,Rail,370.0,412,328,59.39696961966999,2,74.0,973.5,486.75,0,High Demand
Anand Vihar Terminal-Bhagalpur,Rail,277.0,351,203,104.65180361560904,2,34.625,1209.0,604.5,0,High Demand
Anand Vihar Terminal-Bhubaneswar,Rail,334.0,387,281,74.95331880577403,2,41.75,1833.5,916.75,0,High Demand
Anand Vihar Terminal-Chhapra,Rail,371.0,371,371,0.0,1,46.375,1004.0,502.0,0,High Demand
Anand Vihar Terminal-Danapur,Rail,187.0,187,187,0.0,1,37.4,996.0,498.0,0,High Demand
Anand Vihar Terminal-Darbhanga Jn,Rail,233.0,233,233,0.0,1,29.125,1142.0,571.0,0,High Demand
Anand Vihar Terminal-Dehradun,Rail,352.0,352,352,0.0,1,100.0,302.0,151.0,0,High Demand
Anand Vihar Terminal-Gaya Jn,Rail,517.0,517,517,0.0,1,100.0,978.0,489.0,0,High Demand
Anand Vihar Terminal-Ghazipur City,Rail,312.0,344,280,45.254833995939045,2,62.400000000000006,826.0,413.0,0,High Demand
Anand Vihar Terminal-Gorakhpur,Rail,187.5,235,140,67.17514421272202,2,37.5,804.5,402.25,0,High Demand
Anand Vihar Terminal-Haldia,Rail,377.0,377,377,0.0,1,47.125,1576.0,788.0,0,High Demand
Anand Vihar Terminal-Hatia,Rail,325.5,440,211,161.92745289171938,2,40.6875,1317.0,658.5,0,High Demand
Anand Vihar Terminal-Howrah Jn,Rail,281.0,281,281,0.0,1,35.125,1452.0,726.0,0,High Demand
Anand Vihar Terminal-Jaynagar,Rail,444.0,458,430,19.79898987322333,2,55.5,1253.0,626.5,0,High Demand
Anand Vihar Terminal-Jogbani,Rail,171.0,171,171,0.0,1,21.375,1379.0,689.5,0,High Demand
Anand Vihar Terminal-Kamakhya,Rail,334.5,492,177,222.73863607376248,2,41.8125,1880.5,940.25,0,High Demand
Anand Vihar Terminal-Kanpur Central,Rail,269.0,269,269,0.0,1,53.800000000000004,479.0,239.5,0,High Demand
Anand Vihar Terminal-Kotdwara,Rail,352.0,352,352,0.0,1,100.0,283.0,141.5,0,High Demand
Anand Vihar Terminal-Lal Kuan,Rail,97.0,97,97,0.0,1,48.5,262.0,131.0,0,High Demand
Anand Vihar Terminal-Lucknow Ne,Rail,247.0,247,247,0.0,1,49.4,480.0,240.0,0,High Demand
Anand Vihar Terminal-Madhupur Jn,Rail,352.5,471,234,167.58430714121175,2,44.0625,1236.0,618.0,0,High Demand
Anand Vihar Terminal-Malda Town,Rail,468.0,468,468,0.0,1,58.5,1409.0,704.5,0,High Demand
Anand Vihar Terminal-Mau Jn,Rail,301.5,307,296,7.7781745930520225,2,60.3,861.5,430.75,0,High Demand
Anand Vihar Terminal-Muzaffarpur Jn,Rail,286.5,329,244,60.10407640085654,2,35.8125,1060.0,530.0,0,High Demand
Anand Vihar Terminal-Naharlagun,Rail,209.0,209,209,0.0,1,26.125,2108.0,1054.0,0,High Demand
Anand Vihar Terminal-New Jalpaiguri,Rail,336.0,538,134,285.6711395993652,2,42.0,1488.0,744.0,0,High Demand
Anand Vihar Terminal-Patna Jn,Rail,280.0,280,280,0.0,1,56.00000000000001,985.0,492.5,0,High Demand
Anand Vihar Terminal-Prayagraj Jn,Rail,141.0,141,141,0.0,1,28.199999999999996,623.0,311.5,0,High Demand
Anand Vihar Terminal-Puri,Rail,290.0,397,201,99.2320512737694,3,36.25,1823.3333333333333,911.6666666666666,0,High Demand
Anand Vihar Terminal-Purulia Jn,Rail,302.0,302,302,0.0,1,37.75,1403.0,701.5,0,High Demand
Anand Vihar Terminal-Radhikapur,Rail,204.0,204,204,0.0,1,25.5,1420.0,710.0,0,High Demand
Anand Vihar Terminal-Raxaul Jn,Rail,205.5,229,153,35.4071555856534,4,29.887500000000003,1179.5,589.75,0,High Demand
Anand Vihar Terminal-Rewa,Rail,433.0,433,433,0.0,1,86.6,848.0,424.0,0,High Demand
Anand Vihar Terminal-Saharsa Jn,Rail,285.0,435,135,212.13203435596427,2,35.625,1221.0,610.5,0,High Demand
Anand Vihar Terminal-Sairang,Rail,686.0,686,686,0.0,1,85.75,2512.0,1256.0,0,High Demand
Anand Vihar Terminal-Santragachi Jn,Rail,474.0,474,474,0.0,1,59.25,1572.0,786.0,0,High Demand
Anand Vihar Terminal-Sealdah,Rail,414.0,414,414,0.0,1,51.74999999999999,1633.0,816.5,0,High Demand
Anand Vihar Terminal-Sitamarhi,Rail,123.0,123,123,0.0,1,15.375,1195.0,597.5,0,High Demand
Anand Vihar Terminal-Sultanpur Jn,Rail,105.0,105,105,0.0,1,21.0,637.0,318.5,0,High Demand
Anantapur-Bangalore,Bus,29.084745762711865,59,8,12.707977586177932,59,56.25728813559322,342.79152542372884,481.06779661016947,1,Low Demand
Anantapur-Ksr Bengaluru,Rail,157.0,157,157,0.0,1,78.5,234.0,117.0,0,High Demand
Andal Jn-Barddhaman,Rail,208.0,208,208,0.0,1,100.0,80.0,40.0,0,High Demand
Andal Jn-Jasidih Jn,Rail,170.0,170,170,0.0,1,85.0,132.0,66.0,0,High Demand
Andal Jn-Rampur Hat,Rail,100.0,100,100,0.0,1,50.0,107.0,53.5,0,High Demand
Andal Jn-Sainthia Jn,Rail,198.25,213,180,16.78044496827582,4,96.0,79.0,39.5,0,High Demand
Angul-Puri,Rail,76.0,76,76,0.0,1,38.0,197.0,98.5,0,High Demand
Ankleshwar Jn-Rajpipla,Rail,175.0,175,175,0.0,1,87.5,63.0,31.5,0,High Demand
Anupgarh-Suratgarh Jn,Rail,122.125,196,51,56.85931887436872,8,61.0625,77.875,38.9375,0,High Demand
Anuppur Jn-Chirmiri,Rail,104.0,104,104,0.0,1,52.0,86.0,43.0,0,High Demand
Anuppur Jn-Manendragarh,Rail,93.5,142,45,68.58935777509511,2,46.75,64.0,32.0,0,High Demand
Ara-Banaras,Rail,192.0,192,192,0.0,1,96.0,180.0,90.0,0,High Demand
Ara-Bhabua Road,Rail,47.0,47,47,0.0,1,23.5,145.0,72.5,0,High Demand
Ara-Dd Upadhyaya Jn,Rail,204.0,204,204,0.0,1,100.0,198.0,99.0,0,High Demand
Ara-Durg,Rail,333.0,333,333,0.0,1,41.625,1163.0,581.5,0,High Demand
Ara-Jaynagar,Rail,329.0,329,329,0.0,1,100.0,278.0,139.0,0,High Demand
Ara-Kamakhya,Rail,315.0,315,315,0.0,1,39.375,1030.0,515.0,0,High Demand
Ara-Kolkata,Rail,296.5,320,273,33.23401871576773,2,59.3,583.0,291.5,0,High Demand
Ara-New Jalpaiguri,Rail,313.0,313,313,0.0,1,62.6,565.0,282.5,0,High Demand
Ara-Patna Jn,Rail,143.5,154,133,14.849242404917497,2,71.75,49.0,30.0,0,High Demand
Ara-Ranchi,Rail,337.0,337,337,0.0,1,67.4,517.0,258.5,0,High Demand
Ara-Sasaram,Rail,102.0,151,63,40.94712037087183,4,51.0,97.0,48.5,0,High Demand
Arakkonam-Cuddapah,Rail,81.5,97,66,21.920310216782973,2,40.75,194.0,97.0,0,High Demand
Arakkonam-Jolarpettai,Rail,144.0,211,77,94.75230867899737,2,69.25,145.0,72.5,0,High Demand
Arakkonam-Katpadi Jn,Rail,171.0,171,171,0.0,1,85.5,61.0,30.5,0,High Demand
Arakkonam-Mgr Chennai Central Suburban,Rail,107.16666666666667,168,44,49.640373353417345,6,53.583333333333336,70.0,35.0,0,High Demand
Arakkonam-Salem Jn,Rail,205.0,205,205,0.0,1,100.0,270.0,135.0,0,High Demand
Arakkonam-Tiruchanur,Rail,195.0,195,195,0.0,1,97.5,74.0,37.0,0,High Demand
Arakkonam-Tiruttani,Rail,155.0,155,155,0.0,1,77.5,13.0,30.0,0,High Demand
Arakkonam-Vellore Cantt,Rail,135.0,149,121,19.79898987322333,2,67.5,71.0,35.5,0,High Demand
Arsikere Jn-Hubballi Jn,Rail,216.5,328,105,157.6848122046001,2,76.25,304.0,152.0,0,High Demand
Arsikere Jn-Ksr Bengaluru,Rail,103.0,103,103,0.0,1,51.5,167.0,83.5,0,High Demand
Arsikere Jn-Mysore Jn,Rail,151.0,194,108,60.81118318204309,2,75.5,167.0,83.5,0,High Demand
Arvi-Pulgaon Jn,Rail,89.0,89,89,0.0,1,44.5,34.0,30.0,0,High Demand
Asansol Jn-Adra Jn,Rail,134.83333333333334,203,88,46.88461012599621,6,67.16666666666667,41.0,30.0,0,High Demand
Asansol Jn-Ahmedabad Jn,Rail,161.0,161,161,0.0,1,20.125,2326.0,1163.0,0,High Demand
Asansol Jn-Andal Jn,Rail,209.0,209,209,0.0,1,100.0,26.0,30.0,0,High Demand
Asansol Jn-Barabhum,Rail,132.0,132,132,0.0,1,66.0,112.0,56.0,0,High Demand
Asansol Jn-Barddhaman,Rail,137.0,214,70,52.04565303654091,9,67.72222222222223,104.0,52.0,0,High Demand
Asansol Jn-Barka Kana,Rail,122.0,122,122,0.0,1,61.0,188.0,94.0,0,High Demand
Asansol Jn-Bhavnagar Terminus,Rail,204.0,204,204,0.0,1,25.5,2309.0,1154.5,0,High Demand
Asansol Jn-Bokaro Stl City,Rail,173.0,189,157,22.627416997969522,2,86.5,164.5,82.25,0,High Demand
Asansol Jn-C Shivaji Maharaj T,Rail,488.0,488,488,0.0,1,61.0,2042.0,1021.0,0,High Demand
Asansol Jn-Dhanbad Jn,Rail,179.0,210,148,43.840620433565945,2,87.0,58.5,30.0,0,High Demand
Asansol Jn-Digha F S,Rail,238.0,238,238,0.0,1,100.0,372.0,186.0,0,High Demand
Asansol Jn-Durgapur,Rail,92.0,92,92,0.0,1,46.0,42.0,30.0,0,High Demand
Asansol Jn-Gaya Jn,Rail,121.0,121,121,0.0,1,60.5,257.0,128.5,0,High Demand
Asansol Jn-Gomoh Jn,Rail,189.0,213,165,33.94112549695428,2,91.25,87.0,43.5,0,High Demand
Asansol Jn-Gonda Jn,Rail,183.0,183,183,0.0,1,36.6,862.0,431.0,0,High Demand
Asansol Jn-Gorakhpur,Rail,212.0,212,212,0.0,1,42.4,644.0,322.0,0,High Demand
Asansol Jn-Haldia,Rail,186.0,200,172,19.79898987322333,2,93.0,324.0,162.0,0,High Demand
Asansol Jn-Hatia,Rail,180.0,180,180,0.0,1,36.0,435.0,217.5,0,High Demand
Asansol Jn-Howrah Jn,Rail,186.0,186,186,0.0,1,93.0,200.0,100.0,0,High Demand
Asansol Jn-Jasidih Jn,Rail,135.0,212,92,66.83561924602779,3,65.5,111.0,55.5,0,High Demand
Asansol Jn-Jhajha,Rail,57.0,57,57,0.0,1,28.499999999999996,154.0,77.0,0,High Demand
Asansol Jn-Kharagpur Jn,Rail,70.0,70,70,0.0,1,35.0,210.0,105.0,0,High Demand
Asansol Jn-Purulia Jn,Rail,93.0,93,93,0.0,1,46.5,81.0,40.5,0,High Demand
Asansol Jn-Ranchi,Rail,94.0,94,94,0.0,1,47.0,199.0,99.5,0,High Demand
Asansol Jn-Sealdah,Rail,195.0,195,195,0.0,1,97.5,220.0,110.0,0,High Demand
Asansol Jn-Tatanagar Jn,Rail,158.0,158,158,0.0,2,79.0,169.0,84.5,0,High Demand
Asansol Jn-Varanasi Jn,Rail,124.5,138,111,19.091883092036785,2,24.9,479.5,239.75,0,High Demand
Asarva Jn (Ahmedabad-Agra Cantt,Rail,202.0,202,202,0.0,1,40.400000000000006,897.0,448.5,0,High Demand
Asarva Jn (Ahmedabad-Chittaurgarh,Rail,212.0,212,212,0.0,1,42.4,412.0,206.0,0,High Demand
Asarva Jn (Ahmedabad-Himmatnagar,Rail,160.0,160,160,0.0,1,80.0,85.0,42.5,0,High Demand
Asarva Jn (Ahmedabad-Indore Jn Bg,Rail,275.5,324,227,68.58935777509511,2,55.099999999999994,774.0,387.0,0,High Demand
Asarva Jn (Ahmedabad-Jaipur,Rail,275.0,275,275,0.0,1,55.00000000000001,725.0,362.5,0,High Demand
Asarva Jn (Ahmedabad-Kota Jn,Rail,283.0,283,283,0.0,1,56.599999999999994,576.0,288.0,0,High Demand
Asarva Jn (Ahmedabad-Udaipur City,Rail,185.0,232,157,40.95119045888654,3,87.16666666666667,296.0,148.0,0,High Demand
Ashokapuram-Kacheguda,Rail,365.0,365,365,0.0,1,73.0,768.0,384.0,0,High Demand
Ashokapuram-Ksr Bengaluru,Rail,132.0,290,57,109.02293336725077,4,54.75,143.25,71.625,0,High Demand
Ashokapuram-Mgr Chennai Ctr,Rail,222.5,225,220,3.5355339059327378,2,44.5,505.0,252.5,0,High Demand
Atari Jn-Delhi,Rail,167.0,167,167,0.0,1,33.4,472.0,236.0,0,High Demand
Aunrihar Jn-Shahganj Jn,Rail,209.0,209,209,0.0,1,100.0,157.0,78.5,0,High Demand
Avadi-Mgr Chennai Central Suburban,Rail,123.8,220,77,55.84532209594641,5,59.9,21.6,30.0,0,High Demand
Ayodhya Cantt-Anand Vihar Terminal,Rail,348.0,348,348,0.0,1,69.6,629.0,314.5,0,High Demand
Ayodhya Cantt-Bhavnagar Terminus,Rail,376.0,376,376,0.0,1,47.0,1550.0,775.0,0,High Demand
Ayodhya Cantt-Delhi,Rail,256.0,256,256,0.0,1,51.2,615.0,307.5,0,High Demand
Ayodhya Cantt-Lokmanyatilak,Rail,338.6666666666667,397,287,55.30220007679019,3,42.333333333333336,1590.6666666666667,795.3333333333334,0,High Demand
Ayodhya Cantt-Lucknow,Rail,55.0,55,55,0.0,1,27.500000000000004,127.0,63.5,0,High Demand
Ayodhya Cantt-Mankapur Jn,Rail,140.0,160,120,28.284271247461902,2,70.0,46.0,30.0,0,High Demand
Ayodhya Cantt-Prayagrajsangam,Rail,166.0,166,166,0.0,1,83.0,153.0,76.5,0,High Demand
Ayodhya Cantt-Rameswaram,Rail,345.0,393,297,67.88225099390856,2,43.125,2921.0,1460.5,0,High Demand
Ayodhya Dham Jn-Bhatni Jn,Rail,199.0,199,199,0.0,1,99.5,235.0,117.5,0,High Demand
Ayodhya Dham Jn-Gorakhpur,Rail,120.0,120,120,0.0,1,60.0,164.0,82.0,0,High Demand
Ayodhya Dham Jn-Mankapur Jn,Rail,151.66666666666666,201,118,43.66157731156002,3,75.66666666666667,38.0,30.0,0,High Demand
Azamgarh-Delhi,Rail,245.0,245,245,0.0,1,49.0,803.0,401.5,0,High Demand
Azamgarh-Kolkata,Rail,160.0,160,160,0.0,1,32.0,787.0,393.5,0,High Demand
Azamgarh-Lokmanyatilak,Rail,311.0,311,311,0.0,1,38.875,1551.0,775.5,0,High Demand
Azamgarh-Varanasi City,Rail,143.0,143,143,0.0,1,71.5,132.0,66.0,0,High Demand
Azimganj-Barharwa Jn,Rail,125.0,191,59,93.33809511662427,2,62.5,89.0,44.5,0,High Demand
Azimganj-Bhagalpur,Rail,180.0,180,180,0.0,1,90.0,221.0,110.5,0,High Demand
Azimganj-Cossimbazar,Rail,110.66666666666667,156,82,39.71565602295061,3,55.333333333333336,13.0,30.0,0,High Demand
Azimganj-Howrah Jn,Rail,183.0,292,86,103.52294431670691,3,76.16666666666667,257.6666666666667,128.83333333333334,0,High Demand
Azimganj-Katwa Jn,Rail,119.77777777777777,209,68,47.404582525790104,9,59.388888888888886,73.0,36.5,0,High Demand
Azimganj-Krishngr Cty Jn,Rail,131.0,131,131,0.0,1,65.5,104.0,52.0,0,High Demand
Azimganj-Malda Town,Rail,159.0,159,159,0.0,1,79.5,117.0,58.5,0,High Demand
Azimganj-Nalhati Jn,Rail,87.0,87,87,0.0,1,43.5,45.0,30.0,0,High Demand
Azimganj-Nimtita,Rail,122.0,122,122,0.0,1,61.0,55.0,30.0,0,High Demand
Azimganj-Rampur Hat,Rail,127.25,180,86,35.28961806051665,8,63.625,59.0,30.0,0,High Demand
Azimganj-Sahibganj  Jn,Rail,155.0,210,100,77.78174593052023,2,75.0,144.0,72.0,0,High Demand
Badampahar-Rourkela,Rail,188.0,188,188,0.0,1,94.0,253.0,126.5,0,High Demand
Badampahar-Shalimar,Rail,322.0,322,322,0.0,1,100.0,337.0,168.5,0,High Demand
Badampahar-Tatanagar Jn,Rail,145.0,209,75,60.03887629417015,4,71.375,94.0,47.0,0,High Demand
Badarpur Jn-Dullabcherra,Rail,147.0,147,147,0.0,1,73.5,73.0,36.5,0,High Demand
Badarpur Jn-Guwahati,Rail,241.0,241,241,0.0,1,100.0,341.0,170.5,0,High Demand
Badnera Jn-Amravati,Rail,136.6,204,47,52.873433782950016,10,68.1,9.0,30.0,0,High Demand
Badnera Jn-Bhusaval Jn,Rail,171.0,171,171,0.0,1,85.5,219.0,109.5,0,High Demand
Badnera Jn-Narkher,Rail,75.0,88,62,18.384776310850235,2,37.5,138.0,69.0,0,High Demand
Bagaha-Patliputra,Rail,236.0,236,236,0.0,1,100.0,275.0,137.5,0,High Demand
Bagalkot-Mysore Jn,Rail,320.0,320,320,0.0,1,40.0,1015.0,507.5,0,High Demand
Bahraich-Mailani,Rail,108.0,140,57,44.64302857109943,3,54.0,202.33333333333334,101.16666666666667,0,High Demand
Bahraich-Nanpara Jn,Rail,137.0,137,137,0.0,1,68.5,35.0,30.0,0,High Demand
Bahraich-Nepalganj Road,Rail,68.0,68,68,0.0,1,34.0,54.0,30.0,0,High Demand
Bahraich-Tikunia,Rail,53.0,53,53,0.0,1,26.5,127.0,63.5,0,High Demand
Bahraich-Varanasi Jn,Rail,145.0,145,145,0.0,1,72.5,316.0,158.0,0,High Demand
Baidyanathdham-Asansol Jn,Rail,130.5,201,60,99.7020561473032,2,65.0,117.0,58.5,0,High Demand
Baidyanathdham-Jasidih Jn,Rail,150.75,194,53,60.42646061831805,8,75.375,6.0,30.0,0,High Demand
Baijnath Paprola-Joginder Nagar,Rail,127.0,162,92,49.49747468305833,2,63.5,29.0,30.0,0,High Demand
Baijnath Paprola-Nurpur Road,Rail,124.33333333333333,217,56,83.21257917726943,3,59.333333333333336,158.0,79.0,0,High Demand
Baijnath Paprola-Pathankot Jn,Rail,133.5,188,79,77.07463914933368,2,66.75,162.5,81.25,0,High Demand
Bakhtiyarpur Jn-Gaya Jn,Rail,177.0,194,160,24.041630560342615,2,88.5,137.5,68.75,0,High Demand
Bakhtiyarpur Jn-Rajgir,Rail,128.5,209,47,84.29116205154607,4,63.125,50.5,30.0,0,High Demand
Balaghat Jn-Nsc Bose Itwari,Rail,116.0,116,116,0.0,1,57.99999999999999,185.0,92.5,0,High Demand
Balamau Jn-Kanpur Central,Rail,211.0,211,211,0.0,1,100.0,117.0,58.5,0,High Demand
Balamau Jn-Lucknow,Rail,70.0,70,70,0.0,1,35.0,69.0,34.5,0,High Demand
Balamau Jn-Shahjehanpur,Rail,163.0,163,163,0.0,1,81.5,96.0,48.0,0,High Demand
Balamau Jn-Sitapur Jn,Rail,100.0,100,100,0.0,1,50.0,64.0,32.0,0,High Demand
Balangir-Purunakatak,Rail,156.5,162,151,7.7781745930520225,2,78.25,120.0,60.0,0,High Demand
Balangir-Sonepur,Rail,71.0,71,71,0.0,1,35.5,47.0,30.0,0,High Demand
Balasore-Baripada Ph,Rail,169.0,169,169,0.0,1,84.5,69.0,34.5,0,High Demand
Balasore-Bhadrakh,Rail,82.0,82,82,0.0,1,41.0,59.0,30.0,0,High Demand
Balasore-Bhubaneswar,Rail,205.0,205,205,0.0,1,100.0,202.0,101.0,0,High Demand
Balasore-Gopinathpur Nilgiri,Rail,117.66666666666667,198,51,74.44684904905871,3,58.833333333333336,16.0,30.0,0,High Demand
Balasore-Kharagpur Jn,Rail,103.0,103,103,0.0,1,51.5,121.0,60.5,0,High Demand
Balgona-Katwa,Rail,130.75,185,47,58.857879676386574,4,65.375,27.0,30.0,0,High Demand
Balharshah-Bhadrachalam Road,Rail,177.0,177,177,0.0,1,88.5,382.0,191.0,0,High Demand
Balharshah-C Shivaji Maharaj T,Rail,209.0,209,209,0.0,1,26.125,1024.0,512.0,0,High Demand
Balharshah-Gondia Jn,Rail,196.5,295,96,81.4227650394327,4,85.875,250.0,125.0,0,High Demand
Balharshah-Kazipet Jn,Rail,151.0,194,108,60.81118318204309,2,75.5,240.0,120.0,0,High Demand
Balharshah-Lokmanyatilak,Rail,351.0,351,351,0.0,1,70.19999999999999,875.0,437.5,0,High Demand
Balharshah-Wardha Jn,Rail,80.0,108,52,39.59797974644666,2,40.0,132.5,66.25,0,High Demand
Ballabgarh-Shakurbasti ( Delhi,Rail,206.0,206,206,0.0,1,100.0,47.0,30.0,0,High Demand
Ballia-Anand Vihar Terminal,Rail,447.0,447,447,0.0,1,89.4,885.0,442.5,0,High Demand
Ballia-Lokmanyatilak,Rail,371.0,371,371,0.0,1,46.375,1780.0,890.0,0,High Demand
Ballia-New Delhi,Rail,295.0,295,295,0.0,1,59.0,898.0,449.0,0,High Demand
Ballia-Patliputra,Rail,194.0,194,194,0.0,1,97.0,129.0,64.5,0,High Demand
Ballia-Prayagrajrambag,Rail,105.0,105,105,0.0,1,52.5,262.0,131.0,0,High Demand
Ballia-Sealdah,Rail,335.0,335,335,0.0,1,67.0,679.0,339.5,0,High Demand
Ballia-Shahganj Jn,Rail,163.5,212,115,68.58935777509511,2,78.75,169.0,84.5,0,High Demand
Balrampur-Gwalior Jn,Rail,214.0,222,206,11.313708498984761,2,42.8,952.0,476.0,0,High Demand
Balurghat-Bhatinda Jn,Rail,378.25,487,169,149.49554062468442,4,47.28125,1846.5,923.25,0,High Demand
Balurghat-Haldibari,Rail,300.0,300,300,0.0,1,100.0,384.0,192.0,0,High Demand
Balurghat-Howrah Jn,Rail,166.0,166,166,0.0,1,33.2,438.0,219.0,0,High Demand
Balurghat-Kolkata,Rail,180.0,180,180,0.0,1,36.0,437.0,218.5,0,High Demand
Balurghat-Malda Court,Rail,90.0,90,90,0.0,1,45.0,106.0,53.0,0,High Demand
Balurghat-Malda Town,Rail,91.0,91,91,0.0,1,45.5,106.0,53.0,0,High Demand
Balurghat-Nabadwip Dham,Rail,105.0,105,105,0.0,1,52.5,333.0,166.5,0,High Demand
Balurghat-Sealdah,Rail,342.5,364,321,30.405591591021544,2,68.5,449.5,224.75,0,High Demand
Balurghat-Smvt Bengaluru,Rail,416.0,416,416,0.0,1,52.0,2420.0,1210.0,0,High Demand
Bamanhat-Alipur Duar Jn,Rail,151.0,151,151,0.0,1,75.5,72.0,36.0,0,High Demand
Bamanhat-Haldibari,Rail,308.0,308,308,0.0,1,100.0,297.0,148.5,0,High Demand
Bamanhat-Sealdah,Rail,175.0,175,175,0.0,1,35.0,743.0,371.5,0,High Demand
Bamanhat-Siliguri Jn,Rail,119.0,119,119,0.0,1,59.5,233.0,116.5,0,High Demand
Banaras-Agra Cantt,Rail,309.0,309,309,0.0,1,61.8,577.0,288.5,0,High Demand
Banaras-Anand Vihar Terminal,Rail,483.0,483,483,0.0,1,96.6,782.0,391.0,0,High Demand
Banaras-Ara,Rail,192.0,192,192,0.0,1,96.0,180.0,90.0,0,High Demand
Banaras-Bhatni Jn,Rail,47.0,47,47,0.0,1,23.5,164.0,82.0,0,High Demand
Banaras-C Shivaji Maharaj T,Rail,286.0,286,286,0.0,1,35.75,1519.0,759.5,0,High Demand
Banaras-Dehradun,Rail,126.0,126,126,0.0,1,25.2,849.0,424.5,0,High Demand
Banaras-Gandhinagar Capital,Rail,287.0,287,287,0.0,1,35.875,1498.0,749.0,0,High Demand
Banaras-Gorakhpur,Rail,232.0,232,232,0.0,1,100.0,235.0,117.5,0,High Demand
Banaras-Gwalior Jn,Rail,212.0,212,212,0.0,1,42.4,625.0,312.5,0,High Demand
Banaras-Hubballi Jn,Rail,303.0,303,303,0.0,1,37.875,2037.0,1018.5,0,High Demand
Banaras-Jabalpur,Rail,233.0,233,233,0.0,1,46.6,488.0,244.0,0,High Demand
Banaras-Jhusi,Rail,247.0,247,247,0.0,1,100.0,111.0,55.5,0,High Demand
Banaras-Kanniyakumari,Rail,353.0,353,353,0.0,1,44.125,2768.0,1384.0,0,High Demand
Banaras-Khajuraho,Rail,347.5,390,305,60.10407640085654,2,69.5,462.5,231.25,0,High Demand
Banaras-Lokmanyatilak,Rail,506.0,506,506,0.0,1,63.24999999999999,1499.0,749.5,0,High Demand
Banaras-Lucknow,Rail,201.5,296,107,133.64318164425748,2,76.75,305.0,152.5,0,High Demand
Banaras-Maa Belha Devi Dham Pratapgarh Jn,Rail,66.0,66,66,0.0,1,33.0,130.0,65.0,0,High Demand
Banaras-New Delhi,Rail,206.33333333333334,247,168,39.55165398985652,3,41.266666666666666,769.3333333333334,384.6666666666667,0,High Demand
Banaras-Okha,Rail,394.0,394,394,0.0,1,49.25,2031.0,1015.5,0,High Demand
Banaras-Patna Jn,Rail,334.0,334,334,0.0,1,100.0,233.0,116.5,0,High Demand
Banaras-Prayagrajrambag,Rail,165.0,184,146,26.870057685088806,2,82.5,118.0,59.0,0,High Demand
Banaras-Pune Jn,Rail,307.0,307,307,0.0,1,38.375,1532.0,766.0,0,High Demand
Banaras-Rajgir,Rail,266.0,266,266,0.0,1,53.2,414.0,207.0,0,High Demand
Banaras-Rameswaram,Rail,131.0,131,131,0.0,1,16.375,2790.0,1395.0,0,High Demand
Banaras-Ranchi,Rail,383.0,383,383,0.0,1,76.6,575.0,287.5,0,High Demand
Banaras-Sealdah,Rail,206.0,206,206,0.0,1,41.199999999999996,770.0,385.0,0,High Demand
Banaras-Udhna Jn (Surat,Rail,316.5,351,282,48.79036790187178,2,39.5625,1473.5,736.75,0,High Demand
Banaras-Veraval,Rail,251.0,251,251,0.0,1,31.374999999999996,1977.0,988.5,0,High Demand
Banaras-Visakhapatnam,Rail,261.0,261,261,0.0,1,32.625,1405.0,702.5,0,High Demand
Banaswadi-Ernakulam Jn,Rail,372.0,372,372,0.0,1,74.4,618.0,309.0,0,High Demand
Banaswadi-Kuppam,Rail,166.0,166,166,0.0,1,83.0,98.0,49.0,0,High Demand
Banaswadi-Tumkur,Rail,107.0,134,80,38.18376618407357,2,53.5,77.0,38.5,0,High Demand
Banda Jn-Jhansi Jn,Rail,134.0,134,134,0.0,1,67.0,192.0,96.0,0,High Demand
Banda Jn-Virangana Lakshmibai(Jhanshi,Rail,136.0,136,136,0.0,1,68.0,192.0,96.0,0,High Demand
Bandikui Jn-Bareilly,Rail,79.5,104,55,34.64823227814083,2,15.9,415.0,207.5,0,High Demand
Bandikui Jn-Idgah (Agra,Rail,139.5,183,96,61.518289963229634,2,69.75,148.0,74.0,0,High Demand
Bandra Terminus-Ahmedabad Jn,Rail,278.0,278,278,0.0,1,55.60000000000001,481.0,240.5,0,High Demand
Bandra Terminus-Amritsar Jn,Rail,496.0,518,474,31.11269837220809,2,62.0,1889.0,944.5,0,High Demand
Bandra Terminus-Barauni Jn,Rail,465.0,465,465,0.0,1,58.12500000000001,2256.0,1128.0,0,High Demand
Bandra Terminus-Barmer,Rail,278.5,395,162,164.75588001646557,2,55.7,994.0,497.0,0,High Demand
Bandra Terminus-Bhagat Ki Kothi (Jodhpur,Rail,276.0,436,163,127.61661333854617,4,55.2,933.5,466.75,0,High Demand
Bandra Terminus-Bhavnagar Terminus,Rail,380.0,419,341,55.154328932550705,2,76.0,778.0,389.0,0,High Demand
Bandra Terminus-Bhuj,Rail,343.0,440,187,136.4294689574067,3,68.60000000000001,883.3333333333334,441.6666666666667,0,High Demand
Bandra Terminus-Bikaner Jn,Rail,212.0,212,212,0.0,1,26.5,1212.0,606.0,0,High Demand
Bandra Terminus-Delhi S Rohilla,Rail,396.0,396,396,0.0,1,49.5,1345.0,672.5,0,High Demand
Bandra Terminus-Gandhidham Jn,Rail,145.0,145,145,0.0,1,28.999999999999996,859.0,429.5,0,High Demand
Bandra Terminus-Ghazipur City,Rail,500.0,555,445,77.78174593052023,2,62.5,1924.0,962.0,0,High Demand
Bandra Terminus-Gorakhpur,Rail,338.0,506,170,237.58787847867995,2,42.25,2000.0,1000.0,0,High Demand
Bandra Terminus-Haridwar Jn,Rail,442.0,454,430,16.97056274847714,2,55.25,1616.0,808.0,0,High Demand
Bandra Terminus-Hisar,Rail,316.0,316,316,0.0,1,39.5,1408.0,704.0,0,High Demand
Bandra Terminus-Jaipur,Rail,338.5,517,160,252.43712088359746,2,42.3125,1148.0,574.0,0,High Demand
Bandra Terminus-Jaisalmer,Rail,432.0,432,432,0.0,1,54.0,1236.0,618.0,0,High Demand
Bandra Terminus-Jammu Tawi,Rail,256.0,256,256,0.0,1,32.0,1882.0,941.0,0,High Demand
Bandra Terminus-Jamnagar,Rail,343.5,393,294,70.0035713374682,2,68.7,812.0,406.0,0,High Demand
Bandra Terminus-Jhansi Jn,Rail,148.0,148,148,0.0,1,18.5,1318.0,659.0,0,High Demand
Bandra Terminus-Kanpur Central,Rail,467.0,467,467,0.0,1,58.375,1613.0,806.5,0,High Demand
Bandra Terminus-Lucknow Ne,Rail,419.0,419,419,0.0,1,52.37500000000001,1687.0,843.5,0,High Demand
Bandra Terminus-Madgaon,Rail,187.0,187,187,0.0,1,37.4,801.0,400.5,0,High Demand
Bandra Terminus-Mahuva Jn,Rail,284.0,355,213,100.40916292848975,2,56.8,881.0,440.5,0,High Demand
Bandra Terminus-Muzaffarpur Jn,Rail,395.0,395,395,0.0,1,49.375,2155.0,1077.5,0,High Demand
Bandra Terminus-Patna Jn,Rail,249.0,307,191,82.02438661763951,2,31.125,1844.0,922.0,0,High Demand
Bandra Terminus-Ramnagar,Rail,378.0,495,261,165.46298679765212,2,47.25,1639.5,819.75,0,High Demand
Bandra Terminus-Shri Ganganagar,Rail,469.0,509,429,56.568542494923804,2,58.625,1611.5,805.75,0,High Demand
Bandra Terminus-Surat,Rail,323.0,323,323,0.0,1,100.0,252.0,126.0,0,High Demand
Bandra Terminus-Vatva (Ahmedabad,Rail,137.0,137,137,0.0,1,27.400000000000002,483.0,241.5,0,High Demand
Bandra Terminus-Veraval,Rail,444.0,444,444,0.0,1,88.8,912.0,456.0,0,High Demand
Bangalore Cant-Coimbatore Jn,Rail,310.0,310,310,0.0,1,100.0,376.0,188.0,0,High Demand
Bangalore Cant-Kolar,Rail,192.0,192,192,0.0,1,96.0,83.0,41.5,0,High Demand
Bangalore Cant-Madurai Jn,Rail,220.0,220,220,0.0,1,44.0,586.0,293.0,0,High Demand
Bangalore Cant-Vijayawada Jn,Rail,85.0,85,85,0.0,1,17.0,749.0,374.5,0,High Demand
Bangalore-Ahmedabad,Air,78.23255813953489,194,16,40.86320804674468,43,54.223255813953486,4397.267441860465,9341.372093023256,1,Low Demand
Bangalore-Bhubaneswar,Air,76.0909090909091,148,25,35.61808146535586,33,53.13164983164983,4362.045454545455,9879.757575757576,1,Low Demand
Bangalore-Chennai,Air,77.2,168,21,37.516898153483105,35,53.80571428571429,4247.571428571428,9348.085714285715,1,Low Demand
Bangalore-Cochin,Air,79.91666666666667,147,12,40.06450156577873,36,52.170910493827165,3973.75,8609.138888888889,1,Low Demand
Bangalore-Delhi,Air,76.05,216,15,46.76671509765938,40,50.733125,3914.25,10480.075,1,Low Demand
Bangalore-Goa,Air,81.66666666666667,185,20,44.84404649167073,30,52.50046296296296,4454.0,8972.233333333334,1,Low Demand
Bangalore-Guwahati,Air,73.16216216216216,153,22,36.69658893738817,37,56.518543543543544,3890.472972972973,9681.864864864865,1,Low Demand
Bangalore-Hyderabad,Air,74.56862745098039,199,14,42.89300870862793,51,54.339433551198255,3902.5,10054.803921568628,1,Low Demand
Bangalore-Indore,Air,81.53333333333333,164,18,45.28586087734558,30,52.524537037037035,4301.0,9719.466666666667,1,Low Demand
Bangalore-Jaipur,Air,92.62857142857143,275,37,53.96953700347769,35,60.586904761904755,4586.357142857143,10030.257142857143,1,Low Demand
Bangalore-Kolkata,Air,83.55319148936171,245,18,51.99364865502839,47,54.52423167848699,3966.063829787234,9329.08510638298,1,Low Demand
Bangalore-Lucknow,Air,84.95,222,21,48.801507963250266,40,51.40763888888889,3974.8125,9451.35,1,Low Demand
Bangalore-Mumbai,Air,88.89795918367346,253,13,45.18030770237884,49,59.13764172335601,4584.7959183673465,9166.755102040815,1,Low Demand
Bangalore-Nagpur,Air,74.38888888888889,158,17,38.842743597211694,36,49.33935185185185,4880.416666666667,10093.111111111111,1,Low Demand
Bangalore-Patna,Air,76.95121951219512,226,12,48.41329942253069,41,54.60867208672087,4061.3414634146343,10190.634146341463,1,Low Demand
Bangalore-Pune,Air,79.21739130434783,173,20,37.31065563823007,46,61.09057971014492,4177.010869565217,8987.717391304348,1,Low Demand
Bangalore-Raipur,Air,86.0909090909091,229,15,57.17263530110124,33,60.417340067340064,2770.2272727272725,8461.727272727272,1,Low Demand
Bangalore-Surat,Air,88.0,193,23,45.91814663590193,43,59.58036175710595,3916.9186046511627,8833.837209302326,1,Low Demand
Bangalore-Varanasi,Air,88.78,170,18,38.64188802587267,50,59.224944444444446,4442.1,8749.32,1,Low Demand
Bangarapet-Kolar,Rail,173.5,207,140,47.37615433949868,2,85.0,17.0,30.0,0,High Demand
Bangarapet-Ksr Bengaluru,Rail,50.0,57,43,9.899494936611665,2,25.0,70.0,35.0,0,High Demand
Bangarapet-Kuppam,Rail,67.0,67,67,0.0,1,33.5,31.0,30.0,0,High Demand
Bangarapet-Marikuppam,Rail,117.33333333333333,163,43,64.93329911018948,3,58.666666666666664,16.0,30.0,0,High Demand
Bangarapet-Whitefield,Rail,118.0,118,118,0.0,1,59.0,47.0,30.0,0,High Demand
Bangriposi-Baripada Ph,Rail,172.0,180,164,11.313708498984761,2,86.0,37.0,30.0,0,High Demand
Bangriposi-Puri,Rail,319.0,392,246,103.23759005323593,2,100.0,375.0,187.5,0,High Demand
Banka-Jasidih Jn,Rail,194.0,194,194,0.0,1,97.0,61.0,30.5,0,High Demand
Banka-Rajendranagar T,Rail,191.0,191,191,0.0,1,95.5,273.0,136.5,0,High Demand
Bankura-Adra Jn,Rail,107.0,107,107,0.0,1,53.5,53.0,30.0,0,High Demand
Bankura-Jayrambati,Rail,145.0,145,145,0.0,1,72.5,69.0,34.5,0,High Demand
Bankura-Massagram,Rail,127.0,199,61,72.64066813202275,4,63.5,118.0,59.0,0,High Demand
Bankura-Mustapha Chak,Rail,149.0,183,115,48.08326112068523,2,74.5,115.0,57.5,0,High Demand
Bankura-Sonamukhi,Rail,208.0,208,208,0.0,1,100.0,41.0,30.0,0,High Demand
Bapudm Motihari-Anand Vihar Terminal,Rail,174.5,209,140,48.79036790187178,2,34.9,973.5,486.75,0,High Demand
Bapudm Motihari-Patliputra,Rail,119.0,119,119,0.0,1,59.5,154.0,77.0,0,High Demand
Barabanki Jn-Aishbagh (Lucknow,Rail,179.0,179,179,0.0,1,89.5,33.0,30.0,0,High Demand
Barabanki Jn-Kanpur Central,Rail,182.0,182,182,0.0,1,91.0,102.0,51.0,0,High Demand
Barabanki Jn-Lucknow,Rail,160.5,170,151,13.435028842544403,2,80.25,28.0,30.0,0,High Demand
Barabanki Jn-Lucknow Ne,Rail,176.0,176,176,0.0,1,88.0,36.0,30.0,0,High Demand
Barabhum-Adra Jn,Rail,98.0,98,98,0.0,1,49.0,71.0,35.5,0,High Demand
Barabhum-Asansol Jn,Rail,57.0,57,57,0.0,1,28.499999999999996,112.0,56.0,0,High Demand
Barabil-Howrah Jn,Rail,198.0,198,198,0.0,1,99.0,398.0,199.0,0,High Demand
Barabil-Puri,Rail,258.0,258,258,0.0,1,51.6,401.0,200.5,0,High Demand
Barabil-Tatanagar Jn,Rail,173.0,215,131,59.39696961966999,2,82.75,150.0,75.0,0,High Demand
Baramati-Daund Jn,Rail,171.0,181,161,14.142135623730951,2,85.5,43.5,30.0,0,High Demand
Baramati-Pune Jn,Rail,206.0,206,206,0.0,1,100.0,119.0,59.5,0,High Demand
Baramulla-Sangaldan,Rail,207.0,207,207,0.0,1,100.0,183.0,91.5,0,High Demand
Barapalasi-Jasidih Jn,Rail,157.0,157,157,0.0,1,78.5,86.0,43.0,0,High Demand
Barauni Jn-Ambala Cant Jn,Rail,152.0,152,152,0.0,1,19.0,1304.0,652.0,0,High Demand
Barauni Jn-Bandra Terminus,Rail,326.0,326,326,0.0,1,40.75,2256.0,1128.0,0,High Demand
Barauni Jn-Danapur,Rail,159.0,159,159,0.0,1,79.5,117.0,58.5,0,High Demand
Barauni Jn-Ernakulam Jn,Rail,251.0,251,251,0.0,1,31.374999999999996,3438.0,1719.0,0,High Demand
Barauni Jn-Gondia Jn,Rail,298.0,298,298,0.0,1,37.25,1525.0,762.5,0,High Demand
Barauni Jn-Gwalior Jn,Rail,412.0,412,412,0.0,1,51.5,1058.0,529.0,0,High Demand
Barauni Jn-Hajipur Jn,Rail,129.0,129,129,0.0,1,64.5,88.0,44.0,0,High Demand
Barauni Jn-Jammu Tawi,Rail,174.5,183,166,12.020815280171307,2,21.8125,1612.5,806.25,0,High Demand
Barauni Jn-Katihar Jn,Rail,73.0,73,73,0.0,1,36.5,179.0,89.5,0,High Demand
Barauni Jn-Lucknow Ne,Rail,135.0,135,135,0.0,1,27.0,674.0,337.0,0,High Demand
Barauni Jn-Patliputra,Rail,50.0,50,50,0.0,1,25.0,108.0,54.0,0,High Demand
Barauni Jn-Patna Jn,Rail,128.5,178,79,70.0035713374682,2,64.25,121.0,60.5,0,High Demand
Barauni Jn-Saharsa Jn,Rail,339.0,339,339,0.0,1,100.0,109.0,54.5,0,High Demand
Barauni Jn-Samastipur Jn,Rail,142.0,142,142,0.0,1,71.0,51.0,30.0,0,High Demand
Barauni Jn-Sonpur Jn,Rail,43.0,43,43,0.0,1,21.5,93.0,46.5,0,High Demand
Barddhaman-Asansol Jn,Rail,151.2,207,76,51.22022170111245,10,75.25,104.1,52.05,0,High Demand
Barddhaman-Bokaro Stl City,Rail,169.0,169,169,0.0,1,84.5,298.0,149.0,0,High Demand
Barddhaman-Hatia,Rail,98.0,120,76,31.11269837220809,2,49.0,346.0,173.0,0,High Demand
Barddhaman-Howrah Jn,Rail,61.0,61,61,0.0,1,30.5,107.0,53.5,0,High Demand
Barddhaman-Jhajha,Rail,75.0,75,75,0.0,1,37.5,259.0,129.5,0,High Demand
Barddhaman-Malda Town,Rail,148.0,148,148,0.0,1,74.0,233.0,116.5,0,High Demand
Barddhaman-Rampur Hat,Rail,183.5,275,74,66.59954954802622,6,84.33333333333333,112.0,56.0,0,High Demand
Barddhaman-Sahibganj  Jn,Rail,216.0,216,216,0.0,1,100.0,249.0,124.5,0,High Demand
Barddhaman-Tinpahar Jn,Rail,69.0,69,69,0.0,1,34.5,212.0,106.0,0,High Demand
Bareilly City-Kasganj,Rail,124.0,205,43,114.5512985522207,2,60.75,107.0,53.5,0,High Demand
Bareilly City-Lal Kuan,Rail,166.0,166,166,0.0,1,83.0,82.0,41.0,0,High Demand
Bareilly City-Pilibhit Jn,Rail,131.6,187,65,52.828022866656674,5,65.8,56.0,30.0,0,High Demand
Bareilly City-Ramnagar,Rail,65.0,65,65,0.0,1,32.5,167.0,83.5,0,High Demand
Bareilly-Aligarh Jn,Rail,191.0,192,190,1.4142135623730951,2,95.5,165.0,82.5,0,High Demand
Bareilly-Bandikui Jn,Rail,147.5,231,64,118.08683245815344,2,29.5,415.0,207.5,0,High Demand
Bareilly-Bhuj,Rail,360.0,360,360,0.0,1,45.0,1410.0,705.0,0,High Demand
Bareilly-Delhi,Rail,215.5,340,91,176.06958851545033,2,72.75,272.5,136.25,0,High Demand
Bareilly-Farrukhabad Jn,Rail,188.0,188,188,0.0,1,94.0,389.0,194.5,0,High Demand
Bareilly-Indore Jn Bg,Rail,197.0,197,197,0.0,1,24.625,1033.0,516.5,0,High Demand
Bareilly-Kasganj,Rail,63.0,63,63,0.0,1,31.5,103.0,51.5,0,High Demand
Bareilly-Lokmanyatilak,Rail,225.0,225,225,0.0,1,28.125,1599.0,799.5,0,High Demand
Bareilly-Moradabad,Rail,132.5,155,110,31.81980515339464,2,66.25,110.0,55.0,0,High Demand
Bareilly-Prayagrajsangam,Rail,216.5,304,129,123.74368670764582,2,43.3,432.0,216.0,0,High Demand
Bareilly-Roza Jn,Rail,131.0,131,131,0.0,1,65.5,78.0,39.0,0,High Demand
Bareilly-Varanasi Jn,Rail,276.0,276,276,0.0,1,55.2,559.0,279.5,0,High Demand
Bargawan-Katni,Rail,129.0,129,129,0.0,1,64.5,241.0,120.5,0,High Demand
Barhaj Bazar-Bhatni Jn,Rail,77.5,107,48,41.71930009000631,2,38.75,31.0,30.0,0,High Demand
Barhaj Bazar-Salempur Jn,Rail,60.333333333333336,90,43,25.813433195399124,3,30.166666666666668,20.0,30.0,0,High Demand
Barharwa Jn-Azimganj,Rail,128.5,194,63,92.63098833543772,2,64.25,92.0,46.0,0,High Demand
Barharwa Jn-Rampur Hat,Rail,153.66666666666666,179,112,36.363901514184825,3,76.83333333333333,83.0,41.5,0,High Demand
Barharwa Jn-Sahibganj  Jn,Rail,76.0,76,76,0.0,1,38.0,55.0,30.0,0,High Demand
Barhni-Gorakhpur,Rail,218.0,218,218,0.0,1,100.0,113.0,56.5,0,High Demand
Barhni-Nakaha Jungle,Rail,136.0,136,136,0.0,1,68.0,107.0,53.5,0,High Demand
Barhni-Narkatiaganj Jn,Rail,53.0,53,53,0.0,1,26.5,264.0,132.0,0,High Demand
Bari Sadri-Mavli Jn,Rail,62.0,62,62,0.0,1,31.0,82.0,41.0,0,High Demand
Bari Sadri-Udaipur City,Rail,111.5,136,87,34.64823227814083,2,55.75,124.0,62.0,0,High Demand
Bari-Sirmuttra,Rail,47.0,47,47,0.0,1,23.5,39.0,30.0,0,High Demand
Baripada Ph-Balasore,Rail,114.0,114,114,0.0,1,56.99999999999999,69.0,34.5,0,High Demand
Baripada Ph-Bangriposi,Rail,101.5,143,60,58.68986283848344,2,50.75,37.0,30.0,0,High Demand
Baripada Ph-Rupsa Jn,Rail,105.0,105,105,0.0,1,52.5,52.0,30.0,0,High Demand
Barka Kana-Adra Jn,Rail,219.0,219,219,0.0,1,100.0,158.0,79.0,0,High Demand
Barka Kana-Asansol Jn,Rail,118.0,118,118,0.0,1,59.0,188.0,94.0,0,High Demand
Barka Kana-Dehri On Son,Rail,81.0,81,81,0.0,1,40.5,317.0,158.5,0,High Demand
Barka Kana-Islampur,Rail,334.0,334,334,0.0,1,66.8,427.0,213.5,0,High Demand
Barka Kana-Koderma,Rail,193.0,209,177,22.627416997969522,2,94.25,136.0,68.0,0,High Demand
Barka Kana-Patna Jn,Rail,288.0,288,288,0.0,1,57.599999999999994,494.0,247.0,0,High Demand
Barka Kana-Sidhwar,Rail,171.0,171,171,0.0,1,85.5,6.0,30.0,0,High Demand
Barka Kana-Tatanagar Jn,Rail,137.5,212,63,105.35891039679558,2,65.75,162.0,81.0,0,High Demand
Barka Kana-Varanasi Jn,Rail,229.0,229,229,0.0,1,45.800000000000004,454.0,227.0,0,High Demand
Barmer-Bandra Terminus,Rail,283.0,287,281,3.4641016151377544,3,56.6,994.0,497.0,0,High Demand
Barmer-Bhagat Ki Kothi (Jodhpur,Rail,184.0,184,184,0.0,1,92.0,206.0,103.0,0,High Demand
Barmer-Delhi S Rohilla,Rail,422.0,422,422,0.0,1,84.39999999999999,825.0,412.5,0,High Demand
Barmer-Guwahati,Rail,275.0,275,275,0.0,1,34.375,2473.0,1236.5,0,High Demand
Barmer-Howrah Jn,Rail,224.0,224,224,0.0,1,28.000000000000004,2266.0,1133.0,0,High Demand
Barmer-Jammu Tawi,Rail,307.0,307,307,0.0,1,38.375,1469.0,734.5,0,High Demand
Barmer-Jodhpur Jn,Rail,178.0,178,178,0.0,1,89.0,209.0,104.5,0,High Demand
Barmer-Mathura Jn,Rail,122.0,122,122,0.0,1,24.4,796.0,398.0,0,High Demand
Barmer-Munabao,Rail,47.0,47,47,0.0,1,23.5,119.0,59.5,0,High Demand
Barmer-Rishikesh,Rail,349.5,449,250,140.71424945612296,2,43.6875,1192.0,596.0,0,High Demand
Barmer-Yasvantpur Jn,Rail,326.0,326,326,0.0,1,40.75,2232.0,1116.0,0,High Demand
Barsuan-Birmitrapur,Rail,140.0,140,140,0.0,1,70.0,106.0,53.0,0,High Demand
Barwadih Jn-Chunar Jn,Rail,64.0,64,64,0.0,1,32.0,304.0,152.0,0,High Demand
Barwadih Jn-Dehri On Son,Rail,103.5,105,102,2.1213203435596424,2,51.75,159.0,79.5,0,High Demand
Barwadih Jn-Gomoh Jn,Rail,89.0,89,89,0.0,1,44.5,259.0,129.5,0,High Demand
Barwadih Jn-Tanakpur,Rail,162.0,162,162,0.0,1,32.4,983.0,491.5,0,High Demand
Basti-Prayagrajsangam,Rail,253.0,253,253,0.0,1,100.0,260.0,130.0,0,High Demand
Bayana Jn-Agra Cantt,Rail,162.0,162,162,0.0,1,81.0,84.0,42.0,0,High Demand
Bayana Jn-Alwar Jn,Rail,99.0,99,99,0.0,1,49.5,199.0,99.5,0,High Demand
Bayana Jn-Jaipur,Rail,230.0,355,105,176.7766952966369,2,76.25,272.5,136.25,0,High Demand
Bayana Jn-Yamuna Bridge,Rail,115.0,115,115,0.0,1,57.49999999999999,86.0,43.0,0,High Demand
Belagavi-Hubballi Jn,Rail,69.0,69,69,0.0,1,34.5,141.0,70.5,0,High Demand
Belagavi-Ksr Bengaluru,Rail,174.0,228,120,76.36753236814714,2,34.8,611.0,305.5,0,High Demand
Belagavi-Miraj Jn,Rail,114.75,193,47,69.23570851326166,4,57.375,137.0,68.5,0,High Demand
Belagavi-Mysore Jn,Rail,278.6666666666667,397,140,129.70093805880254,3,55.73333333333333,703.6666666666666,351.8333333333333,0,High Demand
Belda-Kharagpur Jn,Rail,168.0,168,168,0.0,1,84.0,41.0,30.0,0,High Demand
Bellary Jn-Hubballi Jn,Rail,55.0,55,55,0.0,1,27.500000000000004,209.0,104.5,0,High Demand
Belonia-Agartala,Rail,157.0,159,155,2.8284271247461903,2,78.5,72.0,36.0,0,High Demand
Bettiah-Gorakhpur,Rail,130.0,130,130,0.0,1,65.0,187.0,93.5,0,High Demand
Betul-Amla Jn,Rail,95.0,95,95,0.0,1,47.5,22.0,30.0,0,High Demand
Betul-Chhindwara Jn,Rail,92.0,92,92,0.0,1,46.0,138.0,69.0,0,High Demand
Betul-Seoni,Rail,66.0,66,66,0.0,1,33.0,203.0,101.5,0,High Demand
Bhabua Road-Ara,Rail,151.0,151,151,0.0,1,75.5,145.0,72.5,0,High Demand
Bhabua Road-Patna Jn,Rail,275.5,320,231,62.932503525602726,2,100.0,218.5,109.25,0,High Demand
Bhadrachalam Road-Balharshah,Rail,316.0,316,316,0.0,1,100.0,391.0,195.5,0,High Demand
Bhadrachalam Road-Dornakal Jn,Rail,202.0,202,202,0.0,1,100.0,56.0,30.0,0,High Demand
Bhadrachalam Road-Secunderabad Jn,Rail,246.0,246,246,0.0,1,100.0,282.0,141.0,0,High Demand
Bhadrachalam Road-Sirpur Town,Rail,211.0,211,211,0.0,1,100.0,328.0,164.0,0,High Demand
Bhadrachalam Road-Vijayawada Jn,Rail,221.5,223,220,2.1213203435596424,2,100.0,180.0,90.0,0,High Demand
Bhadrakh-Balasore,Rail,155.0,155,155,0.0,1,77.5,59.0,30.0,0,High Demand
Bhadrakh-Cuttack,Rail,99.0,150,48,72.12489168102785,2,49.5,116.0,58.0,0,High Demand
Bhadrakh-Daspalla,Rail,220.0,220,220,0.0,1,100.0,268.0,134.0,0,High Demand
Bhadrakh-Howrah Jn,Rail,120.0,146,94,36.76955262170047,2,60.0,297.5,148.75,0,High Demand
Bhadrakh-Kharagpur Jn,Rail,104.0,104,104,0.0,1,52.0,180.0,90.0,0,High Demand
Bhadran-Nadiad Jn,Rail,65.0,65,65,0.0,1,32.5,60.0,30.0,0,High Demand
Bhaga Jn-Adra Jn,Rail,148.5,178,119,41.71930009000631,2,74.25,41.0,30.0,0,High Demand
Bhagalpur-Ajmer Jn,Rail,272.0,272,272,0.0,1,34.0,1751.0,875.5,0,High Demand
Bhagalpur-Anand Vihar Terminal,Rail,513.5,575,452,86.97413408594535,2,64.1875,1209.0,604.5,0,High Demand
Bhagalpur-Azimganj,Rail,207.0,207,207,0.0,1,100.0,221.0,110.5,0,High Demand
Bhagalpur-Danapur,Rail,324.0,324,324,0.0,1,100.0,232.0,116.0,0,High Demand
Bhagalpur-Jamalpur Jn,Rail,43.0,43,43,0.0,1,21.5,53.0,30.0,0,High Demand
Bhagalpur-Jammu Tawi,Rail,355.0,355,355,0.0,1,44.375,1786.0,893.0,0,High Demand
Bhagalpur-Jaynagar,Rail,97.0,97,97,0.0,1,48.5,273.0,136.5,0,High Demand
Bhagalpur-Lokmanyatilak,Rail,375.0,375,375,0.0,1,46.875,1917.0,958.5,0,High Demand
Bhagalpur-Muzaffarpur Jn,Rail,180.0,180,180,0.0,1,90.0,241.0,120.5,0,High Demand
Bhagalpur-Ranchi,Rail,213.0,213,213,0.0,1,42.6,561.0,280.5,0,High Demand
Bhagalpur-Sahibganj  Jn,Rail,105.0,160,50,77.78174593052023,2,52.5,75.0,37.5,0,High Demand
Bhagalpur-Smvt Bengaluru,Rail,375.0,375,375,0.0,1,46.875,2462.0,1231.0,0,High Demand
Bhagalpur-Surat,Rail,412.0,420,404,11.313708498984761,2,51.5,1831.5,915.75,0,High Demand
Bhagat Ki Kothi (Jodhpur-Bandra Terminus,Rail,230.8,297,118,67.04252381884203,5,46.16,933.2,466.6,0,High Demand
Bhagat Ki Kothi (Jodhpur-Barmer,Rail,297.0,297,297,0.0,1,100.0,205.0,102.5,0,High Demand
Bhagat Ki Kothi (Jodhpur-Bilaspur Jn,Rail,342.0,437,247,134.35028842544403,2,42.75,1819.0,909.5,0,High Demand
Bhagat Ki Kothi (Jodhpur-Dadar Wr,Rail,485.0,485,485,0.0,1,97.0,946.0,473.0,0,High Demand
Bhagat Ki Kothi (Jodhpur-Gandhidham Jn,Rail,135.0,135,135,0.0,1,27.0,556.0,278.0,0,High Demand
Bhagat Ki Kothi (Jodhpur-Indore Jn Bg,Rail,440.0,440,440,0.0,1,88.0,915.0,457.5,0,High Demand
Bhagat Ki Kothi (Jodhpur-Jammu Tawi,Rail,332.5,472,193,197.28279195104676,2,41.5625,1095.0,547.5,0,High Demand
Bhagat Ki Kothi (Jodhpur-Kacheguda,Rail,400.0,400,400,0.0,1,50.0,1946.0,973.0,0,High Demand
Bhagat Ki Kothi (Jodhpur-Kamakhya,Rail,138.0,138,138,0.0,1,17.25,2540.0,1270.0,0,High Demand
Bhagat Ki Kothi (Jodhpur-Mannargudi,Rail,283.0,283,283,0.0,1,35.375,2861.0,1430.5,0,High Demand
Bhagat Ki Kothi (Jodhpur-Mgr Chennai Ctr,Rail,359.0,359,359,0.0,1,44.875,2351.0,1175.5,0,High Demand
Bhagat Ki Kothi (Jodhpur-Munabao,Rail,271.0,271,271,0.0,1,100.0,325.0,162.5,0,High Demand
Bhagat Ki Kothi (Jodhpur-Palanpur Jn,Rail,228.0,228,228,0.0,1,100.0,345.0,172.5,0,High Demand
Bhagat Ki Kothi (Jodhpur-Pune Jn,Rail,178.0,178,178,0.0,1,22.25,1087.0,543.5,0,High Demand
Bhagat Ki Kothi (Jodhpur-Valsad,Rail,386.0,407,365,29.698484809834994,2,77.19999999999999,753.0,376.5,0,High Demand
Bhagat Ki Kothi (Jodhpur-Visakhapatnam,Rail,482.0,482,482,0.0,1,60.25,2069.0,1034.5,0,High Demand
Bhairabi-Silchar,Rail,94.0,94,94,0.0,1,47.0,103.0,51.5,0,High Demand
Bhalukpong-Dekargaon,Rail,101.0,152,50,72.12489168102785,2,50.5,64.0,32.0,0,High Demand
Bhanjpur-Rupsa Jn,Rail,90.5,136,45,64.34671708797582,2,45.25,55.0,30.0,0,High Demand
Bhanjpur-Shalimar,Rail,120.0,120,120,0.0,1,60.0,273.0,136.5,0,High Demand
Bhanvad-Porbandar,Rail,144.5,165,124,28.991378028648448,2,72.25,52.0,30.0,0,High Demand
Bharatpur  Jn-Idgah (Agra,Rail,126.5,157,96,43.1335136523794,2,63.25,52.0,30.0,0,High Demand
Bharatpur  Jn-Kasganj,Rail,108.0,108,108,0.0,1,54.0,170.0,85.0,0,High Demand
Bharuch Jn-Anand Jn,Rail,184.0,184,184,0.0,1,92.0,105.0,52.5,0,High Demand
Bharuch Jn-Dahej,Rail,176.0,176,176,0.0,1,88.0,62.0,31.0,0,High Demand
Bharuch Jn-Surat,Rail,121.0,149,78,37.8021163428716,3,60.5,59.0,30.0,0,High Demand
Bhatinda Jn-Ambala Cant Jn,Rail,166.0,227,134,52.848841046895245,3,78.5,201.0,100.5,0,High Demand
Bhatinda Jn-Balurghat,Rail,256.75,398,172,105.2659330774523,4,32.09375,1847.0,923.5,0,High Demand
Bhatinda Jn-Delhi,Rail,129.5,139,120,13.435028842544403,2,64.75,337.0,168.5,0,High Demand
Bhatinda Jn-Delhi Cantt,Rail,327.0,327,327,0.0,1,100.0,300.0,150.0,0,High Demand
Bhatinda Jn-Dhuri Jn,Rail,79.0,79,79,0.0,1,39.5,95.0,47.5,0,High Demand
Bhatinda Jn-Fazilka Jn,Rail,68.0,68,68,0.0,1,34.0,116.0,58.0,0,High Demand
Bhatinda Jn-Firozpur Cantt Jn,Rail,149.0,198,100,49.0,3,74.5,87.0,43.5,0,High Demand
Bhatinda Jn-Gorakhpur,Rail,163.0,163,163,0.0,1,20.375,1123.0,561.5,0,High Demand
Bhatinda Jn-Jaipur,Rail,225.0,284,166,83.43860018001261,2,45.0,538.0,269.0,0,High Demand
Bhatinda Jn-Jammu Tawi,Rail,128.0,128,128,0.0,1,25.6,524.0,262.0,0,High Demand
Bhatinda Jn-Lalgarh Jn,Rail,48.0,48,48,0.0,1,24.0,320.0,160.0,0,High Demand
Bhatinda Jn-Rewari,Rail,73.0,73,73,0.0,1,36.5,300.0,150.0,0,High Demand
Bhatinda Jn-Shri Ganganagar,Rail,198.33333333333334,338,99,124.50033467157161,3,76.16666666666667,127.0,63.5,0,High Demand
Bhatinda Jn-Suratgarh Jn,Rail,122.0,122,122,0.0,1,61.0,143.0,71.5,0,High Demand
Bhatni Jn-Allahabad City,Rail,239.0,239,239,0.0,1,100.0,282.0,141.0,0,High Demand
Bhatni Jn-Ayodhya Dham Jn,Rail,83.0,83,83,0.0,1,41.5,235.0,117.5,0,High Demand
Bhatni Jn-Barhaj Bazar,Rail,88.5,120,57,44.54772721475249,2,44.25,31.0,30.0,0,High Demand
Bhatni Jn-Chhapra,Rail,57.0,57,57,0.0,1,28.499999999999996,109.0,54.5,0,High Demand
Bhatni Jn-Lokmanyatilak,Rail,577.0,577,577,0.0,1,72.125,1758.0,879.0,0,High Demand
Bhatni Jn-Varanasi City,Rail,120.66666666666667,167,54,59.180514811323945,3,60.333333333333336,157.0,78.5,0,High Demand
Bhavnagar Terminus-Asansol Jn,Rail,322.0,322,322,0.0,1,40.25,2309.0,1154.5,0,High Demand
Bhavnagar Terminus-Ayodhya Cantt,Rail,448.0,448,448,0.0,1,56.00000000000001,1550.0,775.0,0,High Demand
Bhavnagar Terminus-Bandra Terminus,Rail,192.0,218,166,36.76955262170047,2,38.400000000000006,778.0,389.0,0,High Demand
Bhavnagar Terminus-Botad Jn,Rail,182.0,182,182,0.0,1,91.0,92.0,46.0,0,High Demand
Bhavnagar Terminus-Dhrangandhra,Rail,213.0,213,213,0.0,1,100.0,203.0,101.5,0,High Demand
Bhavnagar Terminus-Gandhigram,Rail,250.0,250,250,0.0,1,100.0,248.0,124.0,0,High Demand
Bhavnagar Terminus-Haridwar Jn,Rail,147.0,147,147,0.0,1,18.375,1575.0,787.5,0,High Demand
Bhavnagar Terminus-Kakinada Port,Rail,287.5,401,174,160.51323932934628,2,35.9375,2055.0,1027.5,0,High Demand
Bhavnagar Terminus-Mahuva Jn,Rail,208.0,292,124,118.79393923933998,2,81.0,201.0,100.5,0,High Demand
Bhavnagar Terminus-Mtyr C Tushar M,Rail,489.0,489,489,0.0,1,61.12499999999999,1842.0,921.0,0,High Demand
Bhavnagar Terminus-Okha,Rail,169.0,283,55,161.22034611053283,2,33.8,538.0,269.0,0,High Demand
Bhavnagar Terminus-Palitana,Rail,160.75,179,149,14.568802284333461,4,80.375,48.0,30.0,0,High Demand
Bhavnagar Terminus-Porbandar,Rail,136.0,136,136,0.0,1,68.0,304.0,152.0,0,High Demand
Bhavnagar Terminus-Surendranagar,Rail,140.33333333333334,215,47,85.54141297250901,3,67.66666666666667,170.66666666666666,85.33333333333333,0,High Demand
Bhavnagar Terminus-Thiruvananthapuram North,Rail,340.0,340,340,0.0,1,42.5,2569.0,1284.5,0,High Demand
Bhavnagar Terminus-Veraval,Rail,142.0,142,142,0.0,1,71.0,287.0,143.5,0,High Demand
Bhawanipatna-Visakhapatnam,Rail,105.0,105,105,0.0,1,52.5,308.0,154.0,0,High Demand
Bhildi Jn-Mahesana Jn,Rail,173.0,173,173,0.0,1,86.5,91.0,45.5,0,High Demand
Bhilwara-Ratlam Jn,Rail,221.0,221,221,0.0,1,100.0,243.0,121.5,0,High Demand
Bhimalgondi-Itwari (Nagpur,Rail,183.0,183,183,0.0,1,91.5,96.0,48.0,0,High Demand
Bhimavaram Jn-Machelipatnam,Rail,169.0,169,169,0.0,1,84.5,102.0,51.0,0,High Demand
Bhimavaram Jn-Narasapur,Rail,262.0,262,262,0.0,1,100.0,29.0,30.0,0,High Demand
Bhimavaram Jn-Nidadavolu Jn,Rail,148.0,181,106,38.301436004411116,3,74.0,45.0,30.0,0,High Demand
Bhimavaram Jn-Vijayawada Jn,Rail,113.0,113,113,0.0,1,56.49999999999999,110.0,55.0,0,High Demand
Bhind-Etawah,Rail,109.0,109,109,0.0,1,54.50000000000001,37.0,30.0,0,High Demand
Bhind-Gwalior Jn,Rail,117.25,189,54,58.97669031066426,4,58.625,82.0,41.0,0,High Demand
Bhind-Kota Jn,Rail,57.0,57,57,0.0,1,11.4,495.0,247.5,0,High Demand
Bhind-Ratlam Jn,Rail,333.0,333,333,0.0,1,66.60000000000001,763.0,381.5,0,High Demand
Bhiwani-Dahar Ka Balaji,Rail,171.0,171,171,0.0,1,85.5,285.0,142.5,0,High Demand
Bhiwani-Dhuri Jn,Rail,64.0,64,64,0.0,1,32.0,208.0,104.0,0,High Demand
Bhiwani-Kalka,Rail,319.0,319,319,0.0,1,100.0,335.0,167.5,0,High Demand
Bhiwani-Mathura Jn,Rail,176.5,198,155,30.405591591021544,2,88.25,280.0,140.0,0,High Demand
Bhiwani-Prayagraj Jn,Rail,159.0,159,159,0.0,1,31.8,800.0,400.0,0,High Demand
Bhiwani-Rewari,Rail,57.0,57,57,0.0,1,28.499999999999996,83.0,41.5,0,High Demand
Bhiwani-Rohtak Jn,Rail,122.33333333333333,200,74,67.92888438163351,3,61.166666666666664,49.0,30.0,0,High Demand
Bhiwani-Tilak Bridge,Rail,96.0,96,96,0.0,1,48.0,123.0,61.5,0,High Demand
Bhojudih Jn-Adra Jn,Rail,132.0,132,132,0.0,1,66.0,30.0,30.0,0,High Demand
Bhojudih Jn-Bhaga Jn,Rail,63.0,63,63,0.0,1,31.5,11.0,30.0,0,High Demand
Bhojudih Jn-Chandrapura,Rail,148.0,148,148,0.0,1,74.0,38.0,30.0,0,High Demand
Bhojudih Jn-Shalimar,Rail,130.0,130,130,0.0,1,65.0,311.0,155.5,0,High Demand
Bhopal  Jn-Bina Jn,Rail,175.0,212,138,52.32590180780452,2,84.5,138.0,69.0,0,High Demand
Bhopal  Jn-Chirmiri,Rail,146.0,146,146,0.0,1,29.2,652.0,326.0,0,High Demand
Bhopal  Jn-Chopan,Rail,421.0,421,421,0.0,1,84.2,723.0,361.5,0,High Demand
Bhopal  Jn-Dahod,Rail,278.5,374,183,135.0573952066306,2,95.75,397.0,198.5,0,High Demand
Bhopal  Jn-Damoh,Rail,357.0,357,357,0.0,1,100.0,291.0,145.5,0,High Demand
Bhopal  Jn-Dhanbad Jn,Rail,296.0,296,296,0.0,1,37.0,1201.0,600.5,0,High Demand
Bhopal  Jn-Dr Ambedkar Ngr (Mhow,Rail,112.0,112,112,0.0,1,56.00000000000001,239.0,119.5,0,High Demand
Bhopal  Jn-Durg,Rail,396.0,396,396,0.0,1,79.2,890.0,445.0,0,High Demand
Bhopal  Jn-Gwalior Jn,Rail,263.0,263,263,0.0,1,52.6,485.0,242.5,0,High Demand
Bhopal  Jn-Indore Jn Bg,Rail,228.5,363,94,190.21172413918129,2,73.5,263.0,131.5,0,High Demand
Bhopal  Jn-Itarsi Jn,Rail,427.0,427,427,0.0,1,85.39999999999999,736.0,368.0,0,High Demand
Bhopal  Jn-Jaipur,Rail,368.0,368,368,0.0,1,73.6,790.0,395.0,0,High Demand
Bhopal  Jn-Jodhpur Jn,Rail,62.0,62,62,0.0,1,12.4,993.0,496.5,0,High Demand
Bhopal  Jn-Khajuraho,Rail,213.0,213,213,0.0,1,100.0,367.0,183.5,0,High Demand
Bhopal  Jn-Lucknow Ne,Rail,192.0,192,192,0.0,1,38.4,586.0,293.0,0,High Demand
Bhopal  Jn-Maa Belha Devi Dham Pratapgarh Jn,Rail,463.0,463,463,0.0,1,92.60000000000001,759.0,379.5,0,High Demand
Bhopal  Jn-Rewa,Rail,173.0,173,173,0.0,1,34.599999999999994,575.0,287.5,0,High Demand
Bhopal  Jn-Singrauli,Rail,297.0,297,297,0.0,1,59.4,659.0,329.5,0,High Demand
Bhopal  Jn-Ujjain Jn,Rail,87.0,87,87,0.0,1,43.5,186.0,93.0,0,High Demand
Bhubaneswar New-Boudh,Rail,234.0,234,234,0.0,1,46.800000000000004,478.0,239.0,0,High Demand
Bhubaneswar New-C Shivaji Maharaj T,Rail,146.0,146,146,0.0,1,18.25,1943.0,971.5,0,High Demand
Bhubaneswar New-Secunderabad Jn,Rail,193.0,193,193,0.0,1,24.125,1147.0,573.5,0,High Demand
Bhubaneswar New-Visakhapatnam,Rail,310.0,310,310,0.0,1,62.0,456.0,228.0,0,High Demand
Bhubaneswar-Ahmedabad,Air,101.0,247,22,44.458867609183535,45,61.9266049382716,4184.833333333333,9533.644444444444,1,Low Demand
Bhubaneswar-Anand Vihar Terminal,Rail,471.5,501,442,41.71930009000631,2,58.9375,1833.5,916.75,0,High Demand
Bhubaneswar-Balasore,Rail,104.0,104,104,0.0,1,52.0,202.0,101.0,0,High Demand
Bhubaneswar-Bangalore,Air,84.54545454545455,165,18,35.72034688826778,33,52.97962962962963,3979.5454545454545,8828.09090909091,1,Low Demand
Bhubaneswar-Brahmapur,Rail,109.0,109,109,0.0,1,54.50000000000001,166.0,83.0,0,High Demand
Bhubaneswar-Chennai,Air,77.48387096774194,166,28,37.534758085221874,31,51.726075268817205,3808.548387096774,9396.387096774193,1,Low Demand
Bhubaneswar-Cochin,Air,85.55172413793103,193,19,42.812369880425045,29,62.298084291187735,3794.2241379310344,9899.931034482759,1,Low Demand
Bhubaneswar-Daspalla,Rail,256.5,296,217,55.86143571373726,2,100.0,125.0,62.5,0,High Demand
Bhubaneswar-Delhi,Air,84.6,193,23,40.70927971047209,45,57.675925925925924,5063.166666666667,9168.955555555556,1,Low Demand
Bhubaneswar-Dhanbad Jn,Rail,366.5,457,276,127.9863273947651,2,73.30000000000001,779.0,389.5,0,High Demand
Bhubaneswar-Goa,Air,82.8157894736842,146,33,31.13601830431073,38,59.628728070175434,3502.8947368421054,8400.473684210527,1,Low Demand
Bhubaneswar-Guwahati,Air,82.08695652173913,241,19,40.523697367209465,46,54.188647342995175,4734.130434782609,9424.565217391304,1,Low Demand
Bhubaneswar-Howrah Jn,Rail,219.0,219,219,0.0,1,43.8,439.0,219.5,0,High Demand
Bhubaneswar-Hyderabad,Air,76.41176470588235,142,20,35.45215952481967,34,56.02336601307189,4151.25,9498.79411764706,1,Low Demand
Bhubaneswar-Indore,Air,69.15789473684211,154,16,35.46793475025124,38,48.025,3999.4736842105262,10465.131578947368,1,Low Demand
Bhubaneswar-Jagdalpur,Rail,185.0,185,185,0.0,1,37.0,785.0,392.5,0,High Demand
Bhubaneswar-Jaipur,Air,71.63636363636364,157,21,40.180699799326995,33,56.48164983164983,3535.2272727272725,9508.272727272728,1,Low Demand
Bhubaneswar-Junagarh Road,Rail,376.0,382,370,8.48528137423857,2,75.2,653.0,326.5,0,High Demand
Bhubaneswar-Kolkata,Air,69.84444444444445,173,23,37.600746822585336,45,56.91635802469136,4281.166666666667,9646.444444444445,1,Low Demand
Bhubaneswar-Ksr Bengaluru,Rail,140.0,140,140,0.0,1,17.5,1546.0,773.0,0,High Demand
Bhubaneswar-Lokmanyatilak,Rail,459.0,459,459,0.0,1,57.375,1785.0,892.5,0,High Demand
Bhubaneswar-Lucknow,Air,82.60975609756098,224,18,43.07834609683877,41,56.69559620596206,4030.243902439024,9121.90243902439,1,Low Demand
Bhubaneswar-Mgr Chennai Ctr,Rail,319.0,454,184,190.91883092036784,2,39.875,1222.5,611.25,0,High Demand
Bhubaneswar-Mumbai,Air,88.5,232,24,48.80486752711887,54,59.65344650205761,4127.222222222223,8977.092592592593,1,Low Demand
Bhubaneswar-Nagpur,Air,76.84210526315789,219,15,42.699152669477215,38,56.27624269005848,3989.407894736842,9015.763157894737,1,Low Demand
Bhubaneswar-New Delhi,Rail,280.75,410,161,124.1353428050744,4,35.09375,1797.25,898.625,0,High Demand
Bhubaneswar-Palasa,Rail,195.0,195,195,0.0,1,97.5,240.0,120.0,0,High Demand
Bhubaneswar-Patna,Air,75.46341463414635,168,18,42.28894510446886,41,55.31714092140921,4359.878048780488,9031.073170731708,1,Low Demand
Bhubaneswar-Pondicherry,Rail,328.5,343,314,20.506096654409877,2,41.0625,1423.0,711.5,0,High Demand
Bhubaneswar-Pune,Air,72.18181818181819,169,24,36.353691822026946,33,51.640151515151516,3442.5,9877.90909090909,1,Low Demand
Bhubaneswar-Pune Jn,Rail,489.0,489,489,0.0,1,61.12499999999999,1702.0,851.0,0,High Demand
Bhubaneswar-Purunakatak,Rail,334.0,334,334,0.0,1,66.8,518.0,259.0,0,High Demand
Bhubaneswar-Raipur,Air,92.08823529411765,257,21,49.16661077370762,34,61.606535947712416,4128.75,8055.264705882353,1,Low Demand
Bhubaneswar-Rameswaram,Rail,477.5,501,454,33.23401871576773,2,59.6875,1892.0,946.0,0,High Demand
Bhubaneswar-Rourkela,Rail,341.0,341,341,0.0,1,68.2,419.0,209.5,0,High Demand
Bhubaneswar-Smvt Bengaluru,Rail,397.0,418,376,29.698484809834994,2,49.625,1506.0,753.0,0,High Demand
Bhubaneswar-Surat,Air,70.38888888888889,146,22,33.96660357954794,36,50.78533950617284,3924.1666666666665,9567.194444444445,1,Low Demand
Bhubaneswar-Tirupati,Rail,261.0,272,250,15.556349186104045,2,32.625,1179.0,589.5,0,High Demand
Bhubaneswar-Varanasi,Air,81.02380952380952,218,25,48.817973546954256,42,52.60059523809524,4331.964285714285,9758.857142857143,1,Low Demand
Bhubaneswar-Visakhapatnam,Rail,152.0,152,152,0.0,1,30.4,443.0,221.5,0,High Demand
Bhuj-Bandra Terminus,Rail,287.8,453,115,161.24887596507457,5,57.56,892.2,446.1,0,High Demand
Bhuj-Bareilly,Rail,328.5,461,196,187.3832970144351,2,41.0625,1467.5,733.75,0,High Demand
Bhuj-Dadar Wr,Rail,422.0,422,422,0.0,1,84.39999999999999,843.0,421.5,0,High Demand
Bhuj-Delhi S Rohilla,Rail,525.0,525,525,0.0,1,65.625,1154.0,577.0,0,High Demand
Bhuj-Palanpur Jn,Rail,238.0,280,196,59.39696961966999,2,99.0,359.0,179.5,0,High Demand
Bhuj-Pune Jn,Rail,274.0,274,274,0.0,1,54.800000000000004,992.0,496.0,0,High Demand
Bhuj-Shalimar,Rail,457.0,457,457,0.0,1,57.125,2419.0,1209.5,0,High Demand
Bhusaval Jn-Badnera Jn,Rail,91.0,91,91,0.0,1,45.5,219.0,109.5,0,High Demand
Bhusaval Jn-C Shivaji Maharaj T,Rail,144.0,144,144,0.0,1,28.799999999999997,444.0,222.0,0,High Demand
Bhusaval Jn-Dadar Wr,Rail,276.0,276,276,0.0,1,55.2,582.0,291.0,0,High Demand
Bhusaval Jn-Devlali,Rail,129.5,151,108,30.405591591021544,2,64.75,263.0,131.5,0,High Demand
Bhusaval Jn-Hazrat Nizamuddin,Rail,373.0,373,373,0.0,1,46.625,1482.0,741.0,0,High Demand
Bhusaval Jn-Igatpuri,Rail,66.0,66,66,0.0,1,33.0,308.0,154.0,0,High Demand
Bhusaval Jn-Itarsi Jn,Rail,140.5,158,123,24.748737341529164,2,70.25,306.5,153.25,0,High Demand
Bhusaval Jn-Katni,Rail,236.0,369,54,163.1165227682346,3,47.199999999999996,643.0,321.5,0,High Demand
Bhusaval Jn-Mumbai Central,Rail,79.0,79,79,0.0,1,15.8,598.0,299.0,0,High Demand
Bhusaval Jn-Nagpur,Rail,187.0,219,155,45.254833995939045,2,60.65,497.5,248.75,0,High Demand
Bhusaval Jn-Surat,Rail,121.0,192,50,100.40916292848975,2,60.5,336.0,168.0,0,High Demand
Bhusaval Jn-Udhna Jn (Surat,Rail,241.66666666666666,342,151,95.86622623913665,3,91.83333333333333,331.6666666666667,165.83333333333334,0,High Demand
Bhusaval Jn-Wardha Jn,Rail,155.0,184,126,41.012193308819754,2,77.5,313.0,156.5,0,High Demand
Bichia-Mailani,Rail,281.0,281,281,0.0,1,100.0,107.0,53.5,0,High Demand
Bidar-C Shivaji Maharaj T,Rail,287.0,287,287,0.0,1,57.4,676.0,338.0,0,High Demand
Bidar-Hyderabad Decan,Rail,178.0,178,178,0.0,1,89.0,166.0,83.0,0,High Demand
Bidar-Lokmanyatilak,Rail,243.0,243,243,0.0,1,48.6,661.0,330.5,0,High Demand
Bidar-Machelipatnam,Rail,330.0,330,330,0.0,1,66.0,592.0,296.0,0,High Demand
Bidar-Yasvantpur Jn,Rail,231.0,304,158,103.23759005323593,2,46.2,686.0,343.0,0,High Demand
Bikaner Jn-Amritsar Jn,Rail,183.0,183,183,0.0,1,36.6,763.0,381.5,0,High Demand
Bikaner Jn-Bandra Terminus,Rail,315.5,402,229,122.32947314527271,2,39.4375,1213.0,606.5,0,High Demand
Bikaner Jn-Bilaspur Jn,Rail,339.5,341,338,2.1213203435596424,2,42.4375,1883.5,941.75,0,High Demand
Bikaner Jn-Delhi Cantt,Rail,229.0,229,229,0.0,1,45.800000000000004,448.0,224.0,0,High Demand
Bikaner Jn-Delhi S Rohilla,Rail,281.0,417,171,125.04399225872469,3,56.199999999999996,648.6666666666666,324.3333333333333,0,High Demand
Bikaner Jn-Guwahati,Rail,235.5,237,234,2.1213203435596424,2,29.4375,2331.0,1165.5,0,High Demand
Bikaner Jn-Haridwar Jn,Rail,331.0,331,331,0.0,1,66.2,756.0,378.0,0,High Demand
Bikaner Jn-Hisar,Rail,284.0,284,284,0.0,1,100.0,308.0,154.0,0,High Demand
Bikaner Jn-Howrah Jn,Rail,267.5,277,258,13.435028842544403,2,33.4375,1904.5,952.25,0,High Demand
Bikaner Jn-Indore Jn Bg,Rail,134.0,134,134,0.0,1,26.8,961.0,480.5,0,High Demand
Bikaner Jn-Kolkata,Rail,168.0,168,168,0.0,1,21.0,1887.0,943.5,0,High Demand
Bikaner Jn-Madurai Jn,Rail,502.0,502,502,0.0,1,62.74999999999999,3063.0,1531.5,0,High Demand
Bikaner Jn-Miraj Jn,Rail,307.0,307,307,0.0,1,38.375,1646.0,823.0,0,High Demand
Bikaner Jn-Rewari,Rail,149.0,149,149,0.0,1,74.5,379.0,189.5,0,High Demand
Bikaner Jn-Sealdah,Rail,436.0,436,436,0.0,1,54.50000000000001,1918.0,959.0,0,High Demand
Bilara-Jodhpur Jn,Rail,77.0,77,77,0.0,1,38.5,89.0,44.5,0,High Demand
Bilaspur Jn-Bhopal  Jn,Rail,289.0,289,289,0.0,1,57.8,719.0,359.5,0,High Demand
Bilaspur Jn-Bikaner Jn,Rail,434.0,434,434,0.0,1,54.25,1892.0,946.0,0,High Demand
Bilaspur Jn-Buxar,Rail,315.0,315,315,0.0,1,39.375,1085.0,542.5,0,High Demand
Bilaspur Jn-Chirmiri,Rail,253.0,359,147,149.90663761154806,2,86.75,239.0,119.5,0,High Demand
Bilaspur Jn-Ernakulam Jn,Rail,410.0,410,410,0.0,1,51.24999999999999,2155.0,1077.5,0,High Demand
Bilaspur Jn-Gevra Road,Rail,120.66666666666667,158,59,53.79900866496829,3,60.333333333333336,97.0,48.5,0,High Demand
Bilaspur Jn-Indore Jn Bg,Rail,390.0,390,390,0.0,1,48.75,1017.0,508.5,0,High Demand
Bilaspur Jn-Katni,Rail,112.0,112,112,0.0,1,56.00000000000001,317.0,158.5,0,High Demand
Bilaspur Jn-Korba,Rail,60.0,60,60,0.0,1,30.0,90.0,45.0,0,High Demand
Bilaspur Jn-Nagpur,Rail,185.0,185,185,0.0,1,37.0,412.0,206.0,0,High Demand
Bilaspur Jn-New Delhi,Rail,174.0,174,174,0.0,1,21.75,1509.0,754.5,0,High Demand
Bilaspur Jn-Nsc Bose Itwari,Rail,166.0,166,166,0.0,1,33.2,409.0,204.5,0,High Demand
Bilaspur Jn-Okha,Rail,307.0,307,307,0.0,1,38.375,1868.0,934.0,0,High Demand
Bilaspur Jn-Pune Jn,Rail,366.0,366,366,0.0,1,45.75,1297.0,648.5,0,High Demand
Bilaspur Jn-Raigarh,Rail,127.0,160,94,46.66904755831214,2,63.5,133.0,66.5,0,High Demand
Bilaspur Jn-Raipur Jn,Rail,106.33333333333333,145,53,47.72141378179541,3,53.166666666666664,115.0,57.5,0,High Demand
Bilaspur Jn-Rewa,Rail,136.0,140,132,5.656854249492381,2,27.200000000000003,468.0,234.0,0,High Demand
Bilaspur Jn-Shahdol,Rail,133.0,133,133,0.0,1,66.5,192.0,96.0,0,High Demand
Bilaspur Jn-Tatanagar Jn,Rail,254.5,272,237,24.748737341529164,2,50.900000000000006,470.0,235.0,0,High Demand
Bilaspur Jn-Tirunelveli,Rail,343.0,343,343,0.0,1,42.875,2505.0,1252.5,0,High Demand
Bilaspur Jn-Tirupati,Rail,353.0,353,353,0.0,1,44.125,1401.0,700.5,0,High Demand
Bilaspur Jn-Titlagarh,Rail,171.0,171,171,0.0,1,34.2,432.0,216.0,0,High Demand
Bilimora Jn-Waghai,Rail,64.5,79,50,20.506096654409877,2,32.25,63.0,31.5,0,High Demand
Bina Jn-Bhopal  Jn,Rail,157.0,210,104,74.95331880577403,2,76.0,138.0,69.0,0,High Demand
Bina Jn-Damoh,Rail,143.0,143,143,0.0,1,71.5,152.0,76.0,0,High Demand
Bina Jn-Guna,Rail,191.0,201,181,14.142135623730951,2,95.25,118.0,59.0,0,High Demand
Bina Jn-Gwalior Jn,Rail,182.0,182,182,0.0,1,91.0,346.0,173.0,0,High Demand
Bina Jn-Jhansi Jn,Rail,208.0,208,208,0.0,1,100.0,153.0,76.5,0,High Demand
Bina Jn-Katni,Rail,138.0,153,123,21.213203435596427,2,69.0,262.5,131.25,0,High Demand
Bina Jn-Katni Murwara,Rail,96.5,127,66,43.1335136523794,2,48.25,260.5,130.25,0,High Demand
Bina Jn-Kota Jn,Rail,168.33333333333334,213,99,60.87144924620518,3,82.0,303.0,151.5,0,High Demand
Bina Jn-Lalitpur,Rail,45.0,45,45,0.0,1,22.5,63.0,31.5,0,High Demand
Bina Jn-Nagda Jn,Rail,135.5,158,113,31.81980515339464,2,27.1,428.0,214.0,0,High Demand
Bina Jn-Ruthiyai,Rail,162.0,162,162,0.0,1,81.0,139.0,69.5,0,High Demand
Bir-Khandwa,Rail,123.33333333333333,137,110,13.503086067019398,3,61.666666666666664,33.0,30.0,0,High Demand
Birmitrapur-Barsuan,Rail,193.0,193,193,0.0,1,96.5,106.0,53.0,0,High Demand
Bishnupur-Adra Jn,Rail,64.0,64,64,0.0,1,32.0,83.0,41.5,0,High Demand
Bishnupur-Dhanbad Jn,Rail,103.0,103,103,0.0,1,51.5,149.0,74.5,0,High Demand
Bitragunta-Mgr Chennai Ctr,Rail,179.0,179,179,0.0,1,89.5,210.0,105.0,0,High Demand
Bitragunta-Vijayawada Jn,Rail,103.0,103,103,0.0,1,51.5,221.0,110.5,0,High Demand
Bodhan-Kacheguda,Rail,99.0,99,99,0.0,1,49.5,192.0,96.0,0,High Demand
Bodhan-Karimnagar Oa,Rail,98.0,98,98,0.0,1,49.0,175.0,87.5,0,High Demand
Bodhan-Mahbubnagar,Rail,207.0,207,207,0.0,1,100.0,297.0,148.5,0,High Demand
Bodhan-Mirzapalli,Rail,92.0,92,92,0.0,1,46.0,114.0,57.0,0,High Demand
Bodhan-Nizamabad,Rail,85.0,85,85,0.0,1,42.5,26.0,30.0,0,High Demand
Bodinayakkanur-Madurai Jn,Rail,63.0,63,63,0.0,1,31.5,84.0,42.0,0,High Demand
Bodinayakkanur-Mgr Chennai Ctr,Rail,284.0,284,284,0.0,1,56.8,648.0,324.0,0,High Demand
Boisar-Vasai Road,Rail,64.0,64,64,0.0,1,32.0,51.0,30.0,0,High Demand
Bokaro Stl City-Asansol Jn,Rail,141.0,160,122,26.870057685088806,2,70.5,164.5,82.25,0,High Demand
Bokaro Stl City-Barddhaman,Rail,114.0,114,114,0.0,1,56.99999999999999,299.0,149.5,0,High Demand
Bokaro Stl City-Howrah Jn,Rail,306.5,330,283,33.23401871576773,2,100.0,367.0,183.5,0,High Demand
Bokaro Stl City-Ranchi,Rail,130.0,130,130,0.0,1,65.0,116.0,58.0,0,High Demand
Bolarum-Hyderabad Decan,Rail,158.0,158,158,0.0,1,79.0,23.0,30.0,0,High Demand
Bolpur Shantiniketan-Howrah Jn,Rail,223.0,223,223,0.0,1,100.0,146.0,73.0,0,High Demand
Bongaigaon-New Jalpaiguri,Rail,162.0,162,162,0.0,1,81.0,257.0,128.5,0,High Demand
Bordhal-Chhindwara Jn,Rail,186.0,186,186,0.0,1,93.0,88.0,44.0,0,High Demand
Borivali-Nandurbar,Rail,374.0,374,374,0.0,1,74.8,415.0,207.5,0,High Demand
Borivali-Valsad,Rail,155.0,155,155,0.0,1,77.5,164.0,82.0,0,High Demand
Borivali-Vatva (Ahmedabad,Rail,362.0,362,362,0.0,1,72.39999999999999,483.0,241.5,0,High Demand
Botad Jn-Bhavnagar Terminus,Rail,150.0,213,87,89.09545442950498,2,71.75,92.0,46.0,0,High Demand
Botad Jn-Gandhigram,Rail,127.0,200,54,103.23759005323593,2,63.5,154.0,77.0,0,High Demand
Botad Jn-Surendranagar,Rail,47.0,47,47,0.0,1,23.5,76.0,38.0,0,High Demand
Botad Mg-Ahmedabad Mg,Rail,46.0,46,46,0.0,1,23.0,175.0,87.5,0,High Demand
Botad Mg-Gandhigram,Rail,159.75,181,124,27.244265451650556,4,79.875,154.0,77.0,0,High Demand
Boudh-Bhubaneswar New,Rail,300.0,300,300,0.0,1,60.0,478.0,239.0,0,High Demand
Boudh-Sambalpur,Rail,165.0,165,165,0.0,1,82.5,213.0,106.5,0,High Demand
Brahmapur-Bhubaneswar,Rail,145.0,145,145,0.0,1,72.5,166.0,83.0,0,High Demand
Brahmapur-Cuttack,Rail,149.0,149,149,0.0,1,74.5,192.0,96.0,0,High Demand
Brahmapur-Tatanagar Jn,Rail,166.0,166,166,0.0,1,33.2,587.0,293.5,0,High Demand
Brahmapur-Udhna Jn (Surat,Rail,497.0,497,497,0.0,1,62.125,1709.0,854.5,0,High Demand
Brahmapur-Visakhapatnam,Rail,183.33333333333334,301,55,123.34639570467121,3,74.83333333333333,277.0,138.5,0,High Demand
Brahmavart-Kanpur Central,Rail,136.0,171,101,49.49747468305833,2,68.0,26.0,30.0,0,High Demand
Bulandshahr-Prayagrajsangam,Rail,260.0,260,260,0.0,1,52.0,668.0,334.0,0,High Demand
Bulandshahr-Tilak Bridge,Rail,98.0,98,98,0.0,1,49.0,104.0,52.0,0,High Demand
Burhwal Jn-Sitapur Jn,Rail,209.0,209,209,0.0,1,100.0,99.0,49.5,0,High Demand
Buxar-Bilaspur Jn,Rail,473.0,473,473,0.0,1,59.12500000000001,1085.0,542.5,0,High Demand
Buxar-Dd Upadhyaya Jn,Rail,81.0,81,81,0.0,1,40.5,90.0,45.0,0,High Demand
Buxar-Fatuha,Rail,117.5,189,46,101.1162697096763,2,58.75,140.0,70.0,0,High Demand
Buxar-Patna Jn,Rail,59.333333333333336,81,48,18.77054430040145,3,29.666666666666668,118.0,59.0,0,High Demand
Buxar-Tatanagar Jn,Rail,227.0,227,227,0.0,1,45.4,616.0,308.0,0,High Demand
C Sahumaharaj T Kolhapur-Ahmedabad Jn,Rail,207.0,207,207,0.0,1,41.4,961.0,480.5,0,High Demand
C Sahumaharaj T Kolhapur-C Shivaji Maharaj T,Rail,151.0,243,102,79.73079706111058,3,30.2,518.0,259.0,0,High Demand
C Sahumaharaj T Kolhapur-Dhanbad Jn,Rail,406.0,406,406,0.0,1,50.74999999999999,2584.0,1292.0,0,High Demand
C Sahumaharaj T Kolhapur-Gondia Jn,Rail,183.0,183,183,0.0,1,22.875,1341.0,670.5,0,High Demand
C Sahumaharaj T Kolhapur-Kalaburagi,Rail,164.0,164,164,0.0,1,32.800000000000004,428.0,214.0,0,High Demand
C Sahumaharaj T Kolhapur-Manuguru,Rail,342.0,342,342,0.0,1,42.75,1327.0,663.5,0,High Demand
C Sahumaharaj T Kolhapur-Nagpur,Rail,282.0,282,282,0.0,1,35.25,1038.0,519.0,0,High Demand
C Sahumaharaj T Kolhapur-Pune Jn,Rail,247.5,331,164,118.08683245815344,2,91.0,326.0,163.0,0,High Demand
C Sahumaharaj T Kolhapur-Solapur Jn,Rail,337.5,379,296,58.68986283848344,2,100.0,315.0,157.5,0,High Demand
C Sahumaharaj T Kolhapur-Tirupati,Rail,225.0,225,225,0.0,1,45.0,905.0,452.5,0,High Demand
C Sambhajinagar-Guntur Jn,Rail,313.0,313,313,0.0,1,39.125,1211.0,605.5,0,High Demand
C Sambhajinagar-H Sahib Nanded,Rail,311.0,311,311,0.0,1,100.0,237.0,118.5,0,High Demand
C Sambhajinagar-Hyderabad Decan,Rail,205.5,226,185,28.991378028648448,2,41.1,582.0,291.0,0,High Demand
C Sambhajinagar-Tirupati,Rail,318.0,318,318,0.0,1,39.75,1167.0,583.5,0,High Demand
C Shivaji Maharaj T-Amravati,Rail,412.0,412,412,0.0,1,82.39999999999999,672.0,336.0,0,High Demand
C Shivaji Maharaj T-Amritsar Jn,Rail,301.0,301,301,0.0,1,37.625,2052.0,1026.0,0,High Demand
C Shivaji Maharaj T-Asansol Jn,Rail,366.0,366,366,0.0,1,45.75,2042.0,1021.0,0,High Demand
C Shivaji Maharaj T-Balharshah,Rail,251.0,251,251,0.0,1,31.374999999999996,1024.0,512.0,0,High Demand
C Shivaji Maharaj T-Banaras,Rail,133.0,133,133,0.0,1,16.625,1519.0,759.5,0,High Demand
C Shivaji Maharaj T-Bhubaneswar New,Rail,202.0,202,202,0.0,1,25.25,1943.0,971.5,0,High Demand
C Shivaji Maharaj T-Bhusaval Jn,Rail,225.0,225,225,0.0,1,45.0,444.0,222.0,0,High Demand
C Shivaji Maharaj T-Bidar,Rail,204.0,204,204,0.0,1,40.8,676.0,338.0,0,High Demand
C Shivaji Maharaj T-C Sahumaharaj T Kolhapur,Rail,274.0,402,146,181.01933598375618,2,54.800000000000004,518.0,259.0,0,High Demand
C Shivaji Maharaj T-Chennai Egmore,Rail,424.0,424,424,0.0,1,53.0,1290.0,645.0,0,High Demand
C Shivaji Maharaj T-Dhule,Rail,332.0,332,332,0.0,1,100.0,384.0,192.0,0,High Demand
C Shivaji Maharaj T-Firozpur Cantt Jn,Rail,138.0,138,138,0.0,1,17.25,1936.0,968.0,0,High Demand
C Shivaji Maharaj T-Gomtinagar (Lucknow,Rail,494.0,494,494,0.0,1,61.75000000000001,1448.0,724.0,0,High Demand
C Shivaji Maharaj T-Gondia Jn,Rail,223.0,223,223,0.0,1,44.6,967.0,483.5,0,High Demand
C Shivaji Maharaj T-Gorakhpur,Rail,190.0,190,190,0.0,1,23.75,1695.0,847.5,0,High Demand
C Shivaji Maharaj T-H Sahib Nanded,Rail,304.0,414,104,173.49351572897473,3,60.79999999999999,610.0,305.0,0,High Demand
C Shivaji Maharaj T-Hingoli Deccan,Rail,280.0,280,280,0.0,1,56.00000000000001,660.0,330.0,0,High Demand
C Shivaji Maharaj T-Hosapete Jn,Rail,190.0,190,190,0.0,1,38.0,840.0,420.0,0,High Demand
C Shivaji Maharaj T-Howrah Jn,Rail,394.75,483,312,69.95891651533778,4,49.34375,2015.75,1007.875,0,High Demand
C Shivaji Maharaj T-Hyderabad Decan,Rail,323.0,418,228,134.35028842544403,2,64.6,790.0,395.0,0,High Demand
C Shivaji Maharaj T-Jabalpur,Rail,511.0,511,511,0.0,1,100.0,997.0,498.5,0,High Demand
C Shivaji Maharaj T-Ksr Bengaluru,Rail,445.0,445,445,0.0,1,55.625,1153.0,576.5,0,High Demand
C Shivaji Maharaj T-Latur,Rail,215.0,215,215,0.0,1,43.0,530.0,265.0,0,High Demand
C Shivaji Maharaj T-Lingampalli,Rail,134.0,134,134,0.0,1,26.8,904.0,452.0,0,High Demand
C Shivaji Maharaj T-Madgaon,Rail,201.0,240,150,40.828911325187214,5,40.2,765.0,382.5,0,High Demand
C Shivaji Maharaj T-Mangalore Jn,Rail,261.0,261,261,0.0,1,32.625,1196.0,598.0,0,High Demand
C Shivaji Maharaj T-Manmad Jn,Rail,118.0,118,118,0.0,1,59.0,261.0,130.5,0,High Demand
C Shivaji Maharaj T-Mgr Chennai Ctr,Rail,390.0,390,390,0.0,1,48.75,1284.0,642.0,0,High Demand
C Shivaji Maharaj T-Nagpur,Rail,513.0,608,418,134.35028842544403,2,91.8,837.0,418.5,0,High Demand
C Shivaji Maharaj T-Pandharpur,Rail,206.0,206,206,0.0,1,41.199999999999996,429.0,214.5,0,High Demand
C Shivaji Maharaj T-Pune Jn,Rail,165.5,254,114,54.57746787823707,6,78.25,191.5,95.75,0,High Demand
C Shivaji Maharaj T-Rewa,Rail,126.0,126,126,0.0,1,15.75,1235.0,617.5,0,High Demand
C Shivaji Maharaj T-Sainagar Shirdi,Rail,243.0,255,231,16.97056274847714,2,73.1,399.0,199.5,0,High Demand
C Shivaji Maharaj T-Solapur Jn,Rail,265.5,285,246,27.577164466275352,2,53.099999999999994,455.0,227.5,0,High Demand
C Shivaji Maharaj T-Varanasi Jn,Rail,433.0,433,433,0.0,1,54.125,1515.0,757.5,0,High Demand
C Shivaji Maharaj T-Vijayapura,Rail,69.0,69,69,0.0,1,13.8,564.0,282.0,0,High Demand
Castle Rock-Miraj Jn,Rail,95.0,132,58,52.32590180780452,2,47.5,211.0,105.5,0,High Demand
Chaibasa-Tatanagar Jn,Rail,84.0,84,84,0.0,1,42.0,62.0,31.0,0,High Demand
Chakradharpur-Gomoh Jn,Rail,140.0,140,140,0.0,1,70.0,239.0,119.5,0,High Demand
Chakradharpur-Howrah Jn,Rail,154.0,193,115,55.154328932550705,2,30.8,441.0,220.5,0,High Demand
Chakradharpur-Rourkela,Rail,85.0,85,85,0.0,1,42.5,101.0,50.5,0,High Demand
Chakradharpur-Tatanagar Jn,Rail,131.0,131,131,0.0,1,65.5,62.0,31.0,0,High Demand
Chakulia-Tatanagar Jn,Rail,163.0,194,132,43.840620433565945,2,81.5,66.5,33.25,0,High Demand
Chalisgaon Jn-Dhule,Rail,142.5,211,58,54.2823307216209,8,70.5625,56.0,30.0,0,High Demand
Chamarajanagar-Mysore Jn,Rail,136.5,165,74,42.11492213772532,4,68.25,60.0,30.0,0,High Demand
Chamarajanagar-Tirupati,Rail,317.0,317,317,0.0,1,63.4,535.0,267.5,0,High Demand
Chamarajanagar-Tumkur,Rail,158.0,158,158,0.0,1,79.0,269.0,134.5,0,High Demand
Chanda Fort-Gondia Jn,Rail,179.0,179,179,0.0,1,89.5,238.0,119.0,0,High Demand
Chanda Fort-Jabalpur,Rail,260.0,260,260,0.0,1,52.0,477.0,238.5,0,High Demand
Chandausi Jn-Moradabad,Rail,190.0,190,190,0.0,1,95.0,44.0,30.0,0,High Demand
Chandausi Jn-Rishikesh,Rail,59.0,59,59,0.0,1,29.5,233.0,116.5,0,High Demand
Chandia Road-Chirmiri,Rail,184.0,184,184,0.0,1,92.0,213.0,106.5,0,High Demand
Chandigarh-Ajmer Jn,Rail,110.0,110,110,0.0,1,22.0,740.0,370.0,0,High Demand
Chandigarh-Amritsar Jn,Rail,194.0,216,158,31.432467291003423,3,93.0,248.0,124.0,0,High Demand
Chandigarh-Bandra Terminus,Rail,276.0,276,276,0.0,1,34.5,1607.0,803.5,0,High Demand
Chandigarh-Dibrugarh,Rail,399.0,399,399,0.0,1,49.875,2660.0,1330.0,0,High Demand
Chandigarh-Firozpur Cantt Jn,Rail,159.0,159,159,0.0,1,79.5,235.0,117.5,0,High Demand
Chandigarh-Lucknow,Rail,354.0,354,354,0.0,1,70.8,667.0,333.5,0,High Demand
Chandigarh-Lucknow Ne,Rail,194.0,194,194,0.0,1,38.800000000000004,724.0,362.0,0,High Demand
Chandigarh-Madgaon,Rail,377.0,377,377,0.0,1,47.125,2367.0,1183.5,0,High Demand
Chandigarh-Madurai Jn,Rail,390.0,556,224,234.75945135393377,2,48.75,3101.0,1550.5,0,High Demand
Chandigarh-New Delhi,Rail,221.0,221,221,0.0,1,100.0,266.0,133.0,0,High Demand
Chandigarh-Patliputra,Rail,367.0,420,314,74.95331880577403,2,45.875,1175.0,587.5,0,High Demand
Chandigarh-Prayagrajsangam,Rail,162.0,162,162,0.0,1,32.4,909.0,454.5,0,High Demand
Chandigarh-Ramnagar,Rail,233.5,309,158,106.77312395916867,2,46.7,418.5,209.25,0,High Demand
Chandigarh-Udaipur City,Rail,238.0,238,238,0.0,1,29.75,1022.0,511.0,0,High Demand
Chandigarh-Yasvantpur Jn,Rail,483.0,483,483,0.0,1,60.375,2883.0,1441.5,0,High Demand
Chandod-Dabhoi Jn,Rail,158.0,158,158,0.0,1,79.0,19.0,30.0,0,High Demand
Chandrapura-Bhojudih Jn,Rail,195.0,195,195,0.0,1,97.5,38.0,30.0,0,High Demand
Chandrapura-Dhanbad Jn,Rail,158.0,158,158,0.0,1,79.0,34.0,30.0,0,High Demand
Channapatna-Ksr Bengaluru,Rail,166.0,166,166,0.0,1,83.0,55.0,30.0,0,High Demand
Charlapalli (Secunderabad-Anakapalle,Rail,413.0,413,413,0.0,1,82.6,651.0,325.5,0,High Demand
Charlapalli (Secunderabad-Darbhanga Jn,Rail,401.0,401,401,0.0,1,50.125,1901.0,950.5,0,High Demand
Charlapalli (Secunderabad-Gorakhpur,Rail,303.0,303,303,0.0,1,37.875,1821.0,910.5,0,High Demand
Charlapalli (Secunderabad-Indore Jn Bg,Rail,470.0,470,470,0.0,1,58.75,1578.0,789.0,0,High Demand
Charlapalli (Secunderabad-Kamakhya,Rail,499.0,499,499,0.0,1,62.375,2552.0,1276.0,0,High Demand
Charlapalli (Secunderabad-Mgr Chennai Ctr,Rail,432.0,432,432,0.0,1,86.4,693.0,346.5,0,High Demand
Charlapalli (Secunderabad-Muzaffarpur Jn,Rail,161.0,161,161,0.0,1,20.125,1892.0,946.0,0,High Demand
Charlapalli (Secunderabad-Nagarcoil Jn,Rail,403.0,403,403,0.0,1,50.375,1488.0,744.0,0,High Demand
Charlapalli (Secunderabad-Narasapur,Rail,155.0,155,155,0.0,1,31.0,439.0,219.5,0,High Demand
Charlapalli (Secunderabad-Shalimar,Rail,169.5,186,153,23.33452377915607,2,21.1875,1558.0,779.0,0,High Demand
Charlapalli (Secunderabad-Silchar,Rail,327.5,425,230,137.88582233137677,2,40.9375,2862.0,1431.0,0,High Demand
Charlapalli (Secunderabad-Thiruvananthapuram North,Rail,378.0,378,378,0.0,1,47.25,1558.0,779.0,0,High Demand
Charlapalli (Secunderabad-Visakhapatnam,Rail,261.0,261,261,0.0,1,52.2,684.0,342.0,0,High Demand
Charlapalli (Secunderabad-Yasvantpur Jn,Rail,263.0,263,263,0.0,1,52.6,710.0,355.0,0,High Demand
Charvattur-Mangalore Central,Rail,127.0,159,95,45.254833995939045,2,63.5,83.0,41.5,0,High Demand
Chaumahla-Kota Jn,Rail,163.0,163,163,0.0,1,81.5,163.0,81.5,0,High Demand
Chengalpattu Jn-Kakinada Port,Rail,434.0,434,434,0.0,1,86.8,756.0,378.0,0,High Demand
Chennai Beach Jn-Avadi,Rail,185.0,185,185,0.0,1,92.5,22.0,30.0,0,High Demand
Chennai Beach Jn-Hyderabad Decan,Rail,411.0,411,411,0.0,1,82.19999999999999,818.0,409.0,0,High Demand
Chennai Beach Jn-Tiruvannamalai,Rail,168.0,168,168,0.0,1,84.0,224.0,112.0,0,High Demand
Chennai Egmore-C Shivaji Maharaj T,Rail,551.0,551,551,0.0,1,68.875,1290.0,645.0,0,High Demand
Chennai Egmore-Jodhpur Jn,Rail,461.0,461,461,0.0,1,57.62500000000001,2355.0,1177.5,0,High Demand
Chennai Egmore-Kanniyakumari,Rail,354.0,354,354,0.0,1,70.8,742.0,371.0,0,High Demand
Chennai Egmore-Karaikkudi Jn,Rail,295.0,295,295,0.0,1,59.0,426.0,213.0,0,High Demand
Chennai Egmore-Kollam Jn,Rail,251.0,282,200,44.50842616853577,3,50.199999999999996,862.0,431.0,0,High Demand
Chennai Egmore-Madurai Jn,Rail,271.6666666666667,344,162,96.57294307068275,3,54.333333333333336,497.0,248.5,0,High Demand
Chennai Egmore-Mannargudi,Rail,304.0,304,304,0.0,1,100.0,357.0,178.5,0,High Demand
Chennai Egmore-Mettur Dam,Rail,96.0,96,96,0.0,1,48.0,393.0,196.5,0,High Demand
Chennai Egmore-Nagarcoil Jn,Rail,213.0,213,213,0.0,1,42.6,727.0,363.5,0,High Demand
Chennai Egmore-Pondicherry,Rail,207.0,350,64,202.2325394193526,2,66.0,196.5,98.25,0,High Demand
Chennai Egmore-Rameswaram,Rail,245.66666666666666,432,151,161.37637166987406,3,49.13333333333333,621.6666666666666,310.8333333333333,0,High Demand
Chennai Egmore-Salem Jn,Rail,410.0,410,410,0.0,1,100.0,353.0,176.5,0,High Demand
Chennai Egmore-Sengottai,Rail,390.0,390,390,0.0,1,78.0,670.0,335.0,0,High Demand
Chennai Egmore-Thanjavur,Rail,119.0,119,119,0.0,1,59.5,351.0,175.5,0,High Demand
Chennai Egmore-Tiruchchirappalli Jn,Rail,327.25,387,241,70.64642005556026,4,81.4,368.5,184.25,0,High Demand
Chennai Egmore-Tiruchendur,Rail,281.0,343,219,87.68124086713189,2,56.2,779.0,389.5,0,High Demand
Chennai Egmore-Tirunelveli,Rail,413.5,419,408,7.7781745930520225,2,82.69999999999999,653.0,326.5,0,High Demand
Chennai Egmore-Tuticorin,Rail,273.5,291,256,24.748737341529164,2,54.7,656.0,328.0,0,High Demand
Chennai Egmore-Vellankanni,Rail,356.0,356,356,0.0,1,100.0,353.0,176.5,0,High Demand
Chennai-Ahmedabad,Air,89.86666666666666,229,16,44.36245341194818,45,56.17438271604938,4012.0,9100.866666666667,1,Low Demand
Chennai-Bangalore,Air,86.23809523809524,227,15,43.36392201898668,42,53.63505291005291,4395.714285714285,10227.42857142857,1,Low Demand
Chennai-Bhubaneswar,Air,83.54545454545455,146,13,31.006716860807078,44,55.972285353535355,4239.375,8705.25,1,Low Demand
Chennai-Cochin,Air,82.76315789473684,221,21,45.87317075550354,38,52.898538011695905,3922.3026315789475,10062.131578947368,1,Low Demand
Chennai-Delhi,Air,83.60975609756098,274,14,49.10187269788215,41,57.60325203252033,4530.914634146341,8564.487804878048,1,Low Demand
Chennai-Goa,Air,104.6923076923077,247,17,63.7652577597393,39,67.00220797720797,4959.423076923077,8131.74358974359,1,Low Demand
Chennai-Guwahati,Air,78.31111111111112,202,18,40.05610963625797,45,51.552530864197536,4326.5,9296.91111111111,1,Low Demand
Chennai-Hyderabad,Air,76.43243243243244,138,20,37.256275042333876,37,52.988063063063066,4369.459459459459,9308.351351351352,1,Low Demand
Chennai-Indore,Air,81.5945945945946,157,19,34.951918926385666,37,53.502627627627625,4724.391891891892,9810.027027027027,1,Low Demand
Chennai-Jaipur,Air,80.97560975609755,240,23,48.240277675858195,41,56.297018970189704,4639.756097560976,9624.658536585366,1,Low Demand
Chennai-Kolkata,Air,80.82978723404256,165,18,39.55805812975688,47,59.36643026004728,4755.478723404255,9214.978723404256,1,Low Demand
Chennai-Lucknow,Air,84.66666666666667,217,22,42.09513035969837,45,53.49283950617284,3946.8333333333335,9465.31111111111,1,Low Demand
Chennai-Mumbai,Air,72.25714285714285,208,26,44.08303852633443,35,54.29904761904762,4560.857142857143,9495.971428571429,1,Low Demand
Chennai-Nagpur,Air,83.36842105263158,176,17,45.40295326305451,38,58.35489766081872,4328.289473684211,9802.447368421053,1,Low Demand
Chennai-Patna,Air,100.625,258,16,56.795473467976414,32,62.249652777777776,4008.28125,8404.3125,1,Low Demand
Chennai-Pune,Air,94.74468085106383,248,23,46.339704116592294,47,59.950709219858155,4050.159574468085,9092.893617021276,1,Low Demand
Chennai-Raipur,Air,91.02222222222223,250,24,54.641180311726295,45,57.85308641975308,4439.833333333333,8820.466666666667,1,Low Demand
Chennai-Surat,Air,83.3913043478261,165,27,41.32606294169419,46,58.53303140096618,4326.684782608696,8554.630434782608,1,Low Demand
Chennai-Varanasi,Air,76.3529411764706,274,16,51.57923140469879,34,49.75049019607843,4650.0,10200.70588235294,1,Low Demand
Chhapra Kachehri-Mau Jn,Rail,315.0,315,315,0.0,1,100.0,179.0,89.5,0,High Demand
Chhapra Kachehri-Thawe Jn,Rail,103.2,189,58,50.14678454297942,5,51.6,112.2,56.1,0,High Demand
Chhapra-Amritsar Jn,Rail,474.0,474,474,0.0,1,59.25,1315.0,657.5,0,High Demand
Chhapra-Anand Vihar Terminal,Rail,331.0,331,331,0.0,1,41.375,1004.0,502.0,0,High Demand
Chhapra-Bhatni Jn,Rail,184.0,184,184,0.0,1,92.0,108.0,54.0,0,High Demand
Chhapra-Delhi,Rail,319.0,319,319,0.0,1,63.800000000000004,1000.0,500.0,0,High Demand
Chhapra-Duraundha Jn,Rail,184.0,184,184,0.0,1,92.0,43.0,30.0,0,High Demand
Chhapra-Farrukhabad Jn,Rail,217.5,285,150,95.45941546018392,2,43.5,686.0,343.0,0,High Demand
Chhapra-Gomtinagar (Lucknow,Rail,278.5,359,198,113.84419177103415,2,55.7,514.0,257.0,0,High Demand
Chhapra-Gorakhpur,Rail,195.0,205,185,14.142135623730951,2,96.25,179.5,89.75,0,High Demand
Chhapra-Jhusi,Rail,183.0,183,183,0.0,1,91.5,319.0,159.5,0,High Demand
Chhapra-Lokmanyatilak,Rail,343.6666666666667,519,133,195.41067865736852,3,42.958333333333336,1948.6666666666667,974.3333333333334,0,High Demand
Chhapra-Mathura Jn,Rail,311.5,497,126,262.33661582020915,2,62.300000000000004,881.0,440.5,0,High Demand
Chhapra-Mau Jn,Rail,145.0,145,145,0.0,1,72.5,132.0,66.0,0,High Demand
Chhapra-Mgr Chennai Ctr,Rail,440.0,440,440,0.0,1,55.00000000000001,2341.0,1170.5,0,High Demand
Chhapra-Nautanwa,Rail,113.0,113,113,0.0,1,56.49999999999999,262.0,131.0,0,High Demand
Chhapra-Sonpur Jn,Rail,138.5,210,67,101.1162697096763,2,66.75,54.0,30.0,0,High Demand
Chhapra-Varanasi City,Rail,240.0,315,200,65.0,3,100.0,208.33333333333334,104.16666666666667,0,High Demand
Chheharta-Ludhiana Jn,Rail,60.0,60,60,0.0,1,30.0,142.0,71.0,0,High Demand
Chheharta-Saharsa Jn,Rail,189.0,189,189,0.0,1,23.625,1590.0,795.0,0,High Demand
Chhindwara Jn-Amla Jn,Rail,128.33333333333334,187,79,54.60158727851538,3,64.16666666666667,114.66666666666667,57.333333333333336,0,High Demand
Chhindwara Jn-Amritsar Jn,Rail,159.0,159,159,0.0,1,19.875,1551.0,775.5,0,High Demand
Chhindwara Jn-Bordhal,Rail,121.0,121,121,0.0,1,60.5,88.0,44.0,0,High Demand
Chhindwara Jn-Nainpur Jn,Rail,83.0,106,60,32.526911934581186,2,41.5,139.0,69.5,0,High Demand
Chhindwara Jn-Nsc Bose Itwari,Rail,106.5,118,95,16.263455967290593,2,53.25,142.0,71.0,0,High Demand
Chhota Udepur-Pratap Nagar,Rail,142.0,171,113,41.012193308819754,2,71.0,99.0,49.5,0,High Demand
Chikjajur Jn-Guntakal Jn,Rail,170.0,205,135,49.49747468305833,2,83.75,232.5,116.25,0,High Demand
Chikjajur Jn-Hubballi Jn,Rail,139.0,139,139,0.0,1,69.5,192.0,96.0,0,High Demand
Chikkamagalur-Shivamogga Town,Rail,183.0,183,183,0.0,1,91.5,114.0,57.0,0,High Demand
Chikkamagalur-Tirupati,Rail,156.0,156,156,0.0,1,31.2,596.0,298.0,0,High Demand
Chikkamagalur-Yasvantpur Jn,Rail,94.5,142,47,67.17514421272202,2,47.25,246.0,123.0,0,High Demand
Chiraidongri-Nainpur Jn,Rail,210.0,210,210,0.0,1,100.0,18.0,30.0,0,High Demand
Chirmiri-Anuppur Jn,Rail,66.0,66,66,0.0,1,33.0,86.0,43.0,0,High Demand
Chirmiri-Bhopal  Jn,Rail,214.0,214,214,0.0,1,42.8,653.0,326.5,0,High Demand
Chirmiri-Bilaspur Jn,Rail,318.0,318,318,0.0,1,100.0,237.0,118.5,0,High Demand
Chirmiri-Chandia Road,Rail,77.0,77,77,0.0,1,38.5,213.0,106.5,0,High Demand
Chirmiri-Durg,Rail,242.0,242,242,0.0,1,100.0,381.0,190.5,0,High Demand
Chirmiri-Katni,Rail,78.5,91,66,17.67766952966369,2,39.25,253.0,126.5,0,High Demand
Chirmiri-Rewa,Rail,204.0,306,102,144.2497833620557,2,40.8,401.5,200.75,0,High Demand
Chitradurg-Harihar,Rail,164.0,164,164,0.0,1,82.0,92.0,46.0,0,High Demand
Chitradurg-Hubballi Jn,Rail,344.0,344,344,0.0,1,100.0,224.0,112.0,0,High Demand
Chitrakot-Kanpur Central,Rail,281.0,342,220,86.2670273047588,2,100.0,269.0,134.5,0,High Demand
Chittapur-Secunderabad Jn,Rail,199.0,199,199,0.0,1,99.5,170.0,85.0,0,High Demand
Chittaurgarh-Asarva Jn (Ahmedabad,Rail,155.0,155,155,0.0,1,31.0,412.0,206.0,0,High Demand
Chittaurgarh-Udaipur City,Rail,178.0,178,178,0.0,1,89.0,114.0,57.0,0,High Demand
Chittaurgarh-Ujjain Jn,Rail,229.0,229,229,0.0,1,100.0,291.0,145.5,0,High Demand
Chittoor-Bangalore,Bus,30.509090909090908,58,7,11.6171532295244,55,59.16636363636364,354.37981818181817,501.6645454545454,1,Low Demand
Chittoor-Kacheguda,Rail,209.0,209,209,0.0,1,41.8,708.0,354.0,0,High Demand
Chopan-Barwadih Jn,Rail,344.0,344,344,0.0,1,100.0,202.0,101.0,0,High Demand
Chopan-Bhopal  Jn,Rail,157.0,157,157,0.0,1,31.4,723.0,361.5,0,High Demand
Chopan-Gomoh Jn,Rail,63.0,63,63,0.0,1,12.6,461.0,230.5,0,High Demand
Chopan-Katni,Rail,99.0,149,49,70.71067811865476,2,49.5,323.0,161.5,0,High Demand
Chopan-Prayagraj Jn,Rail,172.0,240,104,96.16652224137046,2,76.0,223.5,111.75,0,High Demand
Chopan-Ranchi,Rail,255.5,284,227,40.30508652763321,2,72.7,434.0,217.0,0,High Demand
Chopan-Shaktinagar,Rail,155.5,205,106,70.0035713374682,2,76.5,82.0,41.0,0,High Demand
Choranda Jn-Miyagam Karjan Jn,Rail,55.0,55,55,0.0,1,27.500000000000004,13.0,30.0,0,High Demand
Chunar Jn-Barwadih Jn,Rail,96.0,96,96,0.0,1,48.0,304.0,152.0,0,High Demand
Churu-Ludhiana Jn,Rail,190.0,190,190,0.0,1,95.0,338.0,169.0,0,High Demand
Cochin-Ahmedabad,Air,91.6470588235294,196,36,45.01978174828374,34,61.46919934640523,4398.75,10378.0,1,Low Demand
Cochin-Bangalore,Air,75.03846153846153,155,21,41.248154581875006,52,54.34273504273504,4263.8942307692305,10299.615384615385,1,Low Demand
Cochin-Bhubaneswar,Air,88.25,259,28,50.123074333535854,32,54.94696180555555,4072.03125,9744.6875,1,Low Demand
Cochin-Chennai,Air,81.5909090909091,138,23,30.6482809425868,44,58.55397727272727,4691.420454545455,9866.0,1,Low Demand
Cochin-Delhi,Air,61.83783783783784,171,19,36.72004713861166,37,51.85427927927928,3928.3783783783783,9322.972972972973,1,Low Demand
Cochin-Goa,Air,70.97368421052632,168,14,42.78386083819348,38,51.438961988304094,4579.934210526316,9367.842105263158,1,Low Demand
Cochin-Guwahati,Air,83.14634146341463,182,22,39.4940254820965,41,57.62520325203252,4680.182926829269,9201.682926829268,1,Low Demand
Cochin-Hyderabad,Air,88.4,195,21,42.87721040848849,30,60.05287037037037,4313.75,8474.2,1,Low Demand
Cochin-Indore,Air,84.7872340425532,196,23,41.985471695427115,47,60.640248226950355,4394.68085106383,9287.68085106383,1,Low Demand
Cochin-Jaipur,Air,84.85185185185185,169,24,45.107311111055104,27,56.922119341563786,4061.1111111111113,8116.37037037037,1,Low Demand
Cochin-Kolkata,Air,81.13888888888889,157,20,37.787490581466834,36,55.95748456790123,4349.166666666667,9462.833333333334,1,Low Demand
Cochin-Lucknow,Air,79.72972972972973,171,20,42.24771436858293,37,56.560360360360356,4476.283783783784,9824.648648648648,1,Low Demand
Cochin-Mumbai,Air,92.93023255813954,164,33,40.55413510055606,43,58.1953488372093,4661.162790697675,9115.116279069767,1,Low Demand
Cochin-Nagpur,Air,95.91111111111111,217,20,50.31438535585398,45,56.89364197530865,4009.1666666666665,8519.644444444444,1,Low Demand
Cochin-Patna,Air,72.78787878787878,183,20,39.573316116858955,33,52.21069023569024,3720.681818181818,8967.30303030303,1,Low Demand
Cochin-Pune,Air,92.78260869565217,240,27,45.48304350389068,46,59.35314009661836,4337.771739130435,8502.08695652174,1,Low Demand
Cochin-Raipur,Air,74.43333333333334,158,32,31.84843777182402,30,46.820092592592594,3867.5,9335.933333333332,1,Low Demand
Cochin-Surat,Air,78.77777777777777,152,20,38.02413602746183,36,59.18433641975308,4278.333333333333,8281.694444444445,1,Low Demand
Cochin-Varanasi,Air,84.06666666666666,224,30,43.95290060126143,30,56.238888888888894,4781.25,9103.133333333333,1,Low Demand
Coimbatore Jn-Bangalore Cant,Rail,366.0,366,366,0.0,1,100.0,377.0,188.5,0,High Demand
Coimbatore Jn-Erode Jn,Rail,148.5,199,98,71.4177848998413,2,74.25,101.0,50.5,0,High Demand
Coimbatore Jn-Hazrat Nizamuddin,Rail,556.0,556,556,0.0,1,69.5,2715.0,1357.5,0,High Demand
Coimbatore Jn-Jaipur,Rail,246.0,246,246,0.0,1,30.75,2685.0,1342.5,0,High Demand
Coimbatore Jn-Kannur (Cannanore,Rail,278.0,360,196,115.96551211459379,2,99.0,273.5,136.75,0,High Demand
Coimbatore Jn-Ksr Bengaluru,Rail,111.0,111,111,0.0,1,22.2,432.0,216.0,0,High Demand
Coimbatore Jn-Lokmanyatilak,Rail,408.0,408,408,0.0,1,51.0,1501.0,750.5,0,High Demand
Coimbatore Jn-Madurai Jn,Rail,230.0,230,230,0.0,1,100.0,233.0,116.5,0,High Demand
Coimbatore Jn-Mangalore Central,Rail,241.0,327,155,121.62236636408618,2,48.2,405.0,202.5,0,High Demand
Coimbatore Jn-Mannargudi,Rail,297.0,297,297,0.0,1,100.0,335.0,167.5,0,High Demand
Coimbatore Jn-Mayiladuturai Jn,Rail,360.0,360,360,0.0,1,100.0,362.0,181.0,0,High Demand
Coimbatore Jn-Mettupalaiyam,Rail,147.5,160,135,17.67766952966369,2,73.75,39.0,30.0,0,High Demand
Coimbatore Jn-Mgr Chennai Ctr,Rail,282.0,370,154,72.18587119374538,6,56.400000000000006,497.0,248.5,0,High Demand
Coimbatore Jn-Nagarcoil Jn,Rail,293.5,418,169,176.06958851545033,2,58.7,536.0,268.0,0,High Demand
Coimbatore Jn-Palghat Town,Rail,78.0,78,78,0.0,1,39.0,59.0,30.0,0,High Demand
Coimbatore Jn-Pollachi Jn,Rail,156.0,210,53,89.23564310296643,3,75.5,46.0,30.0,0,High Demand
Coimbatore Jn-Rajkot Jn,Rail,204.0,204,204,0.0,1,25.5,2237.0,1118.5,0,High Demand
Coimbatore Jn-Rameswaram,Rail,117.0,117,117,0.0,1,23.400000000000002,506.0,253.0,0,High Demand
Coimbatore Jn-Shoranur Jn,Rail,116.5,133,100,23.33452377915607,2,58.25,98.0,49.0,0,High Demand
Coimbatore Jn-Silchar,Rail,337.5,488,187,212.83914113715082,2,42.1875,3492.0,1746.0,0,High Demand
Coimbatore Jn-Tirupati,Rail,281.0,281,281,0.0,1,56.2,472.0,236.0,0,High Demand
Coimbatore Jn-Tuticorin,Rail,353.0,353,353,0.0,1,70.6,465.0,232.5,0,High Demand
Coonoor-Udagamandalam,Rail,133.33333333333334,192,66,63.44551468254737,3,66.66666666666667,19.0,30.0,0,High Demand
Cossimbazar-Azimganj,Rail,121.33333333333333,166,82,42.2532050066422,3,60.666666666666664,13.0,30.0,0,High Demand
Cuddalore Port Jn-Mysore Jn,Rail,271.0,271,271,0.0,1,54.2,756.0,378.0,0,High Demand
Cuddapah-Arakkonam,Rail,158.0,186,130,39.59797974644666,2,79.0,192.0,96.0,0,High Demand
Cuddapah-Visakhapatnam,Rail,291.0,291,291,0.0,1,58.199999999999996,871.0,435.5,0,High Demand
Cuttack-Bhadrakh,Rail,68.0,81,55,18.384776310850235,2,34.0,116.0,58.0,0,High Demand
Cuttack-Brahmapur,Rail,134.0,134,134,0.0,1,67.0,193.0,96.5,0,High Demand
Cuttack-Gunupur,Rail,277.0,373,181,135.7645019878171,2,95.25,382.0,191.0,0,High Demand
Cuttack-Palasa,Rail,105.0,129,81,33.94112549695428,2,52.5,267.0,133.5,0,High Demand
Cuttack-Paradeep,Rail,176.33333333333334,199,164,19.655363983740752,3,88.16666666666667,83.0,41.5,0,High Demand
Cuttack-Puri,Rail,102.0,102,102,0.0,1,51.0,90.0,45.0,0,High Demand
Dabhoi Jn-Miyagam Karjan Jn,Rail,110.0,148,72,53.74011537017761,2,55.0,36.0,30.0,0,High Demand
Dadar Wr-Ahmedabad Jn,Rail,195.0,195,195,0.0,1,39.0,486.0,243.0,0,High Demand
Dadar Wr-Ajmer Jn,Rail,355.0,355,355,0.0,1,71.0,978.0,489.0,0,High Demand
Dadar Wr-Bhagat Ki Kothi (Jodhpur,Rail,337.0,337,337,0.0,1,67.4,946.0,473.0,0,High Demand
Dadar Wr-Bhuj,Rail,330.5,413,248,116.67261889578035,2,66.1,843.5,421.75,0,High Demand
Dadar Wr-Bhusaval Jn,Rail,404.0,404,404,0.0,1,80.80000000000001,582.0,291.0,0,High Demand
Dadar Wr-Ekta Nagar,Rail,271.0,271,271,0.0,1,54.2,469.0,234.5,0,High Demand
Dadar Wr-Hanumangarh Jn,Rail,269.0,269,269,0.0,1,33.625,1450.0,725.0,0,High Demand
Dadar Wr-Jodhpur Jn,Rail,385.0,385,385,0.0,1,77.0,950.0,475.0,0,High Demand
Dadar Wr-Porbandar,Rail,297.0,297,297,0.0,1,59.4,949.0,474.5,0,High Demand
Dadar Wr-Shri Ganganagar,Rail,291.0,291,291,0.0,1,36.375,1546.0,773.0,0,High Demand
Dadar-Hubballi Jn,Rail,284.0,284,284,0.0,1,56.8,737.0,368.5,0,High Demand
Dadar-Sainagar Shirdi,Rail,223.66666666666666,276,193,45.54484969053398,3,83.89999999999999,370.3333333333333,185.16666666666666,0,High Demand
Dadar-Satara,Rail,345.0,345,345,0.0,1,69.0,691.0,345.5,0,High Demand
Dadar-Sawantwadi Road,Rail,268.0,268,268,0.0,1,53.6,647.0,323.5,0,High Demand
Dahanu Road-Borivali,Rail,58.0,58,58,0.0,1,28.999999999999996,90.0,45.0,0,High Demand
Dahanu Road-Panvel,Rail,189.0,189,189,0.0,1,94.5,138.0,69.0,0,High Demand
Dahanu Road-Vadodara Jn,Rail,179.0,179,179,0.0,1,89.5,272.0,136.0,0,High Demand
Dahar Ka Balaji-Bhiwani,Rail,363.0,363,363,0.0,1,100.0,285.0,142.5,0,High Demand
Dahej-Bharuch Jn,Rail,135.0,135,135,0.0,1,67.5,61.0,30.5,0,High Demand
Dahod-Anand Jn,Rail,74.0,74,74,0.0,1,37.0,151.0,75.5,0,High Demand
Dahod-Bhopal  Jn,Rail,300.0,386,214,121.62236636408618,2,100.0,394.0,197.0,0,High Demand
Dahod-Ratlam Jn,Rail,151.5,163,140,16.263455967290593,2,75.75,113.0,56.5,0,High Demand
Dahod-Vadodara Jn,Rail,161.5,194,129,45.96194077712559,2,80.75,144.0,72.0,0,High Demand
Dahod-Valsad,Rail,139.0,139,139,0.0,1,69.5,346.0,173.0,0,High Demand
Dakor-Anand Jn,Rail,104.0,134,74,42.42640687119285,2,52.0,30.0,30.0,0,High Demand
Daliganj Jn-Mailani,Rail,181.0,220,142,55.154328932550705,2,85.5,187.0,93.5,0,High Demand
Daliganj Jn-Sitapur Jn,Rail,157.0,178,136,29.698484809834994,2,78.5,81.0,40.5,0,High Demand
Dalli Rajhara-Raipur Jn,Rail,283.0,283,283,0.0,1,100.0,126.0,63.0,0,High Demand
Damoh-Bhopal  Jn,Rail,351.0,351,351,0.0,1,100.0,290.0,145.0,0,High Demand
Damoh-Bina Jn,Rail,92.0,92,92,0.0,1,46.0,152.0,76.0,0,High Demand
Danapur-Anand Vihar Terminal,Rail,203.0,203,203,0.0,1,40.6,996.0,498.0,0,High Demand
Danapur-Barauni Jn,Rail,150.0,150,150,0.0,1,75.0,117.0,58.5,0,High Demand
Danapur-Bhagalpur,Rail,327.0,327,327,0.0,1,100.0,232.0,116.0,0,High Demand
Danapur-Buxar,Rail,52.0,52,52,0.0,1,26.0,108.0,54.0,0,High Demand
Danapur-Jhajha,Rail,158.0,158,158,0.0,1,79.0,187.0,93.5,0,High Demand
Danapur-Jogbani,Rail,330.5,378,283,67.17514421272202,2,78.3,392.0,196.0,0,High Demand
Danapur-Koderma,Rail,119.0,119,119,0.0,1,59.5,260.0,130.0,0,High Demand
Danapur-Narkatiaganj Jn,Rail,193.0,193,193,0.0,1,96.5,318.0,159.0,0,High Demand
Danapur-Rajgir,Rail,121.0,121,121,0.0,1,60.5,106.0,53.0,0,High Demand
Danapur-Sahibganj  Jn,Rail,347.0,347,347,0.0,1,100.0,306.0,153.0,0,High Demand
Danapur-Smvt Bengaluru,Rail,388.0,388,388,0.0,1,48.5,2684.0,1342.0,0,High Demand
Danapur-Sogaria (Kota,Rail,229.0,229,229,0.0,1,28.625,1175.0,587.5,0,High Demand
Danapur-Tilaiya,Rail,190.0,190,190,0.0,1,95.0,152.0,76.0,0,High Demand
Danapur-Udhna Jn (Surat,Rail,292.0,380,204,124.45079348883236,2,36.5,1594.0,797.0,0,High Demand
Dankaur-Delhi,Rail,202.0,202,202,0.0,1,100.0,54.0,30.0,0,High Demand
Dankaur-Shakurbasti ( Delhi,Rail,207.0,207,207,0.0,1,100.0,71.0,35.5,0,High Demand
Darbhanga Jn-Ahmedabad Jn,Rail,480.0,480,480,0.0,1,60.0,1835.0,917.5,0,High Demand
Darbhanga Jn-Amritsar Jn,Rail,515.0,515,515,0.0,1,64.375,1487.0,743.5,0,High Demand
Darbhanga Jn-Anand Vihar Terminal,Rail,172.0,172,172,0.0,1,21.5,1142.0,571.0,0,High Demand
Darbhanga Jn-Charlapalli (Secunderabad,Rail,330.0,330,330,0.0,1,41.25,1901.0,950.5,0,High Demand
Darbhanga Jn-Gomtinagar (Lucknow,Rail,202.0,202,202,0.0,1,40.400000000000006,632.0,316.0,0,High Demand
Darbhanga Jn-Howrah Jn,Rail,108.0,108,108,0.0,1,21.6,536.0,268.0,0,High Demand
Darbhanga Jn-Jalandhar City,Rail,370.0,370,370,0.0,1,46.25,1401.0,700.5,0,High Demand
Darbhanga Jn-Jaynagar,Rail,180.0,180,180,0.0,1,90.0,68.0,34.0,0,High Demand
Darbhanga Jn-Jhanjharpur Jn,Rail,68.0,68,68,0.0,1,34.0,39.0,30.0,0,High Demand
Darbhanga Jn-Kolkata,Rail,168.0,168,168,0.0,1,33.6,539.0,269.5,0,High Demand
Darbhanga Jn-Madar Jn (Ajmer,Rail,424.0,424,424,0.0,1,53.0,1313.0,656.5,0,High Demand
Darbhanga Jn-Mysore Jn,Rail,454.0,454,454,0.0,1,56.75,3040.0,1520.0,0,High Demand
Darbhanga Jn-New Tinsukia,Rail,306.0,306,306,0.0,1,38.25,1392.0,696.0,0,High Demand
Darbhanga Jn-Patliputra,Rail,205.0,212,198,9.899494936611665,2,99.5,206.0,103.0,0,High Demand
Darbhanga Jn-Raxaul Jn,Rail,49.0,49,49,0.0,1,24.5,153.0,76.5,0,High Demand
Darbhanga Jn-Samastipur Jn,Rail,179.0,179,179,0.0,1,89.5,37.0,30.0,0,High Demand
Darbhanga Jn-Varanasi City,Rail,172.0,172,172,0.0,1,34.4,404.0,202.0,0,High Demand
Darjeeling-Darjeeling,Rail,204.57142857142858,333,91,85.89503561240977,21,82.88095238095238,13.285714285714286,30.0,0,High Demand
Darjeeling-Kurseong,Rail,294.0,307,281,18.384776310850235,2,100.0,31.0,30.0,0,High Demand
Darjeeling-New Jalpaiguri,Rail,77.5,110,45,45.96194077712559,2,38.75,88.0,44.0,0,High Demand
Daspalla-Bhadrakh,Rail,64.0,64,64,0.0,1,32.0,267.0,133.5,0,High Demand
Daspalla-Bhubaneswar,Rail,149.0,216,82,94.75230867899737,2,70.5,125.0,62.5,0,High Demand
Daspalla-Puri,Rail,166.0,166,166,0.0,1,83.0,150.0,75.0,0,High Demand
Daulatpur Chowk-Delhi,Rail,365.0,375,355,14.142135623730951,2,73.0,415.0,207.5,0,High Demand
Daulatpur Chowk-Gandhinagar Capital,Rail,225.0,225,225,0.0,1,28.125,1400.0,700.0,0,High Demand
Daulatpur Chowk-Nangal Dam,Rail,127.0,127,127,0.0,1,63.5,59.0,30.0,0,High Demand
Daulatpur Chowk-New Delhi,Rail,476.0,476,476,0.0,1,95.19999999999999,454.0,227.0,0,High Demand
Daulatpur Chowk-Sabarmati Bg,Rail,482.0,482,482,0.0,1,60.25,1378.0,689.0,0,High Demand
Daund Jn-Gwalior Jn,Rail,273.0,273,273,0.0,1,34.125,1447.0,723.5,0,High Demand
Daund Jn-H Sahib Nanded,Rail,157.0,157,157,0.0,1,31.4,586.0,293.0,0,High Demand
Daund Jn-Indore Jn Bg,Rail,369.0,369,369,0.0,1,46.125,1048.0,524.0,0,High Demand
Daund Jn-Nizamabad,Rail,141.0,141,141,0.0,1,28.199999999999996,699.0,349.5,0,High Demand
Daund Jn-Pune Jn,Rail,143.0,143,143,0.0,1,71.5,78.0,39.0,0,High Demand
Daurai (Ajmer-Godda,Rail,415.0,415,415,0.0,1,51.87500000000001,1681.0,840.5,0,High Demand
Daurai (Ajmer-New Delhi,Rail,370.0,370,370,0.0,1,74.0,450.0,225.0,0,High Demand
Daurai (Ajmer-Tanakpur,Rail,320.0,320,320,0.0,1,64.0,779.0,389.5,0,High Demand
Dauram Madhepura-Saharsa Jn,Rail,160.0,160,160,0.0,1,80.0,22.0,30.0,0,High Demand
Dd Upadhyaya Jn-Ara,Rail,46.0,46,46,0.0,1,23.0,198.0,99.0,0,High Demand
Dd Upadhyaya Jn-Buxar,Rail,97.0,97,97,0.0,1,48.5,90.0,45.0,0,High Demand
Dd Upadhyaya Jn-Dehri On Son,Rail,68.0,68,68,0.0,1,34.0,119.0,59.5,0,High Demand
Dd Upadhyaya Jn-Dildarnagar Jn,Rail,151.0,151,151,0.0,1,75.5,54.0,30.0,0,High Demand
Dd Upadhyaya Jn-Faizabad Jn,Rail,108.0,108,108,0.0,1,54.0,214.0,107.0,0,High Demand
Dd Upadhyaya Jn-Gaya Jn,Rail,203.0,203,203,0.0,1,100.0,204.0,102.0,0,High Demand
Dd Upadhyaya Jn-Jaunpur Jn,Rail,47.0,47,47,0.0,1,23.5,76.0,38.0,0,High Demand
Dd Upadhyaya Jn-Patna Jn,Rail,205.5,309,110,81.42276503943272,4,88.5,208.0,104.0,0,High Demand
Dd Upadhyaya Jn-Subedarganj (Prayagraj Jn,Rail,128.0,135,121,9.899494936611665,2,64.0,157.0,78.5,0,High Demand
Dd Upadhyaya Jn-Varanasi Jn,Rail,45.0,45,45,0.0,1,22.5,17.0,30.0,0,High Demand
Deeg-Bayana Jn,Rail,130.0,130,130,0.0,1,65.0,116.0,58.0,0,High Demand
Dehradun-Amritsar Jn,Rail,137.0,137,137,0.0,1,27.400000000000002,529.0,264.5,0,High Demand
Dehradun-Anand Vihar Terminal,Rail,114.0,114,114,0.0,1,56.99999999999999,302.0,151.0,0,High Demand
Dehradun-Banaras,Rail,276.0,321,231,63.63961030678928,2,55.2,840.0,420.0,0,High Demand
Dehradun-Gorakhpur,Rail,349.0,349,349,0.0,1,69.8,815.0,407.5,0,High Demand
Dehradun-Howrah Jn,Rail,343.5,484,178,134.0907652798407,4,42.9375,1587.0,793.5,0,High Demand
Dehradun-Kathgodam,Rail,270.0,306,234,50.91168824543142,2,100.0,336.0,168.0,0,High Demand
Dehradun-Kota Jn,Rail,424.0,424,424,0.0,1,84.8,760.0,380.0,0,High Demand
Dehradun-Lucknow Ne,Rail,401.0,401,401,0.0,1,80.2,545.0,272.5,0,High Demand
Dehradun-Muzaffarpur Jn,Rail,178.0,178,178,0.0,1,22.25,1124.0,562.0,0,High Demand
Dehradun-New Delhi,Rail,283.3333333333333,368,137,127.24909953839882,3,89.5,308.3333333333333,154.16666666666666,0,High Demand
Dehradun-Okha,Rail,267.0,267,267,0.0,1,33.375,1680.0,840.0,0,High Demand
Dehradun-Saharanpur,Rail,64.0,64,64,0.0,1,32.0,132.0,66.0,0,High Demand
Dehradun-Shakurbasti ( Delhi,Rail,205.0,271,139,93.33809511662427,2,84.75,344.5,172.25,0,High Demand
Dehradun-Subedarganj (Prayagraj Jn,Rail,278.0,278,278,0.0,1,55.60000000000001,860.0,430.0,0,High Demand
Dehradun-Tanakpur,Rail,244.0,244,244,0.0,1,48.8,452.0,226.0,0,High Demand
Dehri On Son-Barka Kana,Rail,224.0,224,224,0.0,1,100.0,317.0,158.5,0,High Demand
Dehri On Son-Barwadih Jn,Rail,98.5,133,64,48.79036790187178,2,49.25,159.0,79.5,0,High Demand
Dehri On Son-Dd Upadhyaya Jn,Rail,138.0,138,138,0.0,1,69.0,119.0,59.5,0,High Demand
Dehri On Son-Gaya Jn,Rail,157.66666666666666,168,139,16.196707484341786,3,78.83333333333333,85.0,42.5,0,High Demand
Dekargaon-Bhalukpong,Rail,138.0,179,97,57.982756057296896,2,69.0,64.0,32.0,0,High Demand
Dekargaon-Guwahati,Rail,256.0,256,256,0.0,1,100.0,191.0,95.5,0,High Demand
Dekargaon-Murkeongselek,Rail,192.0,226,158,48.08326112068523,2,89.5,357.0,178.5,0,High Demand
Dekargaon-Rangapara North,Rail,116.0,116,116,0.0,1,57.99999999999999,21.0,30.0,0,High Demand
Dekargaon-Rangiya Jn,Rail,160.0,209,79,70.66116330771806,3,78.5,144.0,72.0,0,High Demand
Delhi Cantt-Bhatinda Jn,Rail,212.0,212,212,0.0,1,100.0,300.0,150.0,0,High Demand
Delhi Cantt-Bikaner Jn,Rail,188.0,188,188,0.0,1,37.6,448.0,224.0,0,High Demand
Delhi Cantt-Jaipur,Rail,120.0,120,120,0.0,1,60.0,393.0,196.5,0,High Demand
Delhi Cantt-Jodhpur Jn,Rail,190.0,190,190,0.0,1,38.0,606.0,303.0,0,High Demand
Delhi S Rohilla-Ajmer Jn,Rail,369.0,369,369,0.0,1,100.0,373.0,186.5,0,High Demand
Delhi S Rohilla-Bandra Terminus,Rail,356.5,485,228,181.7264427649427,2,44.56249999999999,1389.0,694.5,0,High Demand
Delhi S Rohilla-Barmer,Rail,351.0,351,351,0.0,1,70.19999999999999,825.0,412.5,0,High Demand
Delhi S Rohilla-Bhavnagar Terminus,Rail,137.0,137,137,0.0,1,17.125,1159.0,579.5,0,High Demand
Delhi S Rohilla-Bhuj,Rail,518.0,518,518,0.0,1,64.75,1154.0,577.0,0,High Demand
Delhi S Rohilla-Bikaner Jn,Rail,345.0,425,259,83.16249154516716,3,69.0,649.3333333333334,324.6666666666667,0,High Demand
Delhi S Rohilla-Indore Jn Bg,Rail,442.0,442,442,0.0,1,88.4,931.0,465.5,0,High Demand
Delhi S Rohilla-Jaipur,Rail,196.0,196,196,0.0,1,98.0,303.0,151.5,0,High Demand
Delhi S Rohilla-Jammu Tawi,Rail,300.0,300,300,0.0,1,60.0,578.0,289.0,0,High Demand
Delhi S Rohilla-Jodhpur Jn,Rail,263.6666666666667,386,169,111.1140555165427,3,52.73333333333333,620.0,310.0,0,High Demand
Delhi S Rohilla-Kalka,Rail,134.0,134,134,0.0,1,67.0,305.0,152.5,0,High Demand
Delhi S Rohilla-Lalgarh Jn,Rail,194.0,194,194,0.0,1,38.800000000000004,461.0,230.5,0,High Demand
Delhi S Rohilla-Mtyr C Tushar M,Rail,350.0,350,350,0.0,1,70.0,631.0,315.5,0,High Demand
Delhi S Rohilla-Pathankot Jn,Rail,394.0,394,394,0.0,1,78.8,494.0,247.0,0,High Demand
Delhi S Rohilla-Porbandar,Rail,429.0,429,429,0.0,1,53.625,1375.0,687.5,0,High Demand
Delhi S Rohilla-Rajkot Jn,Rail,305.0,305,305,0.0,1,38.125,1106.0,553.0,0,High Demand
Delhi S Rohilla-Sikar Jn,Rail,254.0,311,197,80.61017305526642,2,99.25,292.0,146.0,0,High Demand
Delhi S Rohilla-Udaipur City,Rail,202.0,229,175,38.18376618407357,2,40.400000000000006,670.5,335.25,0,High Demand
Delhi S Rohilla-Yasvantpur Jn,Rail,513.0,513,513,0.0,1,64.125,2365.0,1182.5,0,High Demand
Delhi Shahdara-Shamli,Rail,89.0,89,89,0.0,1,44.5,87.0,43.5,0,High Demand
Delhi-Ahmedabad,Air,86.47826086956522,269,21,53.809432932003375,46,55.34015700483092,4193.641304347826,9665.130434782608,1,Low Demand
Delhi-Aligarh Jn,Rail,158.5,189,128,43.1335136523794,2,79.25,126.0,63.0,0,High Demand
Delhi-Alipur Duar Jn,Rail,443.0,443,443,0.0,1,55.375,1664.0,832.0,0,High Demand
Delhi-Ambala Cant Jn,Rail,148.5,239,58,127.9863273947651,2,64.5,262.0,131.0,0,High Demand
Delhi-Amritsar Jn,Rail,194.0,255,133,86.2670273047588,2,38.8,447.0,223.5,0,High Demand
Delhi-Atari Jn,Rail,157.0,157,157,0.0,1,31.4,472.0,236.0,0,High Demand
Delhi-Ayodhya Cantt,Rail,302.0,302,302,0.0,1,60.4,615.0,307.5,0,High Demand
Delhi-Azamgarh,Rail,384.0,384,384,0.0,1,76.8,803.0,401.5,0,High Demand
Delhi-Bangalore,Air,76.29545454545455,215,18,41.947131479082906,44,53.12929292929293,3969.8863636363635,9342.431818181818,1,Low Demand
Delhi-Bareilly,Rail,160.5,246,75,120.91525958289962,2,68.75,272.5,136.25,0,High Demand
Delhi-Barmer,Rail,137.0,137,137,0.0,1,27.400000000000002,829.0,414.5,0,High Demand
Delhi-Bhatinda Jn,Rail,213.5,245,182,44.54772721475249,2,95.5,337.0,168.5,0,High Demand
Delhi-Bhiwani,Rail,108.0,108,108,0.0,1,54.0,119.0,59.5,0,High Demand
Delhi-Bhubaneswar,Air,80.32432432432432,243,13,46.33576375763113,37,49.162912912912915,3480.4054054054054,9680.486486486487,1,Low Demand
Delhi-Chennai,Air,87.125,191,13,47.19947375321726,32,56.16041666666667,4127.8125,9771.15625,1,Low Demand
Delhi-Chhapra,Rail,443.0,443,443,0.0,1,88.6,1000.0,500.0,0,High Demand
Delhi-Cochin,Air,78.68888888888888,191,27,40.04419275921758,45,55.817716049382724,4473.833333333333,8871.466666666667,1,Low Demand
Delhi-Dankaur,Rail,184.0,184,184,0.0,1,92.0,54.0,30.0,0,High Demand
Delhi-Daulatpur Chowk,Rail,187.0,274,100,123.03657992645927,2,37.400000000000006,415.0,207.5,0,High Demand
Delhi-Dibrugarh,Rail,165.0,165,165,0.0,1,20.625,2588.0,1294.0,0,High Demand
Delhi-Farukhnagar,Rail,104.0,104,104,0.0,1,52.0,52.0,30.0,0,High Demand
Delhi-Fazilka Jn,Rail,302.0,302,302,0.0,1,60.4,522.0,261.0,0,High Demand
Delhi-Firozpur Cantt Jn,Rail,253.0,253,253,0.0,1,50.6,486.0,243.0,0,High Demand
Delhi-Gaya Jn,Rail,237.0,237,237,0.0,1,47.4,983.0,491.5,0,High Demand
Delhi-Ghaziabad,Rail,148.42857142857142,200,121,28.907076082147217,7,74.21428571428571,22.571428571428573,30.0,0,High Demand
Delhi-Goa,Air,70.09756097560975,225,16,44.941520266925096,41,52.46144986449864,3877.8658536585367,10094.512195121952,1,Low Demand
Delhi-Godda,Rail,179.0,179,179,0.0,1,22.375,1315.0,657.5,0,High Demand
Delhi-Guwahati,Air,85.73076923076923,197,28,41.833055409411315,52,62.646153846153844,3913.269230769231,8808.076923076924,1,Low Demand
Delhi-Haridwar Jn,Rail,235.0,331,134,98.59513172565875,3,89.0,240.33333333333334,120.16666666666667,0,High Demand
Delhi-Hathras Qilah,Rail,44.0,44,44,0.0,1,22.0,161.0,80.5,0,High Demand
Delhi-Hisar,Rail,143.0,143,143,0.0,1,71.5,294.0,147.0,0,High Demand
Delhi-Hyderabad,Air,71.32608695652173,142,22,31.90893594648237,46,53.089070048309175,4612.173913043478,8880.173913043478,1,Low Demand
Delhi-Indore,Air,75.05882352941177,232,23,46.11510051538077,34,54.71732026143791,4890.0,9948.20588235294,1,Low Demand
Delhi-Jaipur,Air,84.21621621621621,150,23,37.28205938453443,37,58.243768768768774,4510.743243243243,8761.513513513513,1,Low Demand
Delhi-Jaisalmer,Rail,444.0,444,444,0.0,1,88.8,849.0,424.5,0,High Demand
Delhi-Jakhal Jn,Rail,190.0,190,190,0.0,1,95.0,199.0,99.5,0,High Demand
Delhi-Jalandhar City,Rail,280.0,280,280,0.0,1,56.00000000000001,433.0,216.5,0,High Demand
Delhi-Jind Jn,Rail,177.5,197,158,27.577164466275352,2,88.75,127.0,63.5,0,High Demand
Delhi-Jodhpur Jn,Rail,267.0,320,214,74.95331880577403,2,53.4,620.0,310.0,0,High Demand
Delhi-Kalka,Rail,213.5,368,59,218.4959953866432,2,64.75,267.0,133.5,0,High Demand
Delhi-Kamakhya,Rail,393.0,393,393,0.0,1,49.125,2028.0,1014.0,0,High Demand
Delhi-Katihar Jn,Rail,167.0,167,167,0.0,1,20.875,1417.0,708.5,0,High Demand
Delhi-Khurja Jn,Rail,136.5,150,123,19.091883092036785,2,68.25,83.0,41.5,0,High Demand
Delhi-Kolkata,Air,71.24528301886792,159,11,39.298123688022685,53,51.007389937106915,4058.3490566037735,9522.566037735849,1,Low Demand
Delhi-Kotdwara,Rail,177.0,185,169,11.313708498984761,2,88.5,238.0,119.0,0,High Demand
Delhi-Kurukshetra Jn,Rail,175.0,175,175,0.0,1,87.5,247.0,123.5,0,High Demand
Delhi-Lucknow,Air,89.18,171,25,35.608809962406426,50,56.81455555555555,3799.5,9250.5,1,Low Demand
Delhi-Maa Belha Devi Dham Pratapgarh Jn,Rail,359.0,359,359,0.0,1,71.8,660.0,330.0,0,High Demand
Delhi-Moradabad,Rail,161.5,199,124,53.033008588991066,2,80.75,161.0,80.5,0,High Demand
Delhi-Mumbai,Air,84.23529411764706,240,18,49.290148271003815,34,56.27173202614379,4282.5,10017.323529411764,1,Low Demand
Delhi-Nagpur,Air,88.71794871794872,215,18,44.32472799094187,39,61.25612535612536,3965.576923076923,9010.897435897436,1,Low Demand
Delhi-Narwana Jn,Rail,97.0,97,97,0.0,1,48.5,161.0,80.5,0,High Demand
Delhi-Palwal,Rail,170.0,171,169,1.4142135623730951,2,85.0,58.5,30.0,0,High Demand
Delhi-Panipat Jn,Rail,134.4,188,97,38.572010577619615,5,67.2,88.0,44.0,0,High Demand
Delhi-Pathankot Jn,Rail,219.0,219,219,0.0,1,43.8,554.0,277.0,0,High Demand
Delhi-Patna,Air,89.93023255813954,213,21,45.49536624695562,43,56.80523255813954,4068.139534883721,9092.744186046511,1,Low Demand
Delhi-Pune,Air,77.60606060606061,181,20,42.1195763525847,33,48.582070707070706,4547.5,9952.030303030304,1,Low Demand
Delhi-Qasimpur Kheri,Rail,91.0,91,91,0.0,1,45.5,64.0,32.0,0,High Demand
Delhi-Raipur,Air,91.74074074074075,154,20,43.39052767295982,27,59.877469135802464,4268.888888888889,8447.407407407407,1,Low Demand
Delhi-Ramnagar,Rail,214.0,214,214,0.0,1,100.0,239.0,119.5,0,High Demand
Delhi-Rewari,Rail,95.0,127,58,34.77067730142742,3,47.5,82.0,41.0,0,High Demand
Delhi-Rishikesh,Rail,64.0,64,64,0.0,1,32.0,284.0,142.0,0,High Demand
Delhi-Rohtak Jn,Rail,120.0,120,120,0.0,1,60.0,70.0,35.0,0,High Demand
Delhi-Sabarmati Bg,Rail,328.0,328,328,0.0,1,65.60000000000001,928.0,464.0,0,High Demand
Delhi-Saharanpur,Rail,158.4,262,81,55.48613440411137,10,74.4,171.7,85.85,0,High Demand
Delhi-Sahibabad,Rail,190.0,190,190,0.0,1,95.0,13.0,30.0,0,High Demand
Delhi-Satrod,Rail,130.0,130,130,0.0,1,65.0,215.0,107.5,0,High Demand
Delhi-Shamli,Rail,158.42857142857142,266,62,65.55368574142658,7,73.64285714285714,93.0,46.5,0,High Demand
Delhi-Shri Ganganagar,Rail,338.0,338,338,0.0,1,67.60000000000001,424.0,212.0,0,High Demand
Delhi-Sitamarhi,Rail,238.0,238,238,0.0,1,29.75,1053.0,526.5,0,High Demand
Delhi-Surat,Air,88.42553191489361,171,20,41.84949466260332,47,57.31170212765958,3841.276595744681,9145.468085106382,1,Low Demand
Delhi-Tanakpur,Rail,292.5,338,247,64.34671708797582,2,100.0,395.0,197.5,0,High Demand
Delhi-Tundla Jn,Rail,61.0,61,61,0.0,1,30.5,204.0,102.0,0,High Demand
Delhi-Varanasi,Air,89.375,240,23,44.56725686662108,40,57.050069444444446,4290.375,9538.6,1,Low Demand
Delvada-Junagadh Jn,Rail,148.0,148,148,0.0,1,74.0,160.0,80.0,0,High Demand
Delvada-Veraval,Rail,116.0,116,116,0.0,1,57.99999999999999,95.0,47.5,0,High Demand
Deoghar-Agartala,Rail,145.0,145,145,0.0,1,18.125,1474.0,737.0,0,High Demand
Deoghar-Dibrugarh,Rail,220.0,220,220,0.0,1,27.500000000000004,1297.0,648.5,0,High Demand
Deoghar-Godda,Rail,149.0,149,149,0.0,1,74.5,80.0,40.0,0,High Demand
Deoghar-Howrah Jn,Rail,320.0,320,320,0.0,1,64.0,418.0,209.0,0,High Demand
Deoghar-Jamalpur Jn,Rail,121.0,121,121,0.0,1,60.5,159.0,79.5,0,High Demand
Deoghar-Jhajha,Rail,103.0,103,103,0.0,1,51.5,50.0,30.0,0,High Demand
Deoghar-Patna Jn,Rail,98.0,98,98,0.0,1,49.0,227.0,113.5,0,High Demand
Deoghar-Varanasi Jn,Rail,306.0,306,306,0.0,1,61.199999999999996,454.0,227.0,0,High Demand
Devlali-Bhusaval Jn,Rail,106.5,111,102,6.363961030678928,2,53.25,263.0,131.5,0,High Demand
Dhaka Cantt-New Jalpaiguri,Rail,148.0,148,148,0.0,1,29.599999999999998,595.0,297.5,0,High Demand
Dhaka-Kolkata,Rail,308.5,380,237,101.1162697096763,2,100.0,375.0,187.5,0,High Demand
Dhamtari-Kendri,Rail,65.33333333333333,85,48,18.610033136277142,3,32.666666666666664,51.0,30.0,0,High Demand
Dhanbad Jn-Adityapur,Rail,207.0,207,207,0.0,1,100.0,190.0,95.0,0,High Demand
Dhanbad Jn-Alleppey,Rail,224.0,224,224,0.0,1,28.000000000000004,2535.0,1267.5,0,High Demand
Dhanbad Jn-Asansol Jn,Rail,59.0,59,59,0.0,1,29.5,58.0,30.0,0,High Demand
Dhanbad Jn-Bankura,Rail,60.0,60,60,0.0,1,30.0,119.0,59.5,0,High Demand
Dhanbad Jn-Bhopal  Jn,Rail,453.0,453,453,0.0,1,56.625,1201.0,600.5,0,High Demand
Dhanbad Jn-Bhubaneswar,Rail,392.0,487,297,134.35028842544403,2,78.39999999999999,780.0,390.0,0,High Demand
Dhanbad Jn-Chandrapura,Rail,152.0,152,152,0.0,1,76.0,34.0,30.0,0,High Demand
Dhanbad Jn-Howrah Jn,Rail,299.5,337,262,53.033008588991066,2,100.0,265.0,132.5,0,High Demand
Dhanbad Jn-Jhargram,Rail,153.0,153,153,0.0,1,76.5,296.0,148.0,0,High Demand
Dhanbad Jn-Lokmanyatilak,Rail,241.0,241,241,0.0,1,30.125,1860.0,930.0,0,High Demand
Dhanbad Jn-Muri,Rail,155.0,155,155,0.0,1,77.5,101.0,50.5,0,High Demand
Dhanbad Jn-Patna Jn,Rail,184.5,223,146,54.44722215136416,2,86.5,329.5,164.75,0,High Demand
Dhanbad Jn-Podanur Jn,Rail,286.0,286,286,0.0,1,35.75,2212.0,1106.0,0,High Demand
Dhanbad Jn-Ranchi,Rail,179.0,257,101,110.30865786510141,2,75.25,166.5,83.25,0,High Demand
Dhanbad Jn-Sasaram,Rail,303.0,303,303,0.0,1,100.0,302.0,151.0,0,High Demand
Dhanbad Jn-Sindri Town,Rail,123.5,133,114,13.435028842544403,2,61.75,28.0,30.0,0,High Demand
Dharmabad-Manmad Jn,Rail,379.0,379,379,0.0,1,75.8,422.0,211.0,0,High Demand
Dharmanagar-Agartala,Rail,79.0,79,79,0.0,1,39.5,140.0,70.0,0,High Demand
Dharmanagar-Silchar,Rail,77.0,77,77,0.0,1,38.5,117.0,58.5,0,High Demand
Dharmapuri-Ksr Bengaluru,Rail,48.0,48,48,0.0,1,24.0,151.0,75.5,0,High Demand
Dharmavaram Jn-Machelipatnam,Rail,331.0,331,331,0.0,1,66.2,695.0,347.5,0,High Demand
Dharmavaram Jn-Narasapur,Rail,347.5,409,286,86.97413408594535,2,69.5,794.0,397.0,0,High Demand
Dharwad-Ambewadi,Rail,130.0,130,130,0.0,1,65.0,63.0,31.5,0,High Demand
Dharwad-Hubballi Jn,Rail,78.0,111,45,46.66904755831214,2,39.0,20.0,30.0,0,High Demand
Dharwad-Ksr Bengaluru,Rail,306.5,365,248,82.73149339882606,2,61.3,490.0,245.0,0,High Demand
Dharwad-Solapur Jn,Rail,204.0,204,204,0.0,1,100.0,378.0,189.0,0,High Demand
Dhasa-Jetalsar Jn,Rail,170.0,212,128,59.39696961966999,2,82.0,104.0,52.0,0,High Demand
Dhola Jn-Mahuva Jn,Rail,91.0,91,91,0.0,1,45.5,152.0,76.0,0,High Demand
Dholpur (Ng-Sirmuttra,Rail,110.0,110,110,0.0,1,55.00000000000001,70.0,35.0,0,High Demand
Dholpur (Ng-Tantpur,Rail,67.0,67,67,0.0,1,33.5,58.0,30.0,0,High Demand
Dhone Jn-Guntur Jn,Rail,204.0,358,50,217.78888860545663,2,62.5,333.0,166.5,0,High Demand
Dhubri-Guwahati,Rail,211.0,211,211,0.0,1,100.0,290.0,145.0,0,High Demand
Dhubri-Kamakhya,Rail,147.5,210,85,88.38834764831844,2,71.25,295.0,147.5,0,High Demand
Dhubri-Rl Guwahati,Rail,339.0,339,339,0.0,1,100.0,290.0,145.0,0,High Demand
Dhule-C Shivaji Maharaj T,Rail,196.5,252,141,78.48885271170677,2,85.25,384.0,192.0,0,High Demand
Dhule-Chalisgaon Jn,Rail,119.5,202,51,59.91577421681205,6,59.583333333333336,56.0,30.0,0,High Demand
Dhule-Pune Jn,Rail,272.0,272,272,0.0,1,54.400000000000006,436.0,218.0,0,High Demand
Dhuri Jn-Bhatinda Jn,Rail,163.0,322,56,140.41723540933285,3,61.166666666666664,95.0,47.5,0,High Demand
Dhuri Jn-Sirsa,Rail,173.0,173,173,0.0,1,86.5,229.0,114.5,0,High Demand
Dibrugarh-Chandigarh,Rail,413.0,413,413,0.0,1,51.625,2638.0,1319.0,0,High Demand
Dibrugarh-Delhi,Rail,418.5,509,328,127.9863273947651,2,52.3125,2588.0,1294.0,0,High Demand
Dibrugarh-Deoghar,Rail,427.0,427,427,0.0,1,53.37499999999999,1297.0,648.5,0,High Demand
Dibrugarh-Gomtinagar (Lucknow,Rail,429.0,429,429,0.0,1,53.625,1895.0,947.5,0,High Demand
Dibrugarh-Guwahati,Rail,237.33333333333334,336,152,92.7218061371398,3,47.46666666666667,540.6666666666666,270.3333333333333,0,High Demand
Dibrugarh-Howrah Jn,Rail,250.5,369,132,167.58430714121175,2,31.3125,1440.5,720.25,0,High Demand
Dibrugarh-Jhajha,Rail,438.0,438,438,0.0,1,54.75,1710.0,855.0,0,High Demand
Dibrugarh-Kanniyakumari,Rail,251.0,317,185,93.33809511662427,2,31.375,4188.5,2094.25,0,High Demand
Dibrugarh-Kolkata,Rail,347.0,347,347,0.0,1,43.375,1355.0,677.5,0,High Demand
Dibrugarh-Lalgarh Jn,Rail,203.0,203,203,0.0,1,25.374999999999996,3115.0,1557.5,0,High Demand
Dibrugarh-Lokmanyatilak,Rail,155.0,155,155,0.0,1,19.375,3147.0,1573.5,0,High Demand
Dibrugarh-New Delhi,Rail,569.0,620,542,44.19275958796871,3,71.125,2401.0,1200.5,0,High Demand
Dibrugarh-Rajendranagar T,Rail,395.0,395,395,0.0,1,49.375,1503.0,751.5,0,High Demand
Dibrugarh-Simaluguri Jn,Rail,215.0,215,215,0.0,1,100.0,96.0,48.0,0,High Demand
Digha F S-Asansol Jn,Rail,156.0,156,156,0.0,1,78.0,372.0,186.0,0,High Demand
Digha F S-Howrah Jn,Rail,201.5,344,112,101.29001266989093,4,82.75,185.75,92.875,0,High Demand
Digha F S-Malda Town,Rail,107.0,107,107,0.0,1,21.4,653.0,326.5,0,High Demand
Digha F S-Mecheda,Rail,182.0,215,149,46.66904755831214,2,87.25,131.5,65.75,0,High Demand
Digha F S-New Jalpaiguri,Rail,391.0,391,391,0.0,1,78.2,776.0,388.0,0,High Demand
Digha F S-Panskura,Rail,132.16666666666666,179,75,45.23457379777847,6,66.08333333333333,119.33333333333333,59.666666666666664,0,High Demand
Digha F S-Puri,Rail,388.0,388,388,0.0,1,77.60000000000001,549.0,274.5,0,High Demand
Digha F S-Santragachi Jn,Rail,156.5,166,147,13.435028842544403,2,78.25,178.0,89.0,0,High Demand
Digha F S-Visakhapatnam,Rail,149.0,149,149,0.0,1,29.799999999999997,929.0,464.5,0,High Demand
Dildarnagar Jn-Dd Upadhyaya Jn,Rail,87.0,87,87,0.0,1,43.5,54.0,30.0,0,High Demand
Dildarnagar Jn-Ghazipur City,Rail,165.0,226,104,86.2670273047588,2,76.0,28.0,30.0,0,High Demand
Dildarnagar Jn-Tarighat,Rail,119.5,176,63,79.90306627407988,2,59.75,19.0,30.0,0,High Demand
Dimapur-Mariani Jn,Rail,201.0,201,201,0.0,1,100.0,155.0,77.5,0,High Demand
Dindigul Jn-Madurai Jn,Rail,199.0,199,199,0.0,1,99.5,66.0,33.0,0,High Demand
Dindigul Jn-Villupuram Jn,Rail,327.0,327,327,0.0,1,100.0,272.0,136.0,0,High Demand
Diva Jn-Panvel,Rail,121.5,133,110,16.263455967290593,2,60.75,26.5,30.0,0,High Demand
Diva Jn-Pen,Rail,85.66666666666667,142,47,49.903239707791855,3,42.833333333333336,63.0,31.5,0,High Demand
Diva Jn-Ratnagiri,Rail,187.0,187,187,0.0,1,93.5,309.0,154.5,0,High Demand
Diva Jn-Roha,Rail,134.33333333333334,180,87,46.52239604033023,3,67.16666666666667,105.0,52.5,0,High Demand
Diva Jn-Sawantwadi Road,Rail,135.0,156,114,29.698484809834994,2,27.0,613.0,306.5,0,High Demand
Diva Jn-Vasai Road,Rail,167.0,204,104,43.98484587521783,4,83.0,42.0,30.0,0,High Demand
Dohrighat-Mau Jn,Rail,174.0,174,174,0.0,1,87.0,43.0,30.0,0,High Demand
Dombivli-Boisar,Rail,85.0,85,85,0.0,1,42.5,92.0,46.0,0,High Demand
Dongargarh-Bilaspur Jn,Rail,182.0,182,182,0.0,1,91.0,214.0,107.0,0,High Demand
Dongargarh-Gondia Jn,Rail,97.5,129,66,44.54772721475249,2,48.75,73.0,36.5,0,High Demand
Dongargarh-Raipur Jn,Rail,80.0,95,65,21.213203435596427,2,40.0,98.0,49.0,0,High Demand
Dornakal Jn-Bhadrachalam Road,Rail,184.0,184,184,0.0,1,92.0,56.0,30.0,0,High Demand
Dornakal Jn-Kazipet Jn,Rail,188.0,188,188,0.0,1,94.0,97.0,48.5,0,High Demand
Dornakal Jn-Vijayawada Jn,Rail,149.0,149,149,0.0,1,74.5,124.0,62.0,0,High Demand
Dr Ambedkar Ngr (Mhow-Bhopal  Jn,Rail,317.0,317,317,0.0,1,100.0,239.0,119.5,0,High Demand
Dr Ambedkar Ngr (Mhow-Indore Jn Bg,Rail,119.0,119,119,0.0,1,59.5,21.0,30.0,0,High Demand
Dr Ambedkar Ngr (Mhow-Kamakhya,Rail,424.0,424,424,0.0,1,53.0,2345.0,1172.5,0,High Demand
Dr Ambedkar Ngr (Mhow-Nagpur,Rail,408.0,408,408,0.0,1,81.6,628.0,314.0,0,High Demand
Dr Ambedkar Ngr (Mhow-New Delhi,Rail,290.0,290,290,0.0,1,57.99999999999999,845.0,422.5,0,High Demand
Dr Ambedkar Ngr (Mhow-Omkareshwar Rd,Rail,172.33333333333334,211,112,52.93706955747866,3,84.33333333333333,58.0,30.0,0,High Demand
Dr Ambedkar Ngr (Mhow-Rewa,Rail,148.0,148,148,0.0,1,29.599999999999998,831.0,415.5,0,High Demand
Dr Ambedkar Ngr (Mhow-Shmata Vd Katra,Rail,504.0,504,504,0.0,1,63.0,1639.0,819.5,0,High Demand
Dr Ambedkar Ngr (Mhow-Yasvantpur Jn,Rail,448.0,448,448,0.0,1,56.00000000000001,1928.0,964.0,0,High Demand
Dullabcherra-Badarpur Jn,Rail,180.0,180,180,0.0,1,90.0,73.0,36.5,0,High Demand
Dullabcherra-Guwahati,Rail,106.0,106,106,0.0,1,21.2,411.0,205.5,0,High Demand
Dullabcherra-Silchar,Rail,216.0,216,216,0.0,1,100.0,103.0,51.5,0,High Demand
Dumka-Jasidih Jn,Rail,140.5,170,111,41.71930009000631,2,70.25,71.0,35.5,0,High Demand
Dumka-Patna Jn,Rail,227.0,227,227,0.0,1,100.0,338.0,169.0,0,High Demand
Dumka-Prayahat Halt,Rail,191.0,191,191,0.0,1,95.5,57.0,30.0,0,High Demand
Dumka-Ranchi,Rail,155.0,155,155,0.0,1,77.5,395.0,197.5,0,High Demand
Duraundha Jn-Chhapra,Rail,49.0,49,49,0.0,1,24.5,43.0,30.0,0,High Demand
Duraundha Jn-Maharajganj,Rail,118.0,153,99,30.347981810987037,3,59.0,6.0,30.0,0,High Demand
Duraundha Jn-Masrakh,Rail,146.5,188,105,58.68986283848344,2,73.25,58.0,30.0,0,High Demand
Duraundha Jn-Siwan Jn,Rail,66.0,76,56,14.142135623730951,2,33.0,17.5,30.0,0,High Demand
Durg-Ara,Rail,422.0,422,422,0.0,1,52.75,1163.0,581.5,0,High Demand
Durg-Chhapra,Rail,456.0,456,456,0.0,1,56.99999999999999,1082.0,541.0,0,High Demand
Durg-Chirmiri,Rail,141.0,141,141,0.0,1,70.5,384.0,192.0,0,High Demand
Durg-Gondia Jn,Rail,168.0,168,168,0.0,1,84.0,135.0,67.5,0,High Demand
Durg-Hatia,Rail,207.0,207,207,0.0,1,41.4,620.0,310.0,0,High Demand
Durg-Jagdalpur,Rail,147.0,147,147,0.0,1,29.4,658.0,329.0,0,High Demand
Durg-Jammu Tawi,Rail,472.0,472,472,0.0,1,59.0,1938.0,969.0,0,High Demand
Durg-Nautanwa,Rail,227.0,227,227,0.0,1,28.375,1151.0,575.5,0,High Demand
Durg-Puri,Rail,239.0,239,239,0.0,1,47.8,796.0,398.0,0,High Demand
Durg-Raipur Jn,Rail,94.4,131,65,25.764316408552354,5,47.2,36.0,30.0,0,High Demand
Durg-Visakhapatnam,Rail,162.0,188,140,24.24871130596428,3,32.4,565.0,282.5,0,High Demand
Durgapur-Asansol Jn,Rail,81.0,81,81,0.0,1,40.5,42.0,30.0,0,High Demand
Ekta Nagar-Ahmedabad Jn,Rail,367.5,397,338,41.71930009000631,2,100.0,183.0,91.5,0,High Demand
Ekta Nagar-Dadar Wr,Rail,329.0,329,329,0.0,1,65.8,469.0,234.5,0,High Demand
Ekta Nagar-Hazrat Nizamuddin,Rail,472.0,472,472,0.0,1,59.0,1069.0,534.5,0,High Demand
Ekta Nagar-Pratap Nagar,Rail,123.0,204,63,72.80796659706958,3,60.833333333333336,77.0,38.5,0,High Demand
Ekta Nagar-Rewa,Rail,443.0,443,443,0.0,1,55.375,1338.0,669.0,0,High Demand
Eluru-Hyderabad,Bus,39.95161290322581,60,25,9.217637084495687,62,74.725,338.8106451612903,470.1741935483871,1,Low Demand
Ernakulam Jn-Ajmer Jn,Rail,343.0,343,343,0.0,1,42.875,2855.0,1427.5,0,High Demand
Ernakulam Jn-Alleppey,Rail,129.33333333333334,207,83,67.67815994346576,3,63.5,57.0,30.0,0,High Demand
Ernakulam Jn-Barauni Jn,Rail,471.0,471,471,0.0,1,58.875,3445.0,1722.5,0,High Demand
Ernakulam Jn-Guruvayur,Rail,136.25,195,75,63.5262412970682,4,68.125,97.0,48.5,0,High Demand
Ernakulam Jn-Hazrat Nizamuddin,Rail,428.75,607,286,138.08059240892618,4,53.59375,2940.0,1470.0,0,High Demand
Ernakulam Jn-Howrah Jn,Rail,232.0,232,232,0.0,1,28.999999999999996,2294.0,1147.0,0,High Demand
Ernakulam Jn-Kannur (Cannanore,Rail,118.0,118,118,0.0,1,59.0,283.0,141.5,0,High Demand
Ernakulam Jn-Karaikal,Rail,207.0,207,207,0.0,1,41.4,593.0,296.5,0,High Demand
Ernakulam Jn-Kayankulam,Rail,155.0,215,65,71.90734779330042,4,74.25,107.0,53.5,0,High Demand
Ernakulam Jn-Kollam Jn,Rail,103.66666666666667,168,59,36.70240682389463,6,51.833333333333336,153.0,76.5,0,High Demand
Ernakulam Jn-Kottayam,Rail,114.33333333333333,178,64,58.15783122962318,3,57.166666666666664,60.0,30.333333333333332,0,High Demand
Ernakulam Jn-Ksr Bengaluru,Rail,265.0,350,208,75.02666192761077,3,53.0,604.0,302.0,0,High Demand
Ernakulam Jn-Lokmanyatilak,Rail,418.0,418,418,0.0,1,52.25,1595.0,797.5,0,High Demand
Ernakulam Jn-Madgaon,Rail,274.0,274,274,0.0,1,54.800000000000004,846.0,423.0,0,High Demand
Ernakulam Jn-Okha,Rail,164.0,164,164,0.0,1,20.5,2552.0,1276.0,0,High Demand
Ernakulam Jn-Palakkad,Rail,119.0,119,119,0.0,1,59.5,151.0,75.5,0,High Demand
Ernakulam Jn-Patna Jn,Rail,281.5,285,278,4.949747468305833,2,35.1875,3017.5,1508.75,0,High Demand
Ernakulam Jn-Pune Jn,Rail,294.0,330,258,50.91168824543142,2,36.75,1547.0,773.5,0,High Demand
Ernakulam Jn-Shoranur Jn,Rail,170.0,195,145,35.35533905932738,2,85.0,108.5,54.25,0,High Demand
Ernakulam Jn-Tatanagar Jn,Rail,328.0,328,328,0.0,1,41.0,2297.0,1148.5,0,High Demand
Ernakulam Jn-Thiruvananthapuram Central,Rail,252.0,252,252,0.0,1,100.0,220.0,110.0,0,High Demand
Ernakulam Jn-Vellankanni,Rail,144.0,164,124,28.284271247461902,2,28.800000000000004,705.0,352.5,0,High Demand
Erode Jn-Coimbatore Jn,Rail,152.0,152,152,0.0,1,76.0,101.0,50.5,0,High Demand
Erode Jn-Jogbani,Rail,272.0,272,272,0.0,1,34.0,3129.0,1564.5,0,High Demand
Erode Jn-Jolarpettai,Rail,98.66666666666667,132,58,37.5410886008029,3,49.333333333333336,182.33333333333334,91.16666666666667,0,High Demand
Erode Jn-Mettur Dam,Rail,73.0,90,56,24.041630560342615,2,36.5,101.0,50.5,0,High Demand
Erode Jn-Mgr Chennai Ctr,Rail,201.0,201,201,0.0,1,100.0,396.0,198.0,0,High Demand
Erode Jn-Palghat Town,Rail,87.0,87,87,0.0,1,43.5,159.0,79.5,0,High Demand
Erode Jn-Salem Jn,Rail,126.0,126,126,0.0,1,63.0,59.0,30.0,0,High Demand
Erode Jn-Sengottai,Rail,276.0,276,276,0.0,1,55.2,442.0,221.0,0,High Demand
Erode Jn-Tiruchchirappalli Jn,Rail,179.33333333333334,214,138,38.43609414773219,3,87.33333333333333,141.0,70.5,0,High Demand
Erode Jn-Tirunelveli,Rail,294.0,380,208,121.62236636408618,2,88.0,406.5,203.25,0,High Demand
Etah-Agra Fort,Rail,106.0,106,106,0.0,1,53.0,91.0,45.5,0,High Demand
Etah-Tundla Jn,Rail,64.33333333333333,93,48,24.906491790963525,3,32.166666666666664,73.0,36.5,0,High Demand
Etawah-Agra Cantt,Rail,70.5,95,46,34.64823227814083,2,35.25,120.0,60.0,0,High Demand
Etawah-Bhind,Rail,158.0,158,158,0.0,1,79.0,37.0,30.0,0,High Demand
Etawah-Gwalior Jn,Rail,146.33333333333334,188,82,56.518433571122024,3,73.16666666666667,118.0,59.0,0,High Demand
Etawah-Kanpur Central,Rail,142.5,147,138,6.363961030678928,2,71.25,139.5,69.75,0,High Demand
Etawah-Kota Jn,Rail,360.0,360,360,0.0,1,72.0,531.0,265.5,0,High Demand
Etawah-Phaphund,Rail,56.5,62,51,7.7781745930520225,2,28.25,56.0,30.0,0,High Demand
Etawah-Tundla Jn,Rail,78.5,106,51,38.890872965260115,2,39.25,92.0,46.0,0,High Demand
Etawah-Virangana Lakshmibai(Jhanshi,Rail,190.0,190,190,0.0,1,95.0,216.0,108.0,0,High Demand
Faizabad Jn-Dd Upadhyaya Jn,Rail,81.0,81,81,0.0,1,40.5,214.0,107.0,0,High Demand
Faizabad Jn-Kanpur Anwarganj,Rail,176.0,176,176,0.0,1,88.0,204.0,102.0,0,High Demand
Faizabad Jn-Lucknow,Rail,123.5,184,63,85.55992052357225,2,61.75,127.0,63.5,0,High Demand
Faizabad Jn-Mankapur Jn,Rail,74.0,74,74,0.0,1,37.0,46.0,30.0,0,High Demand
Faizabad Jn-Prayagrajsangam,Rail,159.5,169,150,13.435028842544403,2,79.75,153.0,76.5,0,High Demand
Falaknuma-Kalaburagi,Rail,115.0,115,115,0.0,1,57.49999999999999,235.0,117.5,0,High Demand
Falaknuma-Wadi,Rail,163.0,163,163,0.0,2,81.5,199.0,99.5,0,High Demand
Farrukhabad Jn-Bareilly,Rail,234.0,234,234,0.0,1,100.0,390.0,195.0,0,High Demand
Farrukhabad Jn-Chhapra,Rail,170.5,193,148,31.81980515339464,2,34.1,684.0,342.0,0,High Demand
Farrukhabad Jn-Kanpur Anwarganj,Rail,58.0,67,49,12.727922061357855,2,29.0,136.0,68.0,0,High Demand
Farrukhabad Jn-Kanpur Central,Rail,100.0,124,76,33.94112549695428,2,50.0,139.0,69.5,0,High Demand
Farrukhabad Jn-Kasganj,Rail,213.5,243,184,41.71930009000631,2,96.0,108.0,54.0,0,High Demand
Farrukhabad Jn-Tundla Jn,Rail,173.0,173,173,0.0,1,86.5,143.0,71.5,0,High Demand
Farukhnagar-Delhi,Rail,119.0,119,119,0.0,1,59.5,52.0,30.0,0,High Demand
Fatehpur Shekhawati-Sikar Jn,Rail,207.0,207,207,0.0,1,100.0,47.0,30.0,0,High Demand
Fatehpur-Kanpur Central,Rail,68.0,68,68,0.0,1,34.0,78.0,39.0,0,High Demand
Fatuha-Buxar,Rail,200.5,211,190,14.849242404917497,2,97.5,140.0,70.0,0,High Demand
Fatuha-Hilsa Block,Rail,103.5,155,52,72.8319984622144,2,51.75,20.0,30.0,0,High Demand
Fatuha-Natesar,Rail,77.0,77,77,0.0,1,38.5,62.0,31.0,0,High Demand
Fatuha-Rajgir,Rail,152.0,152,152,0.0,1,76.0,68.0,34.0,0,High Demand
Fazilka Jn-Bhatinda Jn,Rail,108.0,108,108,0.0,1,54.0,116.0,58.0,0,High Demand
Fazilka Jn-Delhi,Rail,319.0,319,319,0.0,1,63.800000000000004,522.0,261.0,0,High Demand
Fazilka Jn-Firozpur Cantt Jn,Rail,197.0,197,197,0.0,1,98.5,88.0,44.0,0,High Demand
Fazilka Jn-Rewari,Rail,150.5,164,137,19.091883092036785,2,30.1,423.0,211.5,0,High Demand
Firozpur Cantt Jn-Agartala,Rail,457.0,457,457,0.0,1,57.125,2918.0,1459.0,0,High Demand
Firozpur Cantt Jn-Bhatinda Jn,Rail,141.66666666666666,197,62,70.71303510197632,3,70.83333333333333,87.0,43.5,0,High Demand
Firozpur Cantt Jn-C Shivaji Maharaj T,Rail,222.0,222,222,0.0,1,27.750000000000004,1930.0,965.0,0,High Demand
Firozpur Cantt Jn-Chandigarh,Rail,283.0,283,283,0.0,1,100.0,235.0,117.5,0,High Demand
Firozpur Cantt Jn-Delhi,Rail,331.0,331,331,0.0,1,66.2,486.0,243.0,0,High Demand
Firozpur Cantt Jn-Dhanbad Jn,Rail,191.0,191,191,0.0,1,23.875,1599.0,799.5,0,High Demand
Firozpur Cantt Jn-Fazilka Jn,Rail,121.0,121,121,0.0,1,60.5,88.0,44.0,0,High Demand
Firozpur Cantt Jn-H Sahib Nanded,Rail,395.0,395,395,0.0,1,49.375,2021.0,1010.5,0,High Demand
Firozpur Cantt Jn-Hanumangarh Jn,Rail,273.0,273,273,0.0,1,100.0,251.0,125.5,0,High Demand
Firozpur Cantt Jn-Haridwar Jn,Rail,217.0,217,217,0.0,1,43.4,446.0,223.0,0,High Demand
Firozpur Cantt Jn-Jalandhar City,Rail,143.0,143,143,0.0,1,71.5,117.0,58.5,0,High Demand
Firozpur Cantt Jn-Jind Jn,Rail,125.0,151,99,36.76955262170047,2,62.5,257.0,128.5,0,High Demand
Firozpur Cantt Jn-Ludhiana Jn,Rail,172.66666666666666,217,93,69.13995468130807,3,82.16666666666667,124.0,62.0,0,High Demand
Firozpur Cantt Jn-Mandapam,Rail,359.0,359,359,0.0,1,44.875,3520.0,1760.0,0,High Demand
Firozpur Cantt Jn-Mumbai Central,Rail,390.0,390,390,0.0,1,48.75,1770.0,885.0,0,High Demand
Firozpur Cantt Jn-New Delhi,Rail,335.0,335,335,0.0,1,67.0,453.0,226.5,0,High Demand
Firozpur Cantt Jn-Rameswaram,Rail,306.0,306,306,0.0,1,38.25,3537.0,1768.5,0,High Demand
Firozpur Cantt Jn-Sabarmati Bg,Rail,291.0,291,291,0.0,1,36.375,1493.0,746.5,0,High Demand
Firozpur Cantt Jn-Sahibzada Ajitsingh Nagar(Mohali,Rail,119.0,119,119,0.0,1,59.5,224.0,112.0,0,High Demand
Firozpur Cantt Jn-Seoni,Rail,417.0,435,399,25.45584412271571,2,52.125,1491.5,745.75,0,High Demand
Gadwal-Raichur,Rail,271.0,271,271,0.0,1,100.0,57.0,30.0,0,High Demand
Gajraula Jn-Aligarh Jn,Rail,194.0,194,194,0.0,1,97.0,196.0,98.0,0,High Demand
Gajraula Jn-Moradabad,Rail,69.0,69,69,0.0,1,34.5,53.0,30.0,0,High Demand
Gajraula Jn-Najibabad Jn,Rail,60.0,64,56,5.656854249492381,2,30.0,106.0,53.0,0,High Demand
Gandhidham Jn-Bandra Terminus,Rail,317.5,335,300,24.748737341529164,2,63.5,859.0,429.5,0,High Demand
Gandhidham Jn-Bhagat Ki Kothi (Jodhpur,Rail,393.0,393,393,0.0,1,78.60000000000001,556.0,278.0,0,High Demand
Gandhidham Jn-Indore Jn Bg,Rail,140.0,160,120,28.284271247461902,2,28.0,806.5,403.25,0,High Demand
Gandhidham Jn-Kamakhya,Rail,227.0,227,227,0.0,1,28.375,3149.0,1574.5,0,High Demand
Gandhidham Jn-Khurda Road Jn,Rail,489.0,489,489,0.0,1,61.12499999999999,2388.0,1194.0,0,High Demand
Gandhidham Jn-Ksr Bengaluru,Rail,464.0,464,464,0.0,1,57.99999999999999,1961.0,980.5,0,High Demand
Gandhidham Jn-Nagarcoil Jn,Rail,467.0,467,467,0.0,1,58.375,2644.0,1322.0,0,High Demand
Gandhidham Jn-Palanpur Jn,Rail,192.5,223,162,43.1335136523794,2,90.5,301.0,150.5,0,High Demand
Gandhidham Jn-Puri,Rail,247.0,247,247,0.0,1,30.875000000000004,2431.0,1215.5,0,High Demand
Gandhidham Jn-Visakhapatnam,Rail,407.0,407,407,0.0,1,50.875,2110.0,1055.0,0,High Demand
Gandhigram-Bhavnagar Terminus,Rail,138.0,138,138,0.0,1,69.0,266.0,133.0,0,High Demand
Gandhigram-Botad Jn,Rail,205.0,209,201,5.656854249492381,2,100.0,154.0,77.0,0,High Demand
Gandhigram-Botad Mg,Rail,126.25,204,64,59.050119954718696,4,62.625,154.0,77.0,0,High Demand
Gandhinagar Capital-Ahmedabad Jn,Rail,200.0,200,200,0.0,1,100.0,31.0,30.0,0,High Demand
Gandhinagar Capital-Anand Jn,Rail,99.0,99,99,0.0,1,49.5,97.0,48.5,0,High Demand
Gandhinagar Capital-Banaras,Rail,158.0,158,158,0.0,1,19.75,1498.0,749.0,0,High Demand
Gandhinagar Capital-Daulatpur Chowk,Rail,297.0,297,297,0.0,1,37.125,1400.0,700.0,0,High Demand
Gandhinagar Capital-Somnath,Rail,345.0,345,345,0.0,1,69.0,448.0,224.0,0,High Demand
Gandhinagar Capital-Varanasi Jn,Rail,429.0,429,429,0.0,1,53.625,1499.0,749.5,0,High Demand
Gandhinagar Capital-Varetha,Rail,129.0,129,129,0.0,1,64.5,116.0,58.0,0,High Demand
Gandhinagar Capital-Veraval,Rail,369.0,369,369,0.0,1,73.8,443.0,221.5,0,High Demand
Gangapur City-Kasganj,Rail,67.0,67,67,0.0,1,33.5,258.0,129.0,0,High Demand
Garha Goods Shed-Gondia Jn,Rail,200.0,200,200,0.0,1,100.0,225.0,112.5,0,High Demand
Garhbeta-Adra Jn,Rail,47.0,47,47,0.0,1,23.5,108.0,54.0,0,High Demand
Gawnaha-Narkatiaganj Jn,Rail,161.5,208,115,65.76093065034893,2,78.75,23.0,30.0,0,High Demand
Gaya Jn-Anand Vihar Terminal,Rail,344.0,344,344,0.0,1,68.8,978.0,489.0,0,High Demand
Gaya Jn-Asansol Jn,Rail,216.0,216,216,0.0,1,100.0,257.0,128.5,0,High Demand
Gaya Jn-Bakhtiyarpur Jn,Rail,137.0,204,70,94.75230867899737,2,67.5,137.5,68.75,0,High Demand
Gaya Jn-Dd Upadhyaya Jn,Rail,151.0,151,151,0.0,1,75.5,204.0,102.0,0,High Demand
Gaya Jn-Dehri On Son,Rail,108.0,209,43,88.66228059327146,3,52.5,85.0,42.5,0,High Demand
Gaya Jn-Delhi,Rail,392.0,392,392,0.0,1,78.4,983.0,491.5,0,High Demand
Gaya Jn-Howrah Jn,Rail,169.0,217,121,67.88225099390856,2,33.8,556.5,278.25,0,High Demand
Gaya Jn-Jamalpur Jn,Rail,167.33333333333334,180,158,11.37248140615465,3,83.66666666666667,174.0,87.0,0,High Demand
Gaya Jn-Jhajha,Rail,97.0,97,97,0.0,1,48.5,183.0,91.5,0,High Demand
Gaya Jn-Kamakhya,Rail,220.0,220,220,0.0,1,27.500000000000004,1092.0,546.0,0,High Demand
Gaya Jn-Kiul Jn,Rail,144.16666666666666,198,68,53.37945922044047,6,72.08333333333333,129.0,64.5,0,High Demand
Gaya Jn-Lokmanyatilak,Rail,343.0,343,343,0.0,1,42.875,1999.0,999.5,0,High Demand
Gaya Jn-Lucknow,Rail,126.5,150,103,33.23401871576773,2,25.299999999999997,512.0,256.0,0,High Demand
Gaya Jn-New Delhi,Rail,277.0,277,277,0.0,1,55.400000000000006,989.0,494.5,0,High Demand
Gaya Jn-Patliputra,Rail,206.0,206,206,0.0,1,100.0,104.0,52.0,0,High Demand
Gaya Jn-Patna Jn,Rail,121.4,195,44,45.19450029752356,15,60.7,92.0,46.0,0,High Demand
Gayabari-Siliguri Jn,Rail,191.0,191,191,0.0,1,95.5,37.0,30.0,0,High Demand
Gevra Road-Bilaspur Jn,Rail,142.0,210,74,96.16652224137046,2,68.5,96.5,48.25,0,High Demand
Gevra Road-Raipur Jn,Rail,144.0,144,144,0.0,1,72.0,212.0,106.0,0,High Demand
Ghatoli-Kota Jn,Rail,144.0,144,144,0.0,1,72.0,161.0,80.5,0,High Demand
Ghatsila-Howrah Jn,Rail,184.0,184,184,0.0,1,92.0,214.0,107.0,0,High Demand
Ghaziabad-Delhi,Rail,128.75,186,50,51.399694273687764,8,64.375,24.375,30.0,0,High Demand
Ghaziabad-Hapur,Rail,65.0,65,65,0.0,1,32.5,36.0,30.0,0,High Demand
Ghaziabad-Hazrat Nizamuddin,Rail,108.0,108,108,0.0,1,54.0,30.0,30.0,0,High Demand
Ghaziabad-Kosi Kalan,Rail,158.0,158,158,0.0,1,79.0,119.0,59.5,0,High Demand
Ghaziabad-Mathura Jn,Rail,128.0,128,128,0.0,1,64.0,164.0,82.0,0,High Demand
Ghaziabad-Meerut City Jn,Rail,182.0,182,182,0.0,1,91.0,47.0,30.0,0,High Demand
Ghaziabad-Moradabad,Rail,107.0,107,107,0.0,1,53.5,141.0,70.5,0,High Demand
Ghaziabad-New Delhi,Rail,113.18181818181819,194,45,50.62177037958704,11,56.59090909090909,25.545454545454547,30.0,0,High Demand
Ghaziabad-Palwal,Rail,134.5,144,125,13.435028842544403,2,67.25,80.0,40.0,0,High Demand
Ghaziabad-Panipat Jn,Rail,114.0,114,114,0.0,1,56.99999999999999,115.0,57.5,0,High Demand
Ghaziabad-Shakurbasti ( Delhi,Rail,90.0,90,90,0.0,1,45.0,37.0,30.0,0,High Demand
Ghaziabad-Tundla Jn,Rail,125.0,125,125,0.0,1,62.5,184.0,92.0,0,High Demand
Ghazipur City-Anand Vihar Terminal,Rail,229.5,320,139,127.9863273947651,2,45.900000000000006,826.0,413.0,0,High Demand
Ghazipur City-Bandra Terminus,Rail,382.0,382,382,0.0,1,47.75,1925.0,962.5,0,High Demand
Ghazipur City-Dildarnagar Jn,Rail,165.5,185,146,27.577164466275352,2,82.75,28.0,30.0,0,High Demand
Ghazipur City-Jaunpur Jn,Rail,130.0,145,115,21.213203435596427,2,65.0,100.0,50.0,0,High Demand
Ghazipur City-Kolkata,Rail,396.0,410,382,19.79898987322333,2,79.2,788.5,394.25,0,High Demand
Ghazipur City-Prayagrajsangam,Rail,135.0,135,135,0.0,1,67.5,206.0,103.0,0,High Demand
Ghazipur City-Shmata Vd Katra,Rail,440.0,440,440,0.0,1,55.00000000000001,1393.0,696.5,0,High Demand
Ghazipur City-Varanasi City,Rail,202.0,202,202,0.0,1,100.0,71.0,35.5,0,High Demand
Ghogardiha-Sakri Jn,Rail,140.6,202,71,57.134052893173966,5,70.1,39.0,30.0,0,High Demand
Giridih-Madhupur Jn,Rail,175.0,216,116,37.64306044943742,5,85.9,38.0,30.0,0,High Demand
Goa-Ahmedabad,Air,75.37142857142857,151,20,35.79934744252923,35,48.45706349206349,4735.714285714285,10093.114285714286,1,Low Demand
Goa-Bangalore,Air,79.63829787234043,179,17,38.54721866237557,47,54.966312056737586,4695.797872340426,9977.0,1,Low Demand
Goa-Bhubaneswar,Air,84.5,174,18,43.797912539950374,36,56.04606481481481,4547.5,9372.444444444445,1,Low Demand
Goa-Chennai,Air,81.26829268292683,150,18,36.59646457668001,41,54.74911924119241,4341.219512195122,9211.0,1,Low Demand
Goa-Cochin,Air,80.775,203,19,43.78999270996127,40,51.80555555555556,4510.3125,9737.7,1,Low Demand
Goa-Delhi,Air,84.77777777777777,218,35,40.11491429887828,36,53.02908950617284,4469.583333333333,9470.527777777777,1,Low Demand
Goa-Guwahati,Air,66.22857142857143,156,15,33.619047222288344,35,55.48777777777778,3872.3571428571427,9726.6,1,Low Demand
Goa-Hyderabad,Air,85.45454545454545,175,21,40.61987230376317,22,54.97323232323232,3929.318181818182,8964.363636363636,1,Low Demand
Goa-Indore,Air,88.66666666666667,192,16,47.090187027508335,36,53.76628086419753,4565.208333333333,8732.833333333334,1,Low Demand
Goa-Jaipur,Air,98.88636363636364,267,19,49.85570616922535,44,59.41148989898989,4259.659090909091,8858.068181818182,1,Low Demand
Goa-Kolkata,Air,89.25641025641026,246,19,47.490008893127886,39,58.88561253561253,3991.730769230769,8379.589743589744,1,Low Demand
Goa-Lucknow,Air,105.16,283,24,56.43647684226352,50,59.89788888888889,4431.9,8642.82,1,Low Demand
Goa-Mumbai,Air,84.11627906976744,162,24,39.85641449379533,43,58.00361757105943,4088.8953488372094,8741.116279069767,1,Low Demand
Goa-Nagpur,Air,74.4888888888889,173,19,38.393667933315996,45,59.113641975308646,4397.333333333333,9210.444444444445,1,Low Demand
Goa-Patna,Air,67.42553191489361,149,18,34.89035289667323,47,52.132565011820326,4299.734042553191,8962.872340425532,1,Low Demand
Goa-Pune,Air,90.1,213,29,41.449054729040974,30,54.520833333333336,4007.75,9824.866666666667,1,Low Demand
Goa-Raipur,Air,85.86486486486487,161,31,38.888131695760165,37,59.058933933933936,4193.716216216216,9219.486486486487,1,Low Demand
Goa-Surat,Air,81.8936170212766,236,17,49.07812496088482,47,55.77346335697399,4728.351063829788,9963.340425531915,1,Low Demand
Goa-Varanasi,Air,90.80645161290323,209,18,50.54200850437103,31,60.080734767025085,3676.935483870968,10149.741935483871,1,Low Demand
Godda-Daurai (Ajmer,Rail,189.0,189,189,0.0,1,23.625,1681.0,840.5,0,High Demand
Godda-Delhi,Rail,370.0,370,370,0.0,1,46.25,1315.0,657.5,0,High Demand
Godda-Deoghar,Rail,116.0,116,116,0.0,1,57.99999999999999,80.0,40.0,0,High Demand
Godda-Gomtinagar (Lucknow,Rail,147.0,147,147,0.0,1,29.4,811.0,405.5,0,High Demand
Godda-Lokmanyatilak,Rail,341.0,341,341,0.0,1,42.625,2022.0,1011.0,0,High Demand
Godda-New Delhi,Rail,168.0,168,168,0.0,1,21.0,1325.0,662.5,0,High Demand
Godda-Rajendranagar T,Rail,138.0,138,138,0.0,1,69.0,326.0,163.0,0,High Demand
Godda-Ranchi,Rail,235.5,282,189,65.76093065034893,2,47.099999999999994,535.0,267.5,0,High Demand
Godda-Sealdah,Rail,201.0,201,201,0.0,1,100.0,368.0,184.0,0,High Demand
Godda-Tatanagar Jn,Rail,335.0,335,335,0.0,1,67.0,655.0,327.5,0,High Demand
Godhra Jn-Anand Jn,Rail,141.25,181,126,26.58790451815762,4,70.625,79.0,39.5,0,High Demand
Godhra Jn-Vadodara Jn,Rail,142.5,169,116,37.476659402887016,2,71.25,72.0,36.0,0,High Demand
Gomoh Jn-Asansol Jn,Rail,123.5,173,74,70.0035713374682,2,61.75,87.0,43.5,0,High Demand
Gomoh Jn-Barwadih Jn,Rail,184.0,184,184,0.0,1,92.0,259.0,129.5,0,High Demand
Gomoh Jn-Chakradharpur,Rail,215.0,215,215,0.0,1,100.0,239.0,119.5,0,High Demand
Gomoh Jn-Chopan,Rail,135.0,135,135,0.0,1,27.0,461.0,230.5,0,High Demand
Gomoh Jn-Kharagpur Jn,Rail,146.0,146,146,0.0,1,73.0,250.0,125.0,0,High Demand
Gomoh Jn-Sindri Town,Rail,105.0,105,105,0.0,1,52.5,57.0,30.0,0,High Demand
Gomtinagar (Lucknow-C Shivaji Maharaj T,Rail,209.0,209,209,0.0,1,26.125,1441.0,720.5,0,High Demand
Gomtinagar (Lucknow-Chhapra,Rail,173.5,228,119,77.07463914933368,2,34.7,514.0,257.0,0,High Demand
Gomtinagar (Lucknow-Darbhanga Jn,Rail,193.0,193,193,0.0,1,38.6,632.0,316.0,0,High Demand
Gomtinagar (Lucknow-Dibrugarh,Rail,489.0,489,489,0.0,1,61.12499999999999,1895.0,947.5,0,High Demand
Gomtinagar (Lucknow-Godda,Rail,401.0,401,401,0.0,1,80.2,811.0,405.5,0,High Demand
Gomtinagar (Lucknow-Gorakhpur,Rail,224.0,224,224,0.0,1,100.0,330.0,165.0,0,High Demand
Gomtinagar (Lucknow-Jaipur,Rail,196.0,196,196,0.0,1,39.2,688.0,344.0,0,High Demand
Gomtinagar (Lucknow-Kamakhya,Rail,236.0,236,236,0.0,1,29.5,1406.0,703.0,0,High Demand
Gomtinagar (Lucknow-Malda Town,Rail,449.0,449,449,0.0,1,89.8,941.0,470.5,0,High Demand
Gomtinagar (Lucknow-Patna Jn,Rail,251.0,251,251,0.0,1,50.2,544.0,272.0,0,High Demand
Gomtinagar (Lucknow-Pilibhit Jn,Rail,196.0,196,196,0.0,1,98.0,262.0,131.0,0,High Demand
Gomtinagar (Lucknow-Saharanpur,Rail,358.0,358,358,0.0,1,71.6,535.0,267.5,0,High Demand
Gonda Jn-Asansol Jn,Rail,206.0,206,206,0.0,1,41.199999999999996,862.0,431.0,0,High Demand
Gonda Jn-Gorakhpur,Rail,124.5,171,85,45.44960579220315,4,62.25,154.0,77.0,0,High Demand
Gonda Jn-Lokmanyatilak,Rail,441.0,441,441,0.0,1,55.125,1887.0,943.5,0,High Demand
Gonda Jn-Sitapur City,Rail,175.0,175,175,0.0,1,87.5,163.0,81.5,0,High Demand
Gonda Jn-Sitapur Jn,Rail,158.0,158,158,0.0,1,79.0,159.0,79.5,0,High Demand
Gondia Jn-Balharshah,Rail,168.75,257,100,80.00572896153541,4,75.25,249.75,124.875,0,High Demand
Gondia Jn-Barauni Jn,Rail,408.0,408,408,0.0,1,51.0,1527.0,763.5,0,High Demand
Gondia Jn-C Sahumaharaj T Kolhapur,Rail,145.0,145,145,0.0,1,18.125,1341.0,670.5,0,High Demand
Gondia Jn-C Shivaji Maharaj T,Rail,284.0,284,284,0.0,1,56.8,967.0,483.5,0,High Demand
Gondia Jn-Dongargarh,Rail,66.0,66,66,0.0,1,33.0,73.0,36.5,0,High Demand
Gondia Jn-Durg,Rail,74.0,74,74,0.0,1,37.0,135.0,67.5,0,High Demand
Gondia Jn-Garha Goods Shed,Rail,83.0,83,83,0.0,1,41.5,225.0,112.5,0,High Demand
Gondia Jn-Jabalpur,Rail,228.0,228,228,0.0,1,100.0,238.0,119.0,0,High Demand
Gondia Jn-Jharsuguda Jn,Rail,324.0,324,324,0.0,1,64.8,492.0,246.0,0,High Demand
Gondia Jn-Katangi,Rail,56.0,56,56,0.0,1,28.000000000000004,88.0,44.0,0,High Demand
Gondia Jn-Nsc Bose Itwari,Rail,69.0,90,48,29.698484809834994,2,34.5,126.0,63.0,0,High Demand
Gondia Jn-Raigarh,Rail,425.0,425,425,0.0,1,85.0,415.0,207.5,0,High Demand
Gondia Jn-Raipur Jn,Rail,102.0,102,102,0.0,1,51.0,172.0,86.0,0,High Demand
Gondia Jn-Tirodi,Rail,170.5,178,163,10.606601717798213,2,85.25,103.0,51.5,0,High Demand
Gondia Jn-Wadsa,Rail,109.0,109,109,0.0,1,54.50000000000001,103.0,51.5,0,High Demand
Gopinathpur Nilgiri-Balasore,Rail,118.33333333333333,187,69,61.329710037903595,3,59.166666666666664,16.0,30.0,0,High Demand
Gorakhpur Cant-Narkatiaganj Jn,Rail,128.33333333333334,147,95,28.936712552280945,3,64.16666666666667,147.0,73.5,0,High Demand
Gorakhpur Cant-Siwan Jn,Rail,119.0,148,90,41.012193308819754,2,59.5,139.5,69.75,0,High Demand
Gorakhpur Cant-Varanasi City,Rail,342.0,342,342,0.0,1,100.0,224.0,112.0,0,High Demand
Gorakhpur-Ahmedabad Jn,Rail,185.0,185,185,0.0,1,23.125,1685.0,842.5,0,High Demand
Gorakhpur-Aishbagh (Lucknow,Rail,191.0,191,191,0.0,1,95.5,344.0,172.0,0,High Demand
Gorakhpur-Amritsar Jn,Rail,348.0,348,348,0.0,1,43.5,1088.0,544.0,0,High Demand
Gorakhpur-Anand Vihar Terminal,Rail,262.0,280,244,25.45584412271571,2,52.400000000000006,806.0,403.0,0,High Demand
Gorakhpur-Asansol Jn,Rail,296.0,296,296,0.0,1,59.199999999999996,644.0,322.0,0,High Demand
Gorakhpur-Ayodhya Dham Jn,Rail,168.0,168,168,0.0,1,84.0,165.0,82.5,0,High Demand
Gorakhpur-Banaras,Rail,313.0,313,313,0.0,1,100.0,235.0,117.5,0,High Demand
Gorakhpur-Bandra Terminus,Rail,321.5,338,305,23.33452377915607,2,40.1875,1961.5,980.75,0,High Demand
Gorakhpur-Barhni,Rail,136.0,204,68,96.16652224137046,2,67.0,113.0,56.5,0,High Demand
Gorakhpur-Bhatinda Jn,Rail,376.0,376,376,0.0,1,47.0,1123.0,561.5,0,High Demand
Gorakhpur-C Shivaji Maharaj T,Rail,277.0,277,277,0.0,1,34.625,1695.0,847.5,0,High Demand
Gorakhpur-Charlapalli (Secunderabad,Rail,520.0,520,520,0.0,1,65.0,1815.0,907.5,0,High Demand
Gorakhpur-Chhapra,Rail,139.0,219,59,113.13708498984761,2,64.75,179.5,89.75,0,High Demand
Gorakhpur-Dehradun,Rail,301.0,301,301,0.0,1,60.199999999999996,815.0,407.5,0,High Demand
Gorakhpur-Gomtinagar (Lucknow,Rail,121.0,121,121,0.0,1,60.5,330.0,165.0,0,High Demand
Gorakhpur-Gonda Jn,Rail,108.5,139,82,23.9791576165636,4,54.25,153.75,76.875,0,High Demand
Gorakhpur-Izzatnagar,Rail,231.0,231,231,0.0,1,46.2,645.0,322.5,0,High Demand
Gorakhpur-Kanpur Anwarganj,Rail,353.0,353,353,0.0,1,70.6,553.0,276.5,0,High Demand
Gorakhpur-Kolkata,Rail,348.0,450,225,113.96051947933547,3,69.60000000000001,872.3333333333334,436.1666666666667,0,High Demand
Gorakhpur-Lokmanyatilak,Rail,314.0,389,246,58.71115737234278,5,39.25,1735.2,867.6,0,High Demand
Gorakhpur-Lucknow Ne,Rail,222.5,283,162,85.55992052357225,2,90.5,279.0,139.5,0,High Demand
Gorakhpur-Narkatiaganj Jn,Rail,97.5,118,77,28.991378028648448,2,48.75,150.0,75.0,0,High Demand
Gorakhpur-Nautanwa,Rail,114.0,178,50,64.0,3,57.0,81.0,40.5,0,High Demand
Gorakhpur-Okha,Rail,247.0,247,247,0.0,1,30.875000000000004,2296.0,1148.0,0,High Demand
Gorakhpur-Panvel,Rail,365.0,365,365,0.0,1,45.625,1750.0,875.0,0,High Demand
Gorakhpur-Patliputra,Rail,200.66666666666666,320,111,107.61195720426858,3,80.33333333333333,325.6666666666667,162.83333333333334,0,High Demand
Gorakhpur-Prayagraj Jn,Rail,329.0,329,329,0.0,1,65.8,500.0,250.0,0,High Demand
Gorakhpur-Pune Jn,Rail,180.0,180,180,0.0,1,22.5,1746.0,873.0,0,High Demand
Gorakhpur-Sambalpur,Rail,272.0,272,272,0.0,1,34.0,1176.0,588.0,0,High Demand
Gorakhpur-Shalimar,Rail,224.0,224,224,0.0,1,28.000000000000004,1131.0,565.5,0,High Demand
Gorakhpur-Siwan Jn,Rail,108.0,137,79,41.012193308819754,2,54.0,143.0,71.5,0,High Demand
Gorakhpur-Thiruvananthapuram North,Rail,456.0,456,456,0.0,1,56.99999999999999,3242.0,1621.0,0,High Demand
Gorakhpur-Varanasi City,Rail,172.66666666666666,239,105,67.00994951000436,3,79.83333333333333,227.33333333333334,113.66666666666667,0,High Demand
Gorakhpur-Yasvantpur Jn,Rail,331.3333333333333,487,206,142.93471703310337,3,41.416666666666664,2512.0,1256.0,0,High Demand
Gua-Tatanagar Jn,Rail,72.0,101,50,26.210684844162312,3,36.0,148.66666666666666,74.33333333333333,0,High Demand
Gudivada Jn-Machelipatnam,Rail,214.33333333333334,328,105,111.56313608595508,3,84.16666666666667,37.0,30.0,0,High Demand
Gudur Jn-Renigunta Jn,Rail,145.0,147,143,2.8284271247461903,2,72.5,83.0,41.5,0,High Demand
Gudur Jn-Secunderabad Jn,Rail,127.0,127,127,0.0,1,25.4,642.0,321.0,0,High Demand
Gudur Jn-Vijayawada Jn,Rail,187.33333333333334,202,173,14.502873278538065,3,93.33333333333333,293.0,146.5,0,High Demand
Guna-Bina Jn,Rail,118.0,143,93,35.35533905932738,2,59.0,118.0,59.0,0,High Demand
Guntakal Jn-Bodhan,Rail,109.0,109,109,0.0,1,21.8,552.0,276.0,0,High Demand
Guntakal Jn-Chikjajur Jn,Rail,91.5,118,65,37.476659402887016,2,45.75,232.5,116.25,0,High Demand
Guntakal Jn-Hubballi Jn,Rail,50.0,50,50,0.0,1,25.0,256.0,128.0,0,High Demand
Guntakal Jn-Kacheguda,Rail,158.0,158,158,0.0,1,79.0,356.0,178.0,0,High Demand
Guntakal Jn-Tirupati,Rail,149.5,201,98,72.8319984622144,2,74.5,370.5,185.25,0,High Demand
Guntur Jn-C Sambhajinagar,Rail,320.0,320,320,0.0,1,40.0,1211.0,605.5,0,High Demand
Guntur Jn-Dhone Jn,Rail,222.5,309,136,122.32947314527271,2,84.0,333.0,166.5,0,High Demand
Guntur Jn-Kacheguda,Rail,108.0,108,108,0.0,2,21.6,623.0,311.5,0,High Demand
Guntur Jn-Macherla,Rail,207.5,228,187,28.991378028648448,2,96.75,132.5,66.25,0,High Demand
Guntur Jn-Narasapur,Rail,176.0,223,129,66.46803743153546,2,82.25,171.5,85.75,0,High Demand
Guntur Jn-Rayagada,Rail,170.0,170,170,0.0,1,34.0,567.0,283.5,0,High Demand
Guntur Jn-Repalle,Rail,236.0,263,209,38.18376618407357,2,100.0,59.0,30.0,0,High Demand
Guntur Jn-Secunderabad Jn,Rail,182.0,254,110,101.82337649086284,2,77.5,381.0,190.5,0,High Demand
Guntur Jn-Tenali Jn,Rail,62.5,75,50,17.67766952966369,2,31.25,25.0,30.0,0,High Demand
Guntur Jn-Tirupati,Rail,317.0,317,317,0.0,1,63.4,555.0,277.5,0,High Demand
Guntur Jn-Vijayawada Jn,Rail,109.25,137,59,34.451656950960526,4,54.625,31.25,30.0,0,High Demand
Guntur Jn-Vikarabad Jn,Rail,395.0,395,395,0.0,1,100.0,353.0,176.5,0,High Demand
Guntur Jn-Visakhapatnam,Rail,190.66666666666666,290,100,95.29602999775665,3,80.33333333333333,382.3333333333333,191.16666666666666,0,High Demand
Guntur-Hyderabad,Bus,37.25,54,22,8.650897535459201,72,74.22416666666668,350.7970833333333,528.8172222222222,1,Low Demand
Gunupur-Cuttack,Rail,186.5,300,73,160.51323932934628,2,68.25,382.0,191.0,0,High Demand
Gunupur-Palasa,Rail,99.0,99,99,0.0,1,49.5,115.0,57.5,0,High Demand
Gunupur-Puri,Rail,186.5,217,156,43.1335136523794,2,89.0,380.0,190.0,0,High Demand
Gunupur-Rourkela,Rail,271.0,271,271,0.0,1,54.2,796.0,398.0,0,High Demand
Gunupur-Visakhapatnam,Rail,71.0,71,71,0.0,1,35.5,268.0,134.0,0,High Demand
Guruvayur-Ernakulam Jn,Rail,161.0,187,98,42.15052391924289,4,80.5,97.0,48.5,0,High Demand
Guruvayur-Madurai Jn,Rail,296.0,296,296,0.0,1,59.199999999999996,519.0,259.5,0,High Demand
Guruvayur-Punalur,Rail,97.0,97,97,0.0,1,48.5,294.0,147.0,0,High Demand
Guruvayur-Tambaram,Rail,218.0,218,218,0.0,1,27.250000000000004,1075.0,537.5,0,High Demand
Guruvayur-Thiruvananthapuram Central,Rail,188.5,283,94,133.64318164425748,2,73.5,303.0,151.5,0,High Demand
Guruvayur-Thrisur,Rail,127.0,208,72,58.21225529617167,4,62.5,22.5,30.0,0,High Demand
Guwahati-Ahmedabad,Air,76.96153846153847,235,20,40.921235456816525,52,53.48712606837607,4460.048076923077,9483.461538461539,1,Low Demand
Guwahati-Alipur Duar Jn,Rail,261.5,348,175,122.32947314527271,2,93.75,269.0,134.5,0,High Demand
Guwahati-Badarpur Jn,Rail,181.0,181,181,0.0,1,90.5,341.0,170.5,0,High Demand
Guwahati-Bangalore,Air,83.10810810810811,157,16,40.32836318122615,37,54.45045045045045,4472.8378378378375,8776.594594594595,1,Low Demand
Guwahati-Barmer,Rail,240.0,240,240,0.0,1,30.0,2473.0,1236.5,0,High Demand
Guwahati-Bhubaneswar,Air,84.45714285714286,194,23,42.91327976083782,35,59.705873015873024,4305.857142857143,8477.857142857143,1,Low Demand
Guwahati-Chennai,Air,80.5625,157,12,36.41948639618223,48,56.8662037037037,4008.28125,9358.083333333334,1,Low Demand
Guwahati-Cochin,Air,89.41025641025641,245,15,52.57461762441622,39,55.42457264957265,4534.423076923077,9878.358974358975,1,Low Demand
Guwahati-Dekargaon,Rail,262.0,262,262,0.0,1,100.0,191.0,95.5,0,High Demand
Guwahati-Delhi,Air,85.01886792452831,191,17,40.495246903441426,53,56.39575471698113,4395.141509433963,9219.396226415094,1,Low Demand
Guwahati-Dhubri,Rail,232.0,288,176,79.19595949289332,2,94.0,290.0,145.0,0,High Demand
Guwahati-Dibrugarh,Rail,208.5,272,145,89.80256121069154,2,41.7,554.0,277.0,0,High Demand
Guwahati-Dullabcherra,Rail,358.0,358,358,0.0,1,71.6,411.0,205.5,0,High Demand
Guwahati-Goa,Air,82.95348837209302,150,20,38.53752252420273,43,58.53307493540051,3765.6976744186045,9184.744186046511,1,Low Demand
Guwahati-Howrah Jn,Rail,451.0,451,451,0.0,1,56.375,1020.0,510.0,0,High Demand
Guwahati-Hyderabad,Air,86.40816326530613,199,14,44.486382920014094,49,57.07925170068027,3676.683673469388,9327.448979591836,1,Low Demand
Guwahati-Indore,Air,71.09677419354838,158,15,41.35807445445985,31,51.11702508960573,5104.112903225807,9744.41935483871,1,Low Demand
Guwahati-Jaipur,Air,78.62162162162163,181,28,40.96567082553618,37,56.627627627627625,4014.527027027027,9554.108108108108,1,Low Demand
Guwahati-Jammu Tawi,Rail,422.5,492,353,98.2878425849301,2,52.8125,2388.5,1194.25,0,High Demand
Guwahati-Jorhat Town,Rail,217.0,217,217,0.0,1,100.0,376.0,188.0,0,High Demand
Guwahati-Kolkata,Air,83.56818181818181,165,14,38.50665767097203,44,57.1532196969697,4233.579545454545,9418.363636363636,1,Low Demand
Guwahati-Ledo,Rail,225.0,225,225,0.0,1,45.0,571.0,285.5,0,High Demand
Guwahati-Lokmanyatilak,Rail,150.0,150,150,0.0,1,18.75,2735.0,1367.5,0,High Demand
Guwahati-Lucknow,Air,84.16216216216216,211,18,41.28660901653325,37,53.49917417417417,3873.2432432432433,9339.756756756757,1,Low Demand
Guwahati-Lumding Jn,Rail,69.0,69,69,0.0,1,34.5,181.0,90.5,0,High Demand
Guwahati-Mairabari,Rail,149.0,149,149,0.0,1,74.5,160.0,80.0,0,High Demand
Guwahati-Mariani Jn,Rail,263.0,367,159,147.07821048680188,2,52.6,405.0,202.5,0,High Demand
Guwahati-Mendipathar,Rail,198.0,213,183,21.213203435596427,2,95.75,129.0,64.5,0,High Demand
Guwahati-Mumbai,Air,80.47222222222223,181,15,40.60013097171775,36,54.93055555555556,4186.25,9721.861111111111,1,Low Demand
Guwahati-Nagpur,Air,87.375,242,22,44.237521781100405,40,57.35993055555556,4143.75,9243.5,1,Low Demand
Guwahati-New Bongaigaon,Rail,122.6,200,91,43.92379765002111,5,61.3,172.2,86.1,0,High Demand
Guwahati-New Delhi,Rail,166.0,166,166,0.0,1,20.75,1968.0,984.0,0,High Demand
Guwahati-New Jalpaiguri,Rail,222.0,267,177,63.63961030678928,2,44.400000000000006,409.0,204.5,0,High Demand
Guwahati-North Lakhimpur,Rail,430.0,430,430,0.0,1,100.0,344.0,172.0,0,High Demand
Guwahati-Okha,Rail,349.0,349,349,0.0,1,43.625,3225.0,1612.5,0,High Demand
Guwahati-Patna,Air,86.56410256410257,214,28,46.75850323557534,39,56.14764957264957,4478.846153846154,10462.333333333334,1,Low Demand
Guwahati-Pune,Air,97.51162790697674,196,16,42.08629009491675,43,62.558591731266155,4358.720930232558,9119.953488372093,1,Low Demand
Guwahati-Raipur,Air,82.47727272727273,249,25,44.18275399438724,44,56.0727904040404,4094.4886363636365,9833.931818181818,1,Low Demand
Guwahati-Sairang,Rail,164.0,164,164,0.0,1,32.800000000000004,494.0,247.0,0,High Demand
Guwahati-Silchar,Rail,277.5,373,182,135.0573952066306,2,95.5,380.0,190.0,0,High Demand
Guwahati-Smvt Bengaluru,Rail,215.0,215,215,0.0,1,26.875,2969.0,1484.5,0,High Demand
Guwahati-Sukhovi,Rail,189.0,189,189,0.0,1,94.5,246.0,123.0,0,High Demand
Guwahati-Surat,Air,86.8108108108108,169,31,36.26127245257507,37,60.88070570570571,5127.5675675675675,8840.432432432432,1,Low Demand
Guwahati-Varanasi,Air,73.97142857142858,218,22,43.53530393916677,35,47.84301587301587,3774.0,9899.114285714286,1,Low Demand
Gwalior Jn-Agra Cantt,Rail,180.0,180,180,0.0,1,90.0,118.0,59.0,0,High Demand
Gwalior Jn-Balrampur,Rail,391.0,391,391,0.0,1,78.2,952.0,476.0,0,High Demand
Gwalior Jn-Banaras,Rail,111.0,111,111,0.0,1,22.2,625.0,312.5,0,High Demand
Gwalior Jn-Barauni Jn,Rail,386.0,386,386,0.0,1,48.25,1058.0,529.0,0,High Demand
Gwalior Jn-Bhind,Rail,106.5,164,51,52.43726410356157,4,53.25,82.0,41.0,0,High Demand
Gwalior Jn-Bhopal  Jn,Rail,289.0,289,289,0.0,1,57.8,485.0,242.5,0,High Demand
Gwalior Jn-Bina Jn,Rail,227.0,227,227,0.0,1,100.0,346.0,173.0,0,High Demand
Gwalior Jn-Daund Jn,Rail,491.0,491,491,0.0,1,61.375,1447.0,723.5,0,High Demand
Gwalior Jn-Etawah,Rail,195.33333333333334,216,161,29.938826518975876,3,93.5,118.0,59.0,0,High Demand
Gwalior Jn-Howrah Jn,Rail,294.0,294,294,0.0,1,36.75,1285.0,642.5,0,High Demand
Gwalior Jn-Kailaras,Rail,158.66666666666666,209,115,47.353282181210346,3,77.83333333333333,60.0,30.0,0,High Demand
Gwalior Jn-Kolkata,Rail,212.0,212,212,0.0,1,26.5,1535.0,767.5,0,High Demand
Gwalior Jn-Prayagraj Jn,Rail,159.0,159,159,0.0,1,31.8,489.0,244.5,0,High Demand
Gwalior Jn-Pune Jn,Rail,406.0,406,406,0.0,1,50.74999999999999,1372.0,686.0,0,High Demand
Gwalior Jn-Ratlam Jn,Rail,119.0,119,119,0.0,1,23.799999999999997,680.0,340.0,0,High Demand
Gwalior Jn-Sabarmati Bg,Rail,326.0,326,326,0.0,1,65.2,979.0,489.5,0,High Demand
Gwalior Jn-Smvt Bengaluru,Rail,504.0,504,504,0.0,1,63.0,2072.0,1036.0,0,High Demand
Gwalior Ng-Sabalgarh,Rail,130.5,204,57,103.94469683442249,2,64.25,93.0,46.5,0,High Demand
Gwalior Ng-Sheopur Kalan,Rail,72.0,72,72,0.0,1,36.0,196.0,98.0,0,High Demand
H Sahib Nanded-Adilabad,Rail,294.0,294,294,0.0,1,100.0,195.0,97.5,0,High Demand
H Sahib Nanded-Amb  Andaura,Rail,343.0,343,343,0.0,1,42.875,1914.0,957.0,0,High Demand
H Sahib Nanded-Amritsar Jn,Rail,450.5,497,404,65.76093065034893,2,56.3125,2017.0,1008.5,0,High Demand
H Sahib Nanded-C Sambhajinagar,Rail,234.0,234,234,0.0,1,100.0,237.0,118.5,0,High Demand
H Sahib Nanded-C Shivaji Maharaj T,Rail,327.3333333333333,392,244,75.74518686578926,3,65.46666666666665,610.0,305.0,0,High Demand
H Sahib Nanded-Daund Jn,Rail,325.0,325,325,0.0,1,65.0,586.0,293.0,0,High Demand
H Sahib Nanded-Firozpur Cantt Jn,Rail,182.0,182,182,0.0,1,22.75,2027.0,1013.5,0,High Demand
H Sahib Nanded-Hadapsar (Pune,Rail,136.5,152,121,21.920310216782973,2,27.299999999999997,651.0,325.5,0,High Demand
H Sahib Nanded-Hazrat Nizamuddin,Rail,489.0,489,489,0.0,1,61.12499999999999,1633.0,816.5,0,High Demand
H Sahib Nanded-Hyderabad Decan,Rail,262.0,262,262,0.0,1,100.0,281.0,140.5,0,High Demand
H Sahib Nanded-Jammu Tawi,Rail,190.0,190,190,0.0,1,23.75,2108.0,1054.0,0,High Demand
H Sahib Nanded-Ksr Bengaluru,Rail,333.0,333,333,0.0,1,41.625,1037.0,518.5,0,High Demand
H Sahib Nanded-Manmad Jn,Rail,95.0,95,95,0.0,1,47.5,347.0,173.5,0,High Demand
H Sahib Nanded-Medchal,Rail,195.0,195,195,0.0,1,97.5,244.0,122.0,0,High Demand
H Sahib Nanded-Nagarsol,Rail,228.0,228,228,0.0,1,100.0,325.0,162.5,0,High Demand
H Sahib Nanded-Nizamabad,Rail,69.0,69,69,0.0,1,34.5,109.0,54.5,0,High Demand
H Sahib Nanded-Panvel,Rail,118.0,118,118,0.0,1,23.599999999999998,677.0,338.5,0,High Demand
H Sahib Nanded-Raichur,Rail,333.0,333,333,0.0,1,66.60000000000001,561.0,280.5,0,High Demand
H Sahib Nanded-Sambalpur,Rail,278.0,278,278,0.0,1,34.75,1465.0,732.5,0,High Demand
H Sahib Nanded-Santragachi Jn,Rail,190.0,190,190,0.0,1,23.75,1653.0,826.5,0,High Demand
H Sahib Nanded-Shri Ganganagar,Rail,490.0,585,386,81.9471374322089,4,61.25,1986.25,993.125,0,High Demand
H Sahib Nanded-Visakhapatnam,Rail,380.5,416,345,50.204581464244875,2,76.1,965.0,482.5,0,High Demand
Hadapsar (Pune-H Sahib Nanded,Rail,190.5,226,155,50.204581464244875,2,38.1,651.0,325.5,0,High Demand
Hadapsar (Pune-Kazipet Jn,Rail,235.0,235,235,0.0,1,47.0,773.0,386.5,0,High Demand
Hadapsar (Pune-Rewa,Rail,282.0,282,282,0.0,1,35.25,1485.0,742.5,0,High Demand
Hadapsar (Pune-Solapur Jn,Rail,224.0,224,224,0.0,1,100.0,257.0,128.5,0,High Demand
Hajipur Jn-Barauni Jn,Rail,144.0,144,144,0.0,1,72.0,88.0,44.0,0,High Demand
Haldia-Anand Vihar Terminal,Rail,405.0,405,405,0.0,1,50.625,1576.0,788.0,0,High Demand
Haldia-Asansol Jn,Rail,248.5,369,128,170.41273426595797,2,82.0,326.5,163.25,0,High Demand
Haldibari-New Jalpaiguri,Rail,111.0,143,79,45.254833995939045,2,55.5,57.0,30.0,0,High Demand
Haldibari-Sealdah,Rail,297.5,332,263,48.79036790187178,2,59.5,626.0,313.0,0,High Demand
Hansi-Rohtak Jn,Rail,130.0,130,130,0.0,1,65.0,71.0,35.5,0,High Demand
Hanumangarh Jn-Dadar Wr,Rail,447.0,447,447,0.0,1,55.875,1450.0,725.0,0,High Demand
Hanumangarh Jn-Firozpur Cantt Jn,Rail,244.0,244,244,0.0,1,100.0,251.0,125.5,0,High Demand
Hanumangarh Jn-Suratgarh Jn,Rail,205.0,208,202,4.242640687119285,2,100.0,204.0,102.0,0,High Demand
Hapa-Madgaon,Rail,201.0,201,201,0.0,1,25.124999999999996,1531.0,765.5,0,High Demand
Hapa-Mumbai Central,Rail,523.0,523,523,0.0,1,100.0,814.0,407.0,0,High Demand
Hapa-Surat,Rail,286.0,286,286,0.0,1,57.199999999999996,552.0,276.0,0,High Demand
Hapur-Ghaziabad,Rail,135.0,135,135,0.0,1,67.5,36.0,30.0,0,High Demand
Hapur-Moradabad,Rail,101.0,101,101,0.0,1,50.5,104.0,52.0,0,High Demand
Haridwar Jn-Amb  Andaura,Rail,54.0,54,54,0.0,1,27.0,358.0,179.0,0,High Demand
Haridwar Jn-Amritsar Jn,Rail,296.0,296,296,0.0,1,59.199999999999996,407.0,203.5,0,High Demand
Haridwar Jn-Bandra Terminus,Rail,306.0,306,306,0.0,1,38.25,1616.0,808.0,0,High Demand
Haridwar Jn-Bhavnagar Terminus,Rail,208.0,208,208,0.0,1,26.0,1575.0,787.5,0,High Demand
Haridwar Jn-Bikaner Jn,Rail,190.0,190,190,0.0,1,38.0,760.0,380.0,0,High Demand
Haridwar Jn-Delhi,Rail,195.33333333333334,256,114,73.22112627741623,3,85.66666666666667,240.33333333333334,120.16666666666667,0,High Demand
Haridwar Jn-Firozpur Cantt Jn,Rail,317.0,317,317,0.0,1,63.4,446.0,223.0,0,High Demand
Haridwar Jn-Lokmanyatilak,Rail,408.0,408,408,0.0,1,51.0,1771.0,885.5,0,High Demand
Haridwar Jn-Rishikesh,Rail,89.33333333333333,120,70,26.857649437978253,3,44.666666666666664,23.0,30.0,0,High Demand
Haridwar Jn-Una Himachal,Rail,283.0,283,283,0.0,1,100.0,368.0,184.0,0,High Demand
Haridwar Jn-Valsad,Rail,520.0,520,520,0.0,1,65.0,1433.0,716.5,0,High Demand
Harihar-Chitradurg,Rail,188.0,188,188,0.0,1,94.0,93.0,46.5,0,High Demand
Harihar-Hosapete Jn,Rail,172.0,172,172,0.0,1,86.0,177.0,88.5,0,High Demand
Hassan-Solapur Jn,Rail,405.0,405,405,0.0,1,81.0,828.0,414.0,0,High Demand
Hassan-Yasvantpur Jn,Rail,321.0,321,321,0.0,1,100.0,174.0,87.0,0,High Demand
Hathras Jn-Hathras Qilah,Rail,144.0,144,144,0.0,1,72.0,5.0,30.0,0,High Demand
Hathras Qilah-Delhi,Rail,54.0,54,54,0.0,1,27.0,161.0,80.5,0,High Demand
Hathras Qilah-Hathras Jn,Rail,189.0,189,189,0.0,1,94.5,5.0,30.0,0,High Demand
Hatia-Adityapur,Rail,212.0,212,212,0.0,1,100.0,167.0,83.5,0,High Demand
Hatia-Anand Vihar Terminal,Rail,315.0,382,248,94.75230867899737,2,39.375,1317.0,658.5,0,High Demand
Hatia-Asansol Jn,Rail,255.0,255,255,0.0,1,51.0,435.0,217.5,0,High Demand
Hatia-Barddhaman,Rail,55.5,62,49,9.192388155425117,2,27.75,344.0,172.0,0,High Demand
Hatia-Durg,Rail,320.0,320,320,0.0,1,64.0,620.0,310.0,0,High Demand
Hatia-Ernakulam Jn,Rail,412.0,412,412,0.0,1,51.5,2254.0,1127.0,0,High Demand
Hatia-Howrah Jn,Rail,278.0,278,278,0.0,1,55.60000000000001,423.0,211.5,0,High Demand
Hatia-Islampur,Rail,110.0,110,110,0.0,1,22.0,483.0,241.5,0,High Demand
Hatia-Jharsuguda Jn,Rail,160.0,213,107,74.95331880577403,2,76.75,263.5,131.75,0,High Demand
Hatia-Kharagpur Jn,Rail,144.0,144,144,0.0,1,72.0,335.0,167.5,0,High Demand
Hatia-Lokmanyatilak,Rail,471.0,471,471,0.0,1,58.875,1706.0,853.0,0,High Demand
Hatia-Patna Jn,Rail,113.0,113,113,0.0,1,22.6,539.0,269.5,0,High Demand
Hatia-Pune Jn,Rail,315.0,315,315,0.0,1,39.375,1768.0,884.0,0,High Demand
Hatia-Puri,Rail,356.0,356,356,0.0,1,71.2,692.0,346.0,0,High Demand
Hatia-Purnea Court,Rail,389.0,389,389,0.0,1,77.8,727.0,363.5,0,High Demand
Hatia-Rourkela,Rail,104.0,104,104,0.0,1,52.0,164.0,82.0,0,High Demand
Hatia-Shanki,Rail,127.5,179,76,72.8319984622144,2,63.75,47.0,30.0,0,High Demand
Hatia-Smvt Bengaluru,Rail,154.0,154,154,0.0,1,19.25,1886.0,943.0,0,High Demand
Hatia-Tatanagar Jn,Rail,138.0,200,76,87.68124086713189,2,69.0,217.0,108.5,0,High Demand
Hazrat Nizamuddin-Ahmedabad Jn,Rail,240.0,240,240,0.0,1,30.0,1074.0,537.0,0,High Demand
Hazrat Nizamuddin-Ambala Cant Jn,Rail,160.0,160,160,0.0,1,80.0,272.0,136.0,0,High Demand
Hazrat Nizamuddin-Ambikapur,Rail,238.0,238,238,0.0,1,29.75,1154.0,577.0,0,High Demand
Hazrat Nizamuddin-Bandra Terminus,Rail,234.0,320,148,121.62236636408618,2,29.25,1366.0,683.0,0,High Demand
Hazrat Nizamuddin-Bhusaval Jn,Rail,459.0,459,459,0.0,1,57.375,1476.0,738.0,0,High Demand
Hazrat Nizamuddin-C Sahumaharaj T Kolhapur,Rail,149.0,149,149,0.0,1,18.625,1915.0,957.5,0,High Demand
Hazrat Nizamuddin-Coimbatore Jn,Rail,173.0,173,173,0.0,1,21.625,2708.0,1354.0,0,High Demand
Hazrat Nizamuddin-Durg,Rail,328.5,374,283,64.34671708797582,2,41.0625,1275.0,637.5,0,High Demand
Hazrat Nizamuddin-Ekta Nagar,Rail,411.0,411,411,0.0,1,51.37500000000001,1069.0,534.5,0,High Demand
Hazrat Nizamuddin-Ernakulam Jn,Rail,439.25,519,337,77.44406583679174,4,54.90625,2939.25,1469.625,0,High Demand
Hazrat Nizamuddin-Ghaziabad,Rail,111.0,111,111,0.0,1,55.50000000000001,30.0,30.0,0,High Demand
Hazrat Nizamuddin-H Sahib Nanded,Rail,429.0,429,429,0.0,1,53.625,1626.0,813.0,0,High Demand
Hazrat Nizamuddin-Hazrat Nizamudin,Rail,179.0,179,179,0.0,1,89.5,35.0,30.0,0,High Demand
Hazrat Nizamuddin-Hubballi Jn,Rail,298.0,298,298,0.0,1,37.25,2058.0,1029.0,0,High Demand
Hazrat Nizamuddin-Hyderabad Decan,Rail,455.0,455,455,0.0,1,56.875,1670.0,835.0,0,High Demand
Hazrat Nizamuddin-Jabalpur,Rail,320.75,522,151,153.41963151218079,4,54.3625,948.75,474.375,0,High Demand
Hazrat Nizamuddin-Kanniyakumari,Rail,462.0,462,462,0.0,1,57.75,2926.0,1463.0,0,High Demand
Hazrat Nizamuddin-Khajuraho,Rail,126.0,126,126,0.0,1,25.2,659.0,329.5,0,High Demand
Hazrat Nizamuddin-Kosi Kalan,Rail,170.0,216,124,65.05382386916237,2,81.0,89.0,44.5,0,High Demand
Hazrat Nizamuddin-Kota Jn,Rail,391.0,391,391,0.0,1,78.2,457.0,228.5,0,High Demand
Hazrat Nizamuddin-Kurukshetra Jn,Rail,61.0,61,61,0.0,1,30.5,164.0,82.0,0,High Demand
Hazrat Nizamuddin-Madurai Jn,Rail,293.0,293,293,0.0,1,36.625,2674.0,1337.0,0,High Demand
Hazrat Nizamuddin-Manikpur Jn,Rail,306.0,306,306,0.0,1,61.199999999999996,695.0,347.5,0,High Demand
Hazrat Nizamuddin-Mgr Chennai Ctr,Rail,500.0,645,344,150.8011936292283,3,62.5,2174.6666666666665,1087.3333333333333,0,High Demand
Hazrat Nizamuddin-Miraj Jn,Rail,251.0,251,251,0.0,1,31.374999999999996,1799.0,899.5,0,High Demand
Hazrat Nizamuddin-Mysore Jn,Rail,414.0,414,414,0.0,1,51.74999999999999,2612.0,1306.0,0,High Demand
Hazrat Nizamuddin-New Delhi,Rail,168.5,206,131,53.033008588991066,2,82.75,17.5,30.0,0,High Demand
Hazrat Nizamuddin-Palwal,Rail,150.0,150,150,0.0,1,75.0,47.0,30.0,0,High Demand
Hazrat Nizamuddin-Pune Jn,Rail,173.0,173,173,0.0,1,21.625,1520.0,760.0,0,High Demand
Hazrat Nizamuddin-Raigarh,Rail,279.0,279,279,0.0,1,34.875,1628.0,814.0,0,High Demand
Hazrat Nizamuddin-Rani Kamlapati(Bhopal,Rail,332.5,396,269,89.80256121069154,2,66.5,700.0,350.0,0,High Demand
Hazrat Nizamuddin-Secunderabad Jn,Rail,517.0,679,361,159.08488300275422,3,64.625,1660.0,830.0,0,High Demand
Hazrat Nizamuddin-Singrauli,Rail,284.0,284,284,0.0,1,35.5,1072.0,536.0,0,High Demand
Hazrat Nizamuddin-Thiruvananthapuram Central,Rail,430.6666666666667,464,364,57.735026918962575,3,53.833333333333336,3107.6666666666665,1553.8333333333333,0,High Demand
Hazrat Nizamuddin-Tirupati,Rail,424.0,424,424,0.0,1,53.0,2302.0,1151.0,0,High Demand
Hazrat Nizamuddin-Udaipur City,Rail,127.0,127,127,0.0,1,25.4,743.0,371.5,0,High Demand
Hazrat Nizamuddin-Vasco Da Gama,Rail,347.0,347,347,0.0,1,43.375,2201.0,1100.5,0,High Demand
Hazrat Nizamuddin-Virangana Lakshmibai(Jhanshi,Rail,199.0,199,199,0.0,1,39.800000000000004,403.0,201.5,0,High Demand
Hazrat Nizamuddin-Visakhapatnam,Rail,339.0,493,185,217.78888860545663,2,42.375,2002.5,1001.25,0,High Demand
Hazrat Nizamuddin-Yasvantpur Jn,Rail,293.0,293,293,0.0,1,36.625,2747.0,1373.5,0,High Demand
Hijli (Kharagpur-Kharagpur Jn,Rail,176.0,184,168,11.313708498984761,2,88.0,9.0,30.0,0,High Demand
Hilsa Block-Fatuha,Rail,132.5,184,81,72.8319984622144,2,66.25,20.0,30.0,0,High Demand
Himmatnagar-Ahmedabad Mg,Rail,59.0,66,52,9.899494936611665,2,29.5,87.0,43.5,0,High Demand
Himmatnagar-Asarva Jn (Ahmedabad,Rail,162.0,162,162,0.0,1,81.0,85.0,42.5,0,High Demand
Hindupur-Ksr Bengaluru,Rail,118.0,118,118,0.0,1,59.0,99.0,49.5,0,High Demand
Hingoli Deccan-C Shivaji Maharaj T,Rail,381.0,381,381,0.0,1,76.2,660.0,330.0,0,High Demand
Hisar-Aligarh Jn,Rail,64.0,64,64,0.0,1,32.0,311.0,155.5,0,High Demand
Hisar-Amritsar Jn,Rail,202.5,216,189,19.091883092036785,2,97.25,346.0,173.0,0,High Demand
Hisar-Bandra Terminus,Rail,390.0,390,390,0.0,1,48.75,1408.0,704.0,0,High Demand
Hisar-Bikaner Jn,Rail,373.0,373,373,0.0,1,100.0,308.0,154.0,0,High Demand
Hisar-Coimbatore Jn,Rail,233.0,233,233,0.0,1,29.125,3086.0,1543.0,0,High Demand
Hisar-Delhi,Rail,80.0,80,80,0.0,1,40.0,294.0,147.0,0,High Demand
Hisar-Hyderabad Decan,Rail,210.0,210,210,0.0,1,26.25,2355.0,1177.5,0,High Demand
Hisar-Indore Jn Bg,Rail,324.0,324,324,0.0,1,40.5,1019.0,509.5,0,High Demand
Hisar-Jaipur,Rail,233.2,274,205,30.375977350531457,5,100.0,367.8,183.9,0,High Demand
Hisar-Jind Jn,Rail,98.0,98,98,0.0,1,49.0,327.0,163.5,0,High Demand
Hisar-Jodhpur Jn,Rail,278.0,278,278,0.0,1,55.60000000000001,473.0,236.5,0,High Demand
Hisar-Ludhiana Jn,Rail,151.5,207,96,78.48885271170677,2,74.0,210.0,105.0,0,High Demand
Hisar-Mumbai Central,Rail,624.0,624,624,0.0,1,78.0,1512.0,756.0,0,High Demand
Hisar-Rewari,Rail,133.33333333333334,206,95,62.96295206971583,3,65.66666666666667,166.0,83.0,0,High Demand
Hisar-Secunderabad Jn,Rail,234.0,271,197,52.32590180780452,2,29.25,2421.0,1210.5,0,High Demand
Hosapete Jn-C Shivaji Maharaj T,Rail,421.0,421,421,0.0,1,84.2,840.0,420.0,0,High Demand
Hosapete Jn-Harihar,Rail,113.0,113,113,0.0,1,56.49999999999999,177.0,88.5,0,High Demand
Hosapete Jn-Ksr Bengaluru,Rail,246.5,304,189,81.31727983645297,2,49.3,529.0,264.5,0,High Demand
Hosapete Jn-Solapur Jn,Rail,256.0,301,211,63.63961030678928,2,100.0,383.0,191.5,0,High Demand
Hoshiarpur-Agra Cantt,Rail,348.0,348,348,0.0,1,69.6,673.0,336.5,0,High Demand
Hoshiarpur-Jalandhar City,Rail,136.0,136,136,0.0,1,68.0,43.0,30.0,0,High Demand
Hosur-Yasvantpur Jn,Rail,128.5,155,102,37.476659402887016,2,64.25,63.5,31.75,0,High Demand
Howrah Jn-Adra Jn,Rail,141.5,172,111,43.1335136523794,2,70.75,283.5,141.75,0,High Demand
Howrah Jn-Ahmedabad Jn,Rail,198.0,198,198,0.0,1,24.75,2088.0,1044.0,0,High Demand
Howrah Jn-Amritsar Jn,Rail,420.0,457,383,52.32590180780452,2,52.5,1916.0,958.0,0,High Demand
Howrah Jn-Anand Vihar Terminal,Rail,186.0,186,186,0.0,1,23.25,1452.0,726.0,0,High Demand
Howrah Jn-Asansol Jn,Rail,243.0,243,243,0.0,1,100.0,200.0,100.0,0,High Demand
Howrah Jn-Azimganj,Rail,267.6666666666667,333,164,90.78729720249048,3,94.0,257.6666666666667,128.83333333333334,0,High Demand
Howrah Jn-Balurghat,Rail,209.0,209,209,0.0,1,41.8,438.0,219.0,0,High Demand
Howrah Jn-Barabil,Rail,361.0,361,361,0.0,1,100.0,398.0,199.0,0,High Demand
Howrah Jn-Barddhaman,Rail,127.0,127,127,0.0,1,63.5,107.0,53.5,0,High Demand
Howrah Jn-Bhadrakh,Rail,248.5,276,221,38.890872965260115,2,100.0,297.0,148.5,0,High Demand
Howrah Jn-Bhopal  Jn,Rail,230.0,230,230,0.0,1,28.749999999999996,1459.0,729.5,0,High Demand
Howrah Jn-Bhubaneswar,Rail,394.0,394,394,0.0,1,78.8,439.0,219.5,0,High Demand
Howrah Jn-Bikaner Jn,Rail,386.0,386,386,0.0,1,48.25,1927.0,963.5,0,High Demand
Howrah Jn-Bokaro Stl City,Rail,186.5,268,105,115.25840533340725,2,76.25,367.0,183.5,0,High Demand
Howrah Jn-Bolpur Shantiniketan,Rail,109.0,109,109,0.0,1,54.50000000000001,146.0,73.0,0,High Demand
Howrah Jn-C Shivaji Maharaj T,Rail,332.0,485,161,162.74827188022613,3,41.5,2031.6666666666667,1015.8333333333334,0,High Demand
Howrah Jn-Chakradharpur,Rail,161.0,182,140,29.698484809834994,2,32.2,441.0,220.5,0,High Demand
Howrah Jn-Darbhanga Jn,Rail,366.0,366,366,0.0,1,73.2,536.0,268.0,0,High Demand
Howrah Jn-Dehradun,Rail,287.5,355,220,95.45941546018392,2,35.9375,1587.0,793.5,0,High Demand
Howrah Jn-Deoghar,Rail,222.0,222,222,0.0,1,44.4,418.0,209.0,0,High Demand
Howrah Jn-Dhanbad Jn,Rail,240.5,292,189,72.8319984622144,2,97.25,265.0,132.5,0,High Demand
Howrah Jn-Dibrugarh,Rail,252.5,307,198,77.07463914933368,2,31.5625,1440.5,720.25,0,High Demand
Howrah Jn-Digha F S,Rail,297.75,338,257,33.320414163092266,4,100.0,186.0,93.0,0,High Demand
Howrah Jn-Ernakulam Jn,Rail,487.0,487,487,0.0,1,60.875,2291.0,1145.5,0,High Demand
Howrah Jn-Gaya Jn,Rail,335.0,367,303,45.254833995939045,2,67.0,556.5,278.25,0,High Demand
Howrah Jn-Ghatsila,Rail,139.0,139,139,0.0,1,69.5,214.0,107.0,0,High Demand
Howrah Jn-Gwalior Jn,Rail,435.0,435,435,0.0,1,54.37499999999999,1285.0,642.5,0,High Demand
Howrah Jn-Hatia,Rail,162.0,162,162,0.0,1,32.4,423.0,211.5,0,High Demand
Howrah Jn-Hyderabad Decan,Rail,445.0,445,445,0.0,1,55.625,1590.0,795.0,0,High Demand
Howrah Jn-Jabalpur,Rail,224.0,224,224,0.0,1,28.000000000000004,1151.0,575.5,0,High Demand
Howrah Jn-Jagdalpur,Rail,192.0,192,192,0.0,1,24.0,1163.0,581.5,0,High Demand
Howrah Jn-Jaleswar,Rail,127.0,127,127,0.0,1,63.5,190.0,95.0,0,High Demand
Howrah Jn-Jamalpur Jn,Rail,281.6666666666667,388,202,95.82449234581591,3,56.333333333333336,454.0,227.0,0,High Demand
Howrah Jn-Jammu Tawi,Rail,307.5,426,189,167.58430714121175,2,38.4375,2021.0,1010.5,0,High Demand
Howrah Jn-Jaynagar,Rail,282.0,427,137,205.0609665440988,2,56.4,722.0,361.0,0,High Demand
Howrah Jn-Junagarh Road,Rail,205.0,205,205,0.0,1,41.0,846.0,423.0,0,High Demand
Howrah Jn-Kalka,Rail,305.0,308,302,4.242640687119285,2,38.125,1710.0,855.0,0,High Demand
Howrah Jn-Kamakhya,Rail,360.0,360,360,0.0,1,72.0,966.0,483.0,0,High Demand
Howrah Jn-Kanniyakumari,Rail,289.0,289,289,0.0,1,36.125,2408.0,1204.0,0,High Demand
Howrah Jn-Kantabanji,Rail,121.0,121,121,0.0,1,24.2,778.0,389.0,0,High Demand
Howrah Jn-Kathgodam,Rail,396.0,396,396,0.0,1,49.5,1514.0,757.0,0,High Demand
Howrah Jn-Katihar Jn,Rail,250.0,306,194,79.19595949289332,2,50.0,426.0,213.0,0,High Demand
Howrah Jn-Kharagpur Jn,Rail,91.0,91,91,0.0,1,45.5,116.0,58.0,0,High Demand
Howrah Jn-Malda Town,Rail,142.33333333333334,187,76,58.586118947523175,3,71.16666666666667,337.0,168.5,0,High Demand
Howrah Jn-Mathura Jn,Rail,484.0,484,484,0.0,1,60.5,1457.0,728.5,0,High Demand
Howrah Jn-Mgr Chennai Ctr,Rail,477.0,484,470,9.899494936611665,2,59.625,1662.0,831.0,0,High Demand
Howrah Jn-Mokameh Jn,Rail,258.5,386,131,180.31222920256963,2,51.7,455.0,227.5,0,High Demand
Howrah Jn-Muzaffarpur Jn,Rail,394.0,394,394,0.0,1,78.8,547.0,273.5,0,High Demand
Howrah Jn-Mysore Jn,Rail,430.0,430,430,0.0,1,53.75,2111.0,1055.5,0,High Demand
Howrah Jn-New Delhi,Rail,463.2,680,178,190.84470126257108,5,57.9,1498.0,749.0,0,High Demand
Howrah Jn-New Jalpaiguri,Rail,315.5,401,230,120.91525958289962,2,63.1,561.0,280.5,0,High Demand
Howrah Jn-Patna Jn,Rail,316.0,472,160,220.61731573020282,2,63.199999999999996,532.0,266.0,0,High Demand
Howrah Jn-Pondicherry,Rail,373.0,373,373,0.0,1,46.625,1920.0,960.0,0,High Demand
Howrah Jn-Prayagrajrambag,Rail,274.5,384,165,154.8563850798539,2,54.9,882.0,441.0,0,High Demand
Howrah Jn-Pune Jn,Rail,446.0,702,190,362.03867196751236,2,55.75,2015.0,1007.5,0,High Demand
Howrah Jn-Puri,Rail,257.6,422,135,128.6363090266508,5,51.52,506.8,253.4,0,High Demand
Howrah Jn-Purulia Jn,Rail,183.33333333333334,260,137,66.87550622861359,3,81.66666666666667,315.3333333333333,157.66666666666666,0,High Demand
Howrah Jn-Radhikapur,Rail,267.0,267,267,0.0,1,53.400000000000006,482.0,241.0,0,High Demand
Howrah Jn-Rajendranagar T,Rail,360.0,360,360,0.0,1,72.0,529.0,264.5,0,High Demand
Howrah Jn-Rajgir,Rail,89.0,89,89,0.0,1,17.8,656.0,328.0,0,High Demand
Howrah Jn-Rampur Hat,Rail,214.66666666666666,362,113,130.63052221182204,3,80.33333333333333,237.33333333333334,118.66666666666667,0,High Demand
Howrah Jn-Ranchi,Rail,183.5,236,141,42.63410215621606,4,36.7,457.75,228.875,0,High Demand
Howrah Jn-Raxaul Jn,Rail,310.0,417,203,151.32085117392117,2,62.0,696.0,348.0,0,High Demand
Howrah Jn-Rourkela,Rail,215.0,215,215,0.0,1,43.0,413.0,206.5,0,High Demand
Howrah Jn-Sahibganj  Jn,Rail,183.0,183,183,0.0,1,91.5,353.0,176.5,0,High Demand
Howrah Jn-Sainagar Shirdi,Rail,287.0,287,287,0.0,1,35.875,1792.0,896.0,0,High Demand
Howrah Jn-Secunderabad Jn,Rail,245.0,245,245,0.0,1,30.625000000000004,1545.0,772.5,0,High Demand
Howrah Jn-Shri Ganganagar,Rail,300.0,300,300,0.0,1,37.5,1978.0,989.0,0,High Demand
Howrah Jn-Siuri,Rail,346.0,346,346,0.0,1,100.0,241.0,120.5,0,High Demand
Howrah Jn-Smvt Bengaluru,Rail,378.75,456,332,55.07192267087346,4,47.34375,1942.75,971.375,0,High Demand
Howrah Jn-Tatanagar Jn,Rail,101.0,101,101,0.0,1,50.5,250.0,125.0,0,High Demand
Howrah Jn-Tiruchchirappalli Jn,Rail,435.0,435,435,0.0,1,54.37499999999999,2002.0,1001.0,0,High Demand
Howrah Jn-Yasvantpur Jn,Rail,275.0,275,275,0.0,1,34.375,1915.0,957.5,0,High Demand
Howrah Jn-Yog N Rishikesh,Rail,492.0,492,492,0.0,1,61.5,1528.0,764.0,0,High Demand
Hubballi Jn-Arsikere Jn,Rail,136.0,146,126,14.142135623730951,2,68.0,303.5,151.75,0,High Demand
Hubballi Jn-Banaras,Rail,320.0,320,320,0.0,1,40.0,2037.0,1018.5,0,High Demand
Hubballi Jn-Belagavi,Rail,120.0,120,120,0.0,1,60.0,142.0,71.0,0,High Demand
Hubballi Jn-Bellary Jn,Rail,100.0,100,100,0.0,1,50.0,209.0,104.5,0,High Demand
Hubballi Jn-Chikjajur Jn,Rail,94.0,94,94,0.0,1,47.0,190.0,95.0,0,High Demand
Hubballi Jn-Chitradurg,Rail,191.0,191,191,0.0,1,95.5,224.0,112.0,0,High Demand
Hubballi Jn-Dadar,Rail,389.0,389,389,0.0,1,77.8,737.0,368.5,0,High Demand
Hubballi Jn-Dharwad,Rail,62.0,62,62,0.0,1,31.0,21.0,30.0,0,High Demand
Hubballi Jn-Guntakal Jn,Rail,139.0,139,139,0.0,1,69.5,256.0,128.0,0,High Demand
Hubballi Jn-Hazrat Nizamuddin,Rail,240.0,312,168,101.82337649086284,2,30.0,2109.0,1054.5,0,High Demand
Hubballi Jn-Hyderabad Decan,Rail,249.5,309,190,84.14570696119915,2,49.9,662.0,331.0,0,High Demand
Hubballi Jn-Kacheguda,Rail,253.0,253,253,0.0,1,50.6,617.0,308.5,0,High Demand
Hubballi Jn-Ksr Bengaluru,Rail,266.5,421,70,156.61949644494027,4,53.3,469.5,234.75,0,High Demand
Hubballi Jn-Kushtagi,Rail,347.0,347,347,0.0,1,100.0,152.0,76.0,0,High Demand
Hubballi Jn-Mgr Chennai Ctr,Rail,247.5,297,168,57.46013110554714,4,49.5,802.0,401.0,0,High Demand
Hubballi Jn-Miraj Jn,Rail,178.0,306,96,112.30316113093166,3,71.33333333333333,278.6666666666667,139.33333333333334,0,High Demand
Hubballi Jn-Mysore Jn,Rail,390.0,390,390,0.0,1,78.0,679.0,339.5,0,High Demand
Hubballi Jn-Pune Jn,Rail,342.0,342,342,0.0,1,68.4,558.0,279.0,0,High Demand
Hubballi Jn-Renigunta Jn,Rail,355.0,355,355,0.0,1,71.0,569.0,284.5,0,High Demand
Hubballi Jn-Sindhanur,Rail,212.0,291,133,111.72287142747452,2,83.25,210.0,105.0,0,High Demand
Hubballi Jn-Solapur Jn,Rail,175.5,190,161,20.506096654409877,2,87.75,356.5,178.25,0,High Demand
Hubballi Jn-Thiruvananthapuram North,Rail,378.0,378,378,0.0,1,47.25,1305.0,652.5,0,High Demand
Hubballi Jn-Tirupati,Rail,374.0,374,374,0.0,1,74.8,579.0,289.5,0,High Demand
Hubballi Jn-Vijayawada Jn,Rail,266.5,284,249,24.748737341529164,2,53.3,693.0,346.5,0,High Demand
Hubballi Jn-Yasvantpur Jn,Rail,295.5,335,256,55.86143571373726,2,59.1,464.0,232.0,0,High Demand
Hyderabad Decan-C Sambhajinagar,Rail,286.5,344,229,81.31727983645297,2,57.3,582.0,291.0,0,High Demand
Hyderabad Decan-C Shivaji Maharaj T,Rail,292.6666666666667,371,178,101.50041050820107,3,58.53333333333333,790.0,395.0,0,High Demand
Hyderabad Decan-Chennai Beach Jn,Rail,331.0,331,331,0.0,1,66.2,789.0,394.5,0,High Demand
Hyderabad Decan-Hazrat Nizamuddin,Rail,543.0,543,543,0.0,1,67.875,1676.0,838.0,0,High Demand
Hyderabad Decan-Hisar,Rail,372.0,372,372,0.0,1,46.5,2362.0,1181.0,0,High Demand
Hyderabad Decan-Howrah Jn,Rail,232.0,232,232,0.0,1,28.999999999999996,1590.0,795.0,0,High Demand
Hyderabad Decan-Hubballi Jn,Rail,260.0,266,254,8.48528137423857,2,52.0,662.0,331.0,0,High Demand
Hyderabad Decan-Jaipur,Rail,248.0,248,248,0.0,1,31.0,1846.0,923.0,0,High Demand
Hyderabad Decan-Kalaburagi,Rail,150.0,254,46,147.07821048680188,2,61.5,222.5,111.25,0,High Demand
Hyderabad Decan-Kanniyakumari,Rail,146.0,146,146,0.0,1,18.25,1583.0,791.5,0,High Demand
Hyderabad Decan-Kurnool City,Rail,216.0,216,216,0.0,1,100.0,253.0,126.5,0,High Demand
Hyderabad Decan-New Delhi,Rail,204.0,204,204,0.0,1,25.5,1683.0,841.5,0,High Demand
Hyderabad Decan-Parbhani Jn,Rail,217.0,217,217,0.0,1,100.0,340.0,170.0,0,High Demand
Hyderabad Decan-Pune Jn,Rail,410.0,410,410,0.0,1,82.0,598.0,299.0,0,High Demand
Hyderabad Decan-Purna Jn,Rail,268.5,297,240,40.30508652763321,2,53.7,433.5,216.75,0,High Demand
Hyderabad Decan-Raxaul Jn,Rail,432.0,432,432,0.0,1,54.0,2073.0,1036.5,0,High Demand
Hyderabad Decan-Sirpur Kaghaznagar,Rail,310.0,310,310,0.0,1,100.0,306.0,153.0,0,High Demand
Hyderabad Decan-Tandur,Rail,211.0,211,211,0.0,1,100.0,115.0,57.5,0,High Demand
Hyderabad Decan-Tirupati,Rail,298.0,298,298,0.0,1,59.599999999999994,733.0,366.5,0,High Demand
Hyderabad Decan-Vasco Da Gama,Rail,180.0,180,180,0.0,1,36.0,870.0,435.0,0,High Demand
Hyderabad Decan-Vijayapura,Rail,283.0,391,175,152.73506473629428,2,56.6,444.0,222.0,0,High Demand
Hyderabad Decan-Visakhapatnam,Rail,447.0,447,447,0.0,1,89.4,709.0,354.5,0,High Demand
Hyderabad-Ahmedabad,Air,84.0,249,24,43.32745426035237,42,56.82804232804233,4711.428571428572,9392.261904761905,1,Low Demand
Hyderabad-Bangalore,Air,84.17307692307692,239,16,43.68188081934586,52,58.96987179487179,4430.625,9267.673076923076,1,Low Demand
Hyderabad-Bhubaneswar,Air,83.55,170,19,42.22342890763312,40,56.44625,4398.75,9603.325,1,Low Demand
Hyderabad-Chennai,Air,79.48571428571428,164,26,38.05133639809083,35,55.61126984126984,5092.714285714285,9506.628571428571,1,Low Demand
Hyderabad-Cochin,Air,87.66666666666667,205,23,43.2755442169446,45,55.76913580246914,4029.0,8702.955555555556,1,Low Demand
Hyderabad-Delhi,Air,76.19565217391305,145,18,37.75454030987083,46,54.55374396135266,4418.152173913043,10338.58695652174,1,Low Demand
Hyderabad-Goa,Air,71.14285714285714,249,22,44.256773729068,42,51.57870370370371,4438.214285714285,9342.738095238095,1,Low Demand
Hyderabad-Guwahati,Air,79.62962962962963,154,14,37.84142498827517,54,52.79002057613169,4691.527777777777,9770.37037037037,1,Low Demand
Hyderabad-Indore,Air,87.83333333333333,199,18,40.62614601260374,42,54.81779100529101,4331.964285714285,8874.333333333334,1,Low Demand
Hyderabad-Jaipur,Air,78.25,256,18,45.19318995827414,44,56.31085858585859,4946.420454545455,9356.772727272728,1,Low Demand
Hyderabad-Kolkata,Air,84.05714285714286,158,18,40.887897574554096,35,61.429761904761904,4196.571428571428,8392.971428571429,1,Low Demand
Hyderabad-Lucknow,Air,80.54054054054055,276,19,50.04975002412577,37,53.25563063063063,4293.648648648648,8798.756756756757,1,Low Demand
Hyderabad-Mumbai,Air,76.7843137254902,146,20,35.99239571103329,51,57.49406318082789,4137.5,9068.803921568628,1,Low Demand
Hyderabad-Nagpur,Air,85.16666666666667,157,16,45.010407481039266,30,58.922407407407405,3888.75,9856.5,1,Low Demand
Hyderabad-Patna,Air,82.83673469387755,212,24,46.037732232546446,49,54.034297052154194,4220.510204081633,9931.285714285714,1,Low Demand
Hyderabad-Pune,Air,79.97222222222223,162,16,42.70730021979254,36,55.81296296296296,4515.625,9293.305555555555,1,Low Demand
Hyderabad-Raipur,Air,83.09302325581395,166,28,37.01081820835398,43,59.460077519379844,3887.267441860465,9807.976744186046,1,Low Demand
Hyderabad-Surat,Air,93.08823529411765,228,15,50.404044839530314,34,54.77998366013072,3948.75,9141.441176470587,1,Low Demand
Hyderabad-Tirupati,Bus,40.81159420289855,60,16,10.559739527646059,69,76.49057971014493,550.0689855072465,478.20188405797103,1,Low Demand
Hyderabad-Varanasi,Air,71.61904761904762,188,16,42.82576861665687,42,49.645436507936516,4501.964285714285,9290.952380952382,1,Low Demand
Hyderabad-Vijayawada,Bus,41.16438356164384,63,14,10.943051700394356,73,78.05684931506849,274.03328767123287,496.94369863013696,1,Low Demand
Hyderabad-Visakhapatnam,Bus,41.25757575757576,60,20,9.64175312188625,66,77.07151515151516,606.0569696969698,428.6239393939394,1,Low Demand
Idgah (Agra-Bandikui Jn,Rail,146.0,165,127,26.870057685088806,2,73.0,148.0,74.0,0,High Demand
Idgah (Agra-Bharatpur  Jn,Rail,123.5,136,111,17.67766952966369,2,61.75,52.0,30.0,0,High Demand
Igatpuri-Bhusaval Jn,Rail,69.0,69,69,0.0,1,34.5,308.0,154.0,0,High Demand
Igatpuri-Manmad Jn,Rail,103.0,103,103,0.0,1,51.5,124.0,62.0,0,High Demand
Indore Jn Bg-Ahmedabad Jn,Rail,345.0,345,345,0.0,1,69.0,526.0,263.0,0,High Demand
Indore Jn Bg-Ajmer Jn,Rail,170.0,170,170,0.0,1,34.0,494.0,247.0,0,High Demand
Indore Jn Bg-Amritsar Jn,Rail,400.0,400,400,0.0,1,50.0,1337.0,668.5,0,High Demand
Indore Jn Bg-Asarva Jn (Ahmedabad,Rail,224.0,224,224,0.0,1,44.800000000000004,774.0,387.0,0,High Demand
Indore Jn Bg-Bareilly,Rail,410.0,410,410,0.0,1,51.24999999999999,1033.0,516.5,0,High Demand
Indore Jn Bg-Bhopal  Jn,Rail,269.5,299,240,41.71930009000631,2,100.0,263.0,131.5,0,High Demand
Indore Jn Bg-Bilaspur Jn,Rail,194.0,194,194,0.0,1,24.25,1008.0,504.0,0,High Demand
Indore Jn Bg-Chhindwara Jn,Rail,231.0,231,231,0.0,1,46.2,554.0,277.0,0,High Demand
Indore Jn Bg-Daund Jn,Rail,427.0,427,427,0.0,1,53.37499999999999,1048.0,524.0,0,High Demand
Indore Jn Bg-Delhi S Rohilla,Rail,257.0,257,257,0.0,1,51.4,931.0,465.5,0,High Demand
Indore Jn Bg-Dr Ambedkar Ngr (Mhow,Rail,63.0,63,63,0.0,1,31.5,21.0,30.0,0,High Demand
Indore Jn Bg-Gandhidham Jn,Rail,338.0,433,243,134.35028842544403,2,67.6,806.5,403.25,0,High Demand
Indore Jn Bg-Hisar,Rail,275.0,275,275,0.0,1,34.375,1019.0,509.5,0,High Demand
Indore Jn Bg-Howrah Jn,Rail,269.0,269,269,0.0,1,33.625,1734.0,867.0,0,High Demand
Indore Jn Bg-Jabalpur,Rail,316.0,335,297,26.870057685088806,2,63.2,555.0,277.5,0,High Demand
Indore Jn Bg-Jaipur,Rail,233.0,233,233,0.0,1,46.6,599.0,299.5,0,High Demand
Indore Jn Bg-Jalandhar Cant,Rail,242.0,242,242,0.0,1,30.25,1208.0,604.0,0,High Demand
Indore Jn Bg-Khajuraho,Rail,188.0,188,188,0.0,1,37.6,630.0,315.0,0,High Demand
Indore Jn Bg-Kochuveli,Rail,138.0,138,138,0.0,1,17.25,2594.0,1297.0,0,High Demand
Indore Jn Bg-Kota Jn,Rail,349.0,349,349,0.0,1,69.8,433.0,216.5,0,High Demand
Indore Jn Bg-Maksi,Rail,115.0,115,115,0.0,1,57.49999999999999,78.0,39.0,0,High Demand
Indore Jn Bg-Mumbai Central,Rail,256.0,295,217,55.154328932550705,2,51.2,828.5,414.25,0,High Demand
Indore Jn Bg-Nagda Jn,Rail,44.0,44,44,0.0,1,22.0,137.0,68.5,0,High Demand
Indore Jn Bg-Nagpur,Rail,289.0,450,128,227.6883835420683,2,57.8,643.0,321.5,0,High Demand
Indore Jn Bg-Nainpur Jn,Rail,160.0,160,160,0.0,1,32.0,694.0,347.0,0,High Demand
Indore Jn Bg-New Delhi,Rail,362.0,362,362,0.0,1,72.39999999999999,824.0,412.0,0,High Demand
Indore Jn Bg-Patna Jn,Rail,310.0,352,268,59.39696961966999,2,38.75,1379.0,689.5,0,High Demand
Indore Jn Bg-Pune Jn,Rail,244.0,244,244,0.0,1,48.8,969.0,484.5,0,High Demand
Indore Jn Bg-Puri,Rail,479.0,479,479,0.0,1,59.875,1603.0,801.5,0,High Demand
Indore Jn Bg-Thiruvananthapuram North,Rail,326.0,326,326,0.0,1,40.75,2590.0,1295.0,0,High Demand
Indore Jn Bg-Ujjain Jn,Rail,117.33333333333333,184,46,69.11825615084146,3,58.666666666666664,68.66666666666667,34.333333333333336,0,High Demand
Indore Jn Bg-Una Himachal,Rail,344.0,344,344,0.0,1,43.0,1344.0,672.0,0,High Demand
Indore Jn Bg-Veraval,Rail,142.0,142,142,0.0,1,28.4,938.0,469.0,0,High Demand
Indore-Ahmedabad,Air,73.85185185185185,157,21,38.73847590793313,27,51.653189300411526,4165.0,10641.037037037036,1,Low Demand
Indore-Bangalore,Air,94.18181818181819,202,21,42.67359770166306,44,59.745391414141416,4601.590909090909,8153.25,1,Low Demand
Indore-Bhubaneswar,Air,73.9090909090909,178,22,35.50880544696785,44,54.30959595959596,4479.886363636364,9589.318181818182,1,Low Demand
Indore-Chennai,Air,79.48571428571428,162,21,41.08196357396318,35,55.481428571428566,4670.142857142857,8212.228571428572,1,Low Demand
Indore-Cochin,Air,84.32608695652173,196,27,42.71094283296917,46,57.31237922705314,4617.717391304348,8855.195652173914,1,Low Demand
Indore-Delhi,Air,79.32352941176471,228,23,42.32394593237955,34,57.08807189542484,4518.75,9058.5,1,Low Demand
Indore-Goa,Air,77.77777777777777,250,29,46.691761959907176,36,53.466203703703705,4798.958333333333,10004.944444444445,1,Low Demand
Indore-Guwahati,Air,65.5813953488372,155,21,33.65881513217426,43,47.296963824289406,3822.0348837209303,9708.255813953489,1,Low Demand
Indore-Hyderabad,Air,85.63157894736842,187,23,44.14988050709646,38,57.61864035087719,4224.276315789473,9118.131578947368,1,Low Demand
Indore-Jaipur,Air,82.43589743589743,221,21,41.156181905539235,39,56.12400284900285,4207.5,10107.76923076923,1,Low Demand
Indore-Kolkata,Air,89.80434782608695,200,15,48.993704613832165,46,56.421195652173914,3617.1195652173915,9410.91304347826,1,Low Demand
Indore-Lucknow,Air,77.36170212765957,157,15,34.39313981893766,47,58.07098108747045,4427.234042553191,8589.72340425532,1,Low Demand
Indore-Mumbai,Air,86.54545454545455,194,25,40.97330642410333,44,58.07329545454545,4137.954545454545,9498.477272727272,1,Low Demand
Indore-Nagpur,Air,83.51515151515152,231,22,48.122318894225955,33,60.894444444444446,4354.318181818182,9210.727272727272,1,Low Demand
Indore-Patna,Air,98.94117647058823,208,17,48.31396132775738,34,59.40383986928105,4518.75,9517.823529411764,1,Low Demand
Indore-Pune,Air,81.12820512820512,149,17,35.63866874409806,39,58.455484330484325,4295.7692307692305,8895.384615384615,1,Low Demand
Indore-Raipur,Air,85.07317073170732,220,18,49.82488848151215,41,55.426626016260165,3703.7195121951218,10129.487804878048,1,Low Demand
Indore-Surat,Air,81.8157894736842,179,14,40.150295521215874,38,52.78077485380117,4516.184210526316,9133.315789473685,1,Low Demand
Indore-Varanasi,Air,85.11111111111111,203,28,41.96709870526403,45,56.96290123456791,3958.1666666666665,8576.888888888889,1,Low Demand
Islampur-Hatia,Rail,377.0,377,377,0.0,1,75.4,483.0,241.5,0,High Demand
Islampur-Patna Jn,Rail,183.0,260,134,59.565090447341724,4,84.0,65.5,32.75,0,High Demand
Itarsi Jn-Amla Jn,Rail,177.0,177,177,0.0,1,88.5,130.0,65.0,0,High Demand
Itarsi Jn-Bhopal  Jn,Rail,410.0,410,410,0.0,1,82.0,736.0,368.0,0,High Demand
Itarsi Jn-Bhusaval Jn,Rail,180.0,234,126,76.36753236814714,2,81.5,306.5,153.25,0,High Demand
Itarsi Jn-Jhansi Jn,Rail,197.0,197,197,0.0,1,98.5,383.0,191.5,0,High Demand
Itarsi Jn-Katni,Rail,129.0,129,129,0.0,1,64.5,336.0,168.0,0,High Demand
Itarsi Jn-Nagpur,Rail,89.0,89,89,0.0,1,44.5,297.0,148.5,0,High Demand
Itarsi Jn-Prayagrajcheoki,Rail,235.66666666666666,346,132,107.15565002991366,3,47.13333333333333,604.0,302.0,0,High Demand
Itarsi Jn-Satna,Rail,158.0,243,73,120.20815280171308,2,31.6,434.5,217.25,0,High Demand
Itwari (Nagpur-Bhimalgondi,Rail,160.0,160,160,0.0,1,80.0,93.0,46.5,0,High Demand
Itwari (Nagpur-Kelod,Rail,128.0,128,128,0.0,1,64.0,48.0,30.0,0,High Demand
Itwari (Nagpur-Ramtek,Rail,62.0,62,62,0.0,1,31.0,38.0,30.0,0,High Demand
Itwari (Nagpur-Tatanagar Jn,Rail,295.0,295,295,0.0,1,59.0,878.0,439.0,0,High Demand
Itwari Jn(Ng-Nagbhir Junction (Ng,Rail,144.0,189,114,31.88521078284832,4,72.0,105.0,52.5,0,High Demand
Izzatnagar-Gorakhpur,Rail,361.0,361,361,0.0,1,72.2,645.0,322.5,0,High Demand
Jabalpur-Ajmer Jn,Rail,245.0,245,245,0.0,1,30.625000000000004,1027.0,513.5,0,High Demand
Jabalpur-Ambikapur,Rail,106.0,106,106,0.0,1,21.2,431.0,215.5,0,High Demand
Jabalpur-Amravati,Rail,291.0,291,291,0.0,1,58.199999999999996,726.0,363.0,0,High Demand
Jabalpur-Banaras,Rail,378.0,378,378,0.0,1,75.6,488.0,244.0,0,High Demand
Jabalpur-C Shivaji Maharaj T,Rail,238.0,238,238,0.0,1,47.599999999999994,997.0,498.5,0,High Demand
Jabalpur-Chanda Fort,Rail,430.0,430,430,0.0,1,86.0,477.0,238.5,0,High Demand
Jabalpur-Gondia Jn,Rail,168.0,168,168,0.0,1,84.0,238.0,119.0,0,High Demand
Jabalpur-Hazrat Nizamuddin,Rail,278.5,401,223,82.42370209270308,4,51.51875,950.0,475.0,0,High Demand
Jabalpur-Howrah Jn,Rail,395.0,395,395,0.0,1,49.375,1151.0,575.5,0,High Demand
Jabalpur-Indore Jn Bg,Rail,197.0,267,127,98.99494936611666,2,39.400000000000006,558.0,279.0,0,High Demand
Jabalpur-Lucknow Ne,Rail,267.0,267,267,0.0,1,53.400000000000006,584.0,292.0,0,High Demand
Jabalpur-Nainpur Jn,Rail,168.0,184,152,22.627416997969522,2,84.0,123.0,61.5,0,High Demand
Jabalpur-Raipur Jn,Rail,243.0,243,243,0.0,1,48.6,411.0,205.5,0,High Demand
Jabalpur-Rewa,Rail,276.3333333333333,312,216,52.538874496255936,3,100.0,239.0,119.5,0,High Demand
Jabalpur-Santragachi Jn,Rail,252.0,252,252,0.0,1,31.5,1119.0,559.5,0,High Demand
Jabalpur-Shmata Vd Katra,Rail,262.0,262,262,0.0,1,32.75,1582.0,791.0,0,High Demand
Jabalpur-Singrauli,Rail,259.0,259,259,0.0,1,100.0,351.0,175.5,0,High Demand
Jabalpur-Veraval,Rail,346.5,455,238,153.4421715174808,2,43.3125,1478.5,739.25,0,High Demand
Jabalpur-Yasvantpur Jn,Rail,330.0,330,330,0.0,1,41.25,1736.0,868.0,0,High Demand
Jagdalpur-Bhubaneswar,Rail,399.0,399,399,0.0,1,79.80000000000001,785.0,392.5,0,High Demand
Jagdalpur-Durg,Rail,286.0,286,286,0.0,1,57.199999999999996,658.0,329.0,0,High Demand
Jagdalpur-Howrah Jn,Rail,158.0,158,158,0.0,1,19.75,1163.0,581.5,0,High Demand
Jagdalpur-Rourkela,Rail,116.0,116,116,0.0,1,23.200000000000003,750.0,375.0,0,High Demand
Jaipur-Ahmedabad,Air,80.41025641025641,179,25,41.583598708041976,39,53.281623931623926,3874.0384615384614,9227.564102564103,1,Low Demand
Jaipur-Ahmedabad Jn,Rail,183.0,183,183,0.0,1,36.6,631.0,315.5,0,High Demand
Jaipur-Asarva Jn (Ahmedabad,Rail,161.0,161,161,0.0,1,32.2,725.0,362.5,0,High Demand
Jaipur-Bandra Terminus,Rail,463.0,535,391,101.82337649086284,2,57.875,1148.0,574.0,0,High Demand
Jaipur-Bangalore,Air,85.45652173913044,189,25,44.46457092599512,46,56.79311594202899,4201.95652173913,9789.739130434782,1,Low Demand
Jaipur-Bayana Jn,Rail,106.0,155,57,69.29646455628166,2,53.0,272.5,136.25,0,High Demand
Jaipur-Bhatinda Jn,Rail,208.0,278,138,98.99494936611666,2,41.60000000000001,538.0,269.0,0,High Demand
Jaipur-Bhopal  Jn,Rail,237.0,237,237,0.0,1,47.4,790.0,395.0,0,High Demand
Jaipur-Bhubaneswar,Air,91.5,191,21,38.65561292045969,40,55.07277777777777,4156.5,10151.625,1,Low Demand
Jaipur-Chennai,Air,68.30555555555556,144,18,32.144156940209605,36,50.77538580246913,4373.958333333333,9387.5,1,Low Demand
Jaipur-Cochin,Air,89.88095238095238,179,19,42.06104876796454,42,56.88531746031746,4104.285714285715,9490.738095238095,1,Low Demand
Jaipur-Coimbatore Jn,Rail,280.0,280,280,0.0,1,35.0,2679.0,1339.5,0,High Demand
Jaipur-Delhi,Air,77.1842105263158,174,25,41.30365814775869,38,53.75577485380117,4237.6973684210525,9724.421052631578,1,Low Demand
Jaipur-Delhi Cantt,Rail,275.0,275,275,0.0,1,100.0,393.0,196.5,0,High Demand
Jaipur-Delhi S Rohilla,Rail,366.0,366,366,0.0,1,100.0,303.0,151.5,0,High Demand
Jaipur-Goa,Air,74.56756756756756,165,21,36.41088095957378,37,53.37732732732733,4142.027027027027,8946.351351351352,1,Low Demand
Jaipur-Gomtinagar (Lucknow,Rail,314.0,314,314,0.0,1,62.8,688.0,344.0,0,High Demand
Jaipur-Guwahati,Air,80.35555555555555,196,17,42.13191165610671,45,52.52574074074074,4301.0,9396.044444444444,1,Low Demand
Jaipur-Hisar,Rail,243.8,361,156,96.87466128973045,5,91.7,368.0,184.0,0,High Demand
Jaipur-Hyderabad,Air,81.55882352941177,152,25,43.407994778556485,34,57.91732026143791,4282.5,9933.0,1,Low Demand
Jaipur-Hyderabad Decan,Rail,425.0,425,425,0.0,1,53.125,1839.0,919.5,0,High Demand
Jaipur-Indore,Air,79.53846153846153,221,28,44.64824282146538,39,56.43668091168091,4557.307692307692,8938.948717948719,1,Low Demand
Jaipur-Indore Jn Bg,Rail,273.0,273,273,0.0,1,54.6,599.0,299.5,0,High Demand
Jaipur-Jaisalmer,Rail,373.0,373,373,0.0,1,74.6,706.0,353.0,0,High Demand
Jaipur-Jodhpur Jn,Rail,303.0,303,303,0.0,1,100.0,313.0,156.5,0,High Demand
Jaipur-Kolkata,Air,75.6829268292683,150,17,38.500934420082736,41,52.39776422764228,4502.926829268293,9523.024390243903,1,Low Demand
Jaipur-Kota Jn,Rail,193.0,193,193,0.0,1,96.5,240.0,120.0,0,High Demand
Jaipur-Kurnool City,Rail,387.0,387,387,0.0,1,48.375,1973.0,986.5,0,High Demand
Jaipur-Lucknow,Air,82.68181818181819,188,22,41.04607322083191,44,57.93263888888889,4294.431818181818,8993.772727272728,1,Low Demand
Jaipur-Marwar Jn,Rail,159.0,159,159,0.0,1,79.5,274.0,137.0,0,High Demand
Jaipur-Mathura Jn,Rail,106.0,106,106,0.0,1,53.0,274.0,137.0,0,High Demand
Jaipur-Mgr Chennai Ctr,Rail,321.0,321,321,0.0,1,40.125,2182.0,1091.0,0,High Demand
Jaipur-Mumbai,Air,83.98076923076923,182,17,42.19027412531508,52,54.55293803418803,4487.0192307692305,9124.23076923077,1,Low Demand
Jaipur-Mysore Jn,Rail,271.0,271,271,0.0,1,33.875,2480.0,1240.0,0,High Demand
Jaipur-Nagpur,Air,66.65789473684211,174,14,37.23430292575649,38,50.73157894736842,4761.118421052632,9604.236842105263,1,Low Demand
Jaipur-Nagpur,Rail,429.0,486,372,80.61017305526642,2,53.625,1345.5,672.75,0,High Demand
Jaipur-Okha,Rail,242.5,310,175,95.45941546018392,2,30.3125,1056.0,528.0,0,High Demand
Jaipur-Patna,Air,78.48936170212765,211,21,36.50066845154765,47,54.2813829787234,3876.5425531914893,10029.297872340425,1,Low Demand
Jaipur-Phulera Jn,Rail,102.0,151,53,69.29646455628166,2,51.0,55.0,30.0,0,High Demand
Jaipur-Pune,Air,84.81395348837209,191,21,40.261204186775316,43,59.56912144702842,3845.7558139534885,9112.93023255814,1,Low Demand
Jaipur-Pune Jn,Rail,346.0,346,346,0.0,1,43.25,1302.0,651.0,0,High Demand
Jaipur-Raipur,Air,78.26315789473684,183,23,39.66527803570865,38,57.766447368421055,4710.789473684211,9247.763157894737,1,Low Demand
Jaipur-Sikar Jn,Rail,156.66666666666666,217,87,65.50063612922652,3,75.5,107.0,53.5,0,High Demand
Jaipur-Surat,Air,84.56410256410257,161,24,37.28397064338202,39,58.06061253561254,4377.5,9201.410256410256,1,Low Demand
Jaipur-Suratgarh Jn,Rail,218.5,273,164,77.07463914933368,2,43.7,562.0,281.0,0,High Demand
Jaipur-Udaipur City,Rail,187.0,237,115,63.90618123468183,3,37.4,433.3333333333333,216.66666666666666,0,High Demand
Jaipur-Varanasi,Air,88.08163265306122,188,23,40.45101808293059,49,59.910487528344675,4254.336734693878,9064.795918367347,1,Low Demand
Jaipur-Yasvantpur Jn,Rail,239.0,239,239,0.0,1,29.875,2452.0,1226.0,0,High Demand
Jaisalmer-Bandra Terminus,Rail,542.0,542,542,0.0,1,67.75,1236.0,618.0,0,High Demand
Jaisalmer-Delhi,Rail,285.5,451,120,234.05234457274722,2,57.1,885.0,442.5,0,High Demand
Jaisalmer-Jaipur,Rail,424.0,424,424,0.0,1,84.8,706.0,353.0,0,High Demand
Jaisalmer-Jammu Tawi,Rail,294.0,294,294,0.0,1,36.75,1560.0,780.0,0,High Demand
Jaisalmer-Jodhpur Jn,Rail,238.0,295,181,80.61017305526642,2,95.25,300.5,150.25,0,High Demand
Jaisalmer-Lalgarh Jn,Rail,305.0,305,305,0.0,1,100.0,322.0,161.0,0,High Demand
Jaisalmer-Ramnagar,Rail,124.0,124,124,0.0,1,15.5,1217.0,608.5,0,High Demand
Jaisalmer-Sabarmati Bg,Rail,391.0,391,391,0.0,1,78.2,759.0,379.5,0,High Demand
Jaisalmer-Shakurbasti ( Delhi,Rail,234.0,234,234,0.0,1,46.800000000000004,912.0,456.0,0,High Demand
Jajpur Keonjhar Road-Kharagpur Jn,Rail,193.0,193,193,0.0,1,96.5,223.0,111.5,0,High Demand
Jakhal Jn-Delhi,Rail,180.0,180,180,0.0,1,90.0,199.0,99.5,0,High Demand
Jakhal Jn-Ludhiana Jn,Rail,150.0,150,150,0.0,1,75.0,128.0,64.0,0,High Demand
Jalamb Jn-Khamgaon,Rail,146.0,312,49,116.39873997027058,4,59.0,12.0,30.0,0,High Demand
Jalandhar Cant-Durg,Rail,456.0,456,456,0.0,1,56.99999999999999,1919.0,959.5,0,High Demand
Jalandhar Cant-Indore Jn Bg,Rail,371.0,371,371,0.0,1,46.375,1474.0,737.0,0,High Demand
Jalandhar City-Darbhanga Jn,Rail,231.0,231,231,0.0,1,28.875,1401.0,700.5,0,High Demand
Jalandhar City-Delhi,Rail,144.0,144,144,0.0,1,28.799999999999997,433.0,216.5,0,High Demand
Jalandhar City-Firozpur Cantt Jn,Rail,97.0,97,97,0.0,1,48.5,117.0,58.5,0,High Demand
Jalandhar City-Hoshiarpur,Rail,88.0,88,88,0.0,1,44.0,43.0,30.0,0,High Demand
Jalandhar City-Nawashahr Doaba Jn,Rail,169.0,169,169,0.0,1,84.5,57.0,30.0,0,High Demand
Jalandhar City-Pathankot Jn,Rail,124.0,124,124,0.0,1,62.0,116.0,58.0,0,High Demand
Jaleswar-Howrah Jn,Rail,159.0,159,159,0.0,1,79.5,190.0,95.0,0,High Demand
Jaleswar-Puri,Rail,59.0,59,59,0.0,1,29.5,312.0,156.0,0,High Demand
Jalpaiguri Road-Sealdah,Rail,132.0,132,132,0.0,1,26.400000000000002,584.0,292.0,0,High Demand
Jamalpur Jn-Bhagalpur,Rail,170.0,170,170,0.0,1,85.0,53.0,30.0,0,High Demand
Jamalpur Jn-Deoghar,Rail,90.0,90,90,0.0,1,45.0,160.0,80.0,0,High Demand
Jamalpur Jn-Gaya Jn,Rail,123.5,124,123,0.7071067811865476,2,61.75,174.0,87.0,0,High Demand
Jamalpur Jn-Howrah Jn,Rail,192.0,241,122,62.21736092120912,3,38.4,454.0,227.0,0,High Demand
Jamalpur Jn-Kiul Jn,Rail,167.5,187,148,27.577164466275352,2,83.75,45.0,30.0,0,High Demand
Jamalpur Jn-Rampur Hat,Rail,141.0,141,141,0.0,1,70.5,265.0,132.5,0,High Demand
Jamalpur Jn-Sahibganj  Jn,Rail,122.5,187,58,91.21677477306463,2,61.25,128.0,64.0,0,High Demand
Jambusar Jn-Pratap Nagar,Rail,151.0,174,128,32.526911934581186,2,75.5,51.0,30.0,0,High Demand
Jammu Tawi-Ajmer Jn,Rail,407.0,407,407,0.0,1,50.875,1017.0,508.5,0,High Demand
Jammu Tawi-Bandra Terminus,Rail,159.0,159,159,0.0,1,19.875,1882.0,941.0,0,High Demand
Jammu Tawi-Barauni Jn,Rail,315.5,339,292,33.23401871576773,2,39.4375,1612.5,806.25,0,High Demand
Jammu Tawi-Barmer,Rail,225.0,225,225,0.0,1,28.125,1469.0,734.5,0,High Demand
Jammu Tawi-Bhagalpur,Rail,426.0,426,426,0.0,1,53.25,1786.0,893.0,0,High Demand
Jammu Tawi-Bhagat Ki Kothi (Jodhpur,Rail,275.0,375,175,141.4213562373095,2,34.375,1095.0,547.5,0,High Demand
Jammu Tawi-Bhatinda Jn,Rail,249.0,249,249,0.0,1,49.8,524.0,262.0,0,High Demand
Jammu Tawi-Gorakhpur,Rail,354.0,354,354,0.0,1,44.25,1248.0,624.0,0,High Demand
Jammu Tawi-Guwahati,Rail,262.0,380,144,166.87720036002523,2,32.75,2388.5,1194.25,0,High Demand
Jammu Tawi-H Sahib Nanded,Rail,475.0,475,475,0.0,1,59.375,2101.0,1050.5,0,High Demand
Jammu Tawi-Howrah Jn,Rail,364.5,502,227,194.45436482630058,2,45.5625,2021.0,1010.5,0,High Demand
Jammu Tawi-Jaisalmer,Rail,157.0,157,157,0.0,1,19.625,1560.0,780.0,0,High Demand
Jammu Tawi-Kanpur Central,Rail,203.0,203,203,0.0,1,25.374999999999996,1026.0,513.0,0,High Demand
Jammu Tawi-Kathgodam,Rail,314.0,334,294,28.284271247461902,2,62.8,769.0,384.5,0,High Demand
Jammu Tawi-Kolkata,Rail,156.0,156,156,0.0,1,19.5,1981.0,990.5,0,High Demand
Jammu Tawi-Patna Jn,Rail,357.0,357,357,0.0,1,44.625,1508.0,754.0,0,High Demand
Jammu Tawi-Pune Jn,Rail,338.0,338,338,0.0,1,42.25,2172.0,1086.0,0,High Demand
Jammu Tawi-Sambalpur,Rail,361.0,361,361,0.0,1,45.125,2376.0,1188.0,0,High Demand
Jammu Tawi-Sealdah,Rail,484.0,484,484,0.0,1,60.5,1945.0,972.5,0,High Demand
Jammu Tawi-Tatanagar Jn,Rail,378.0,378,378,0.0,1,47.25,2094.0,1047.0,0,High Demand
Jammu Tawi-Tirupati,Rail,371.0,371,371,0.0,1,46.375,2981.0,1490.5,0,High Demand
Jammu Tawi-Udhampur,Rail,185.0,211,159,36.76955262170047,2,89.75,53.0,30.0,0,High Demand
Jammu Tawi-Varanasi Jn,Rail,356.0,356,356,0.0,1,44.5,1261.0,630.5,0,High Demand
Jammu Tawi-Yog N Rishikesh,Rail,270.0,270,270,0.0,1,54.0,558.0,279.0,0,High Demand
Jamnagar-Bandra Terminus,Rail,232.0,232,232,0.0,1,46.400000000000006,812.0,406.0,0,High Demand
Jamnagar-Rl Vadodara Jn,Rail,215.0,215,215,0.0,1,43.0,431.0,215.5,0,High Demand
Jamnagar-Surat,Rail,176.0,176,176,0.0,1,35.199999999999996,561.0,280.5,0,High Demand
Jamner-Pachora Jn,Rail,205.0,207,203,2.8284271247461903,2,100.0,56.0,30.0,0,High Demand
Jangipur Road-Sealdah,Rail,303.0,303,303,0.0,1,100.0,263.0,131.5,0,High Demand
Jasidih Jn-Andal Jn,Rail,138.0,138,138,0.0,1,69.0,131.0,65.5,0,High Demand
Jasidih Jn-Asansol Jn,Rail,67.0,67,67,0.0,1,33.5,111.0,55.5,0,High Demand
Jasidih Jn-Baidyanathdham,Rail,142.2,194,66,45.728182411579255,10,71.1,6.0,30.0,0,High Demand
Jasidih Jn-Banka,Rail,183.0,183,183,0.0,1,91.5,61.0,30.5,0,High Demand
Jasidih Jn-Barapalasi,Rail,105.0,105,105,0.0,1,52.5,86.0,43.0,0,High Demand
Jasidih Jn-Dumka,Rail,192.0,213,171,29.698484809834994,2,92.75,71.0,35.5,0,High Demand
Jasidih Jn-Jhajha,Rail,47.0,47,47,0.0,1,23.5,44.0,30.0,0,High Demand
Jasidih Jn-Kiul Jn,Rail,43.0,43,43,0.0,1,21.5,98.0,49.0,0,High Demand
Jasidih Jn-Kolkata,Rail,174.0,174,174,0.0,1,87.0,326.0,163.0,0,High Demand
Jasidih Jn-Mokameh Jn,Rail,204.0,204,204,0.0,1,100.0,132.0,66.0,0,High Demand
Jasidih Jn-Patna Jn,Rail,79.5,92,67,17.67766952966369,2,39.75,221.0,110.5,0,High Demand
Jasidih Jn-Pune Jn,Rail,451.0,451,451,0.0,1,56.375,1976.0,988.0,0,High Demand
Jasidih Jn-Rampur Hat,Rail,114.0,171,57,80.61017305526642,2,57.0,135.5,67.75,0,High Demand
Jasidih Jn-Tambaram,Rail,179.0,211,147,45.254833995939045,2,22.375,1869.5,934.75,0,High Demand
Jasidih Jn-Vasco Da Gama,Rail,269.0,269,269,0.0,1,33.625,2593.0,1296.5,0,High Demand
Jaunpur Jn-Ghazipur City,Rail,182.5,215,150,45.96194077712559,2,87.5,100.0,50.0,0,High Demand
Jaunpur Jn-Prayagrajsangam,Rail,83.0,90,76,9.899494936611665,2,41.5,110.0,55.0,0,High Demand
Jaunpur Jn-Rae Bareli Jn,Rail,247.0,247,247,0.0,1,100.0,202.0,101.0,0,High Demand
Jaunpur Jn-Varanasi Jn,Rail,86.0,86,86,0.0,1,43.0,57.0,30.0,0,High Demand
Jawalamukhi Road-Joginder Nagar,Rail,110.0,110,110,0.0,1,55.00000000000001,98.0,49.0,0,High Demand
Jawalamukhi Road-Pathankot Jn,Rail,192.0,192,192,0.0,1,96.0,102.0,51.0,0,High Demand
Jaynagar-Amritsar Jn,Rail,406.0,463,349,80.61017305526642,2,50.75,1578.0,789.0,0,High Demand
Jaynagar-Ara,Rail,141.0,141,141,0.0,1,70.5,278.0,139.0,0,High Demand
Jaynagar-Bhagalpur,Rail,274.0,274,274,0.0,1,100.0,273.0,136.5,0,High Demand
Jaynagar-Darbhanga Jn,Rail,124.0,124,124,0.0,1,62.0,68.0,34.0,0,High Demand
Jaynagar-Howrah Jn,Rail,248.0,338,158,127.27922061357856,2,49.60000000000001,722.0,361.0,0,High Demand
Jaynagar-Kolkata,Rail,163.0,163,163,0.0,1,32.6,620.0,310.0,0,High Demand
Jaynagar-Manihari,Rail,282.0,282,282,0.0,1,100.0,397.0,198.5,0,High Demand
Jaynagar-Patna Jn,Rail,195.66666666666666,266,104,83.08028245819422,3,84.0,258.6666666666667,129.33333333333334,0,High Demand
Jaynagar-Rourkela,Rail,208.5,247,170,54.44722215136416,2,41.7,778.0,389.0,0,High Demand
Jaynagar-Samastipur Jn,Rail,166.5,172,161,7.7781745930520225,2,83.25,105.0,52.5,0,High Demand
Jaynagar-Sealdah,Rail,399.0,399,399,0.0,1,79.80000000000001,624.0,312.0,0,High Demand
Jaynagar-Tatanagar Jn,Rail,362.0,362,362,0.0,1,72.39999999999999,647.0,323.5,0,High Demand
Jaynagar-Udhna Jn (Surat,Rail,443.5,506,381,88.38834764831844,2,55.4375,1856.0,928.0,0,High Demand
Jayrambati-Bankura,Rail,148.0,148,148,0.0,1,74.0,68.0,34.0,0,High Demand
Jetalsar Jn-Dhasa,Rail,85.0,112,58,38.18376618407357,2,42.5,104.0,52.0,0,High Demand
Jhajha-Asansol Jn,Rail,174.0,174,174,0.0,1,87.0,154.0,77.0,0,High Demand
Jhajha-Barddhaman,Rail,186.0,186,186,0.0,1,93.0,260.0,130.0,0,High Demand
Jhajha-Danapur,Rail,45.0,45,45,0.0,1,22.5,187.0,93.5,0,High Demand
Jhajha-Deoghar,Rail,125.0,125,125,0.0,1,62.5,50.0,30.0,0,High Demand
Jhajha-Dibrugarh,Rail,310.0,310,310,0.0,1,38.75,1710.0,855.0,0,High Demand
Jhajha-Gaya Jn,Rail,143.0,143,143,0.0,1,71.5,183.0,91.5,0,High Demand
Jhajha-Jasidih Jn,Rail,43.0,43,43,0.0,1,21.5,44.0,30.0,0,High Demand
Jhajha-Patna Jn,Rail,87.0,87,87,0.0,1,43.5,177.0,88.5,0,High Demand
Jhalawar City-Kota Jn,Rail,85.0,85,85,0.0,1,42.5,98.0,49.0,0,High Demand
Jhalawar City-Shri Ganganagar,Rail,421.0,421,421,0.0,1,52.625,1038.0,519.0,0,High Demand
Jhanjharpur Jn-Darbhanga Jn,Rail,192.0,192,192,0.0,1,96.0,39.0,30.0,0,High Demand
Jhanjharpur Jn-Laukaha Bazar,Rail,120.5,129,112,12.020815280171307,2,60.25,43.0,30.0,0,High Demand
Jhanjharpur Jn-Sakri Jn,Rail,142.0,142,142,0.0,1,71.0,19.0,30.0,0,High Demand
Jhansi Jn-Agra Cantt,Rail,120.0,132,108,16.97056274847714,2,60.0,219.0,109.5,0,High Demand
Jhansi Jn-Allahabad Jn,Rail,223.0,223,223,0.0,1,100.0,397.0,198.5,0,High Demand
Jhansi Jn-Banda Jn,Rail,115.0,115,115,0.0,1,57.49999999999999,192.0,96.0,0,High Demand
Jhansi Jn-Bandra Terminus,Rail,147.0,147,147,0.0,1,18.375,1318.0,659.0,0,High Demand
Jhansi Jn-Bina Jn,Rail,83.0,83,83,0.0,1,41.5,153.0,76.5,0,High Demand
Jhansi Jn-Itarsi Jn,Rail,184.0,184,184,0.0,1,92.0,383.0,191.5,0,High Demand
Jhansi Jn-Kanpur Central,Rail,113.0,113,113,0.0,1,56.49999999999999,220.0,110.0,0,High Demand
Jhansi Jn-Manikpur Jn,Rail,87.0,87,87,0.0,1,43.5,292.0,146.0,0,High Demand
Jhansi Jn-Prayagraj Jn,Rail,83.0,83,83,0.0,1,41.5,398.0,199.0,0,High Demand
Jhargram-Dhanbad Jn,Rail,146.0,146,146,0.0,1,73.0,296.0,148.0,0,High Demand
Jhargram-Kharagpur Jn,Rail,169.5,203,136,47.37615433949868,2,84.0,38.0,30.0,0,High Demand
Jhargram-Purulia Jn,Rail,210.5,356,65,205.76807332528534,2,66.25,187.5,93.75,0,High Demand
Jhargram-Santragachi Jn,Rail,49.0,49,49,0.0,1,24.5,148.0,74.0,0,High Demand
Jharsuguda Jn-Gondia Jn,Rail,157.0,157,157,0.0,1,31.4,492.0,246.0,0,High Demand
Jharsuguda Jn-Hatia,Rail,150.0,176,124,36.76955262170047,2,75.0,263.5,131.75,0,High Demand
Jharsuguda Jn-Rourkela,Rail,86.5,108,65,30.405591591021544,2,43.25,101.5,50.75,0,High Demand
Jharsuguda Jn-Sambalpur,Rail,128.5,144,113,21.920310216782973,2,64.25,49.0,30.0,0,High Demand
Jharsuguda Jn-Titlagarh,Rail,181.0,181,181,0.0,1,90.5,230.0,115.0,0,High Demand
Jhusi-Banaras,Rail,285.0,285,285,0.0,1,100.0,111.0,55.5,0,High Demand
Jhusi-Bhatni Jn,Rail,123.0,123,123,0.0,1,61.5,275.0,137.5,0,High Demand
Jhusi-Chhapra,Rail,172.0,172,172,0.0,1,86.0,320.0,160.0,0,High Demand
Jind Jn-Delhi,Rail,154.5,206,105,56.06246516163912,4,76.5,127.0,63.5,0,High Demand
Jind Jn-Firozpur Cantt Jn,Rail,242.5,302,183,84.14570696119915,2,95.75,257.0,128.5,0,High Demand
Jind Jn-Hisar,Rail,160.0,160,160,0.0,1,80.0,327.0,163.5,0,High Demand
Jind Jn-Kurukshetra Jn,Rail,109.0,161,44,48.366655180334035,4,54.5,120.0,60.0,0,High Demand
Jind Jn-New Delhi,Rail,59.0,59,59,0.0,1,29.5,128.0,64.0,0,High Demand
Jind Jn-Rohtak Jn,Rail,156.0,203,89,59.57348403442592,3,77.5,141.0,70.5,0,High Demand
Jobat-Pratap Nagar,Rail,194.0,194,194,0.0,1,97.0,172.0,86.0,0,High Demand
Jodhpur Jn-Ajmer Jn,Rail,209.0,209,209,0.0,1,100.0,244.0,122.0,0,High Demand
Jodhpur Jn-Barmer,Rail,166.0,166,166,0.0,1,83.0,209.0,104.5,0,High Demand
Jodhpur Jn-Bhatinda Jn,Rail,266.0,266,266,0.0,1,53.2,601.0,300.5,0,High Demand
Jodhpur Jn-Bhopal  Jn,Rail,291.0,442,140,213.54624791833734,2,58.2,993.0,496.5,0,High Demand
Jodhpur Jn-Bilara,Rail,197.0,197,197,0.0,1,98.5,89.0,44.5,0,High Demand
Jodhpur Jn-Chennai Egmore,Rail,221.0,221,221,0.0,1,27.625,2355.0,1177.5,0,High Demand
Jodhpur Jn-Dadar Wr,Rail,303.0,303,303,0.0,1,60.6,950.0,475.0,0,High Demand
Jodhpur Jn-Delhi,Rail,329.5,410,249,113.84419177103415,2,65.9,620.0,310.0,0,High Demand
Jodhpur Jn-Delhi Cantt,Rail,228.0,228,228,0.0,1,45.6,606.0,303.0,0,High Demand
Jodhpur Jn-Delhi S Rohilla,Rail,293.3333333333333,398,128,144.86315381536235,3,58.666666666666664,620.0,310.0,0,High Demand
Jodhpur Jn-Hadapsar (Pune,Rail,246.0,246,246,0.0,1,30.75,1096.0,548.0,0,High Demand
Jodhpur Jn-Hisar,Rail,262.0,262,262,0.0,1,52.400000000000006,472.0,236.0,0,High Demand
Jodhpur Jn-Howrah Jn,Rail,337.0,337,337,0.0,1,42.125,1815.0,907.5,0,High Demand
Jodhpur Jn-Indore Jn Bg,Rail,330.0,330,330,0.0,1,66.0,737.0,368.5,0,High Demand
Jodhpur Jn-Jaipur,Rail,370.0,370,370,0.0,1,100.0,313.0,156.5,0,High Demand
Jodhpur Jn-Jaisalmer,Rail,173.0,174,172,1.4142135623730951,2,86.5,301.0,150.5,0,High Demand
Jodhpur Jn-Ksr Bengaluru,Rail,369.0,445,224,125.62245022288015,3,46.125,2140.6666666666665,1070.3333333333333,0,High Demand
Jodhpur Jn-Puri,Rail,509.0,509,509,0.0,1,63.625,2431.0,1215.5,0,High Demand
Jodhpur Jn-Rewari,Rail,156.5,191,122,48.79036790187178,2,31.3,543.0,271.5,0,High Demand
Jodhpur Jn-Sabarmati Bg,Rail,233.25,346,127,94.18908287765272,4,46.65,453.25,226.625,0,High Demand
Jodhpur Jn-Tambaram,Rail,212.0,212,212,0.0,1,26.5,2379.0,1189.5,0,High Demand
Jodhpur Jn-Varanasi City,Rail,258.3333333333333,448,160,164.2934366715035,3,32.291666666666664,1187.3333333333333,593.6666666666666,0,High Demand
Jogbani-Anand Vihar Terminal,Rail,296.0,296,296,0.0,1,37.0,1379.0,689.5,0,High Demand
Jogbani-Danapur,Rail,247.5,309,186,86.97413408594535,2,77.4,392.0,196.0,0,High Demand
Jogbani-Erode Jn,Rail,454.0,454,454,0.0,1,56.75,3129.0,1564.5,0,High Demand
Jogbani-Kolkata,Rail,166.0,166,166,0.0,1,33.2,542.0,271.0,0,High Demand
Jogbani-Raxaul Jn,Rail,155.0,155,155,0.0,1,77.5,312.0,156.0,0,High Demand
Jogbani-Saharsa Jn,Rail,337.0,337,337,0.0,1,100.0,125.0,62.5,0,High Demand
Joginder Nagar-Baijnath Paprola,Rail,143.5,158,129,20.506096654409877,2,71.75,30.0,30.0,0,High Demand
Jolarpettai-Arakkonam,Rail,140.0,175,105,49.49747468305833,2,70.0,145.0,72.5,0,High Demand
Jolarpettai-Erode Jn,Rail,188.33333333333334,218,171,25.813433195399124,3,91.16666666666667,182.0,91.0,0,High Demand
Jolarpettai-Katpadi Jn,Rail,182.0,182,182,0.0,1,91.0,84.0,42.0,0,High Demand
Jolarpettai-Ksr Bengaluru,Rail,98.5,140,57,58.68986283848344,2,49.25,140.0,70.0,0,High Demand
Jolarpettai-Mgr Chennai Ctr,Rail,123.0,123,123,0.0,1,61.5,214.0,107.0,0,High Demand
Jorhat Town-Guwahati,Rail,219.0,219,219,0.0,1,100.0,376.0,188.0,0,High Demand
Jorhat Town-Tinsukia Jn,Rail,214.0,214,214,0.0,1,100.0,177.0,88.5,0,High Demand
Junagadh Jn-Delvada,Rail,182.0,182,182,0.0,1,91.0,160.0,80.0,0,High Demand
Junagadh Jn-Veraval,Rail,124.66666666666667,213,53,81.29165598838132,3,60.166666666666664,114.0,57.0,0,High Demand
Junagarh Road-Bhubaneswar,Rail,278.0,414,142,192.33304448274092,2,55.599999999999994,653.0,326.5,0,High Demand
Junagarh Road-Howrah Jn,Rail,311.0,311,311,0.0,1,62.2,846.0,423.0,0,High Demand
Junagarh Road-Raipur Jn,Rail,233.0,233,233,0.0,1,100.0,306.0,153.0,0,High Demand
Junagarh Road-Sambalpur,Rail,158.0,158,158,0.0,1,79.0,283.0,141.5,0,High Demand
Kabakaputtur-Mangalore Central,Rail,126.0,168,84,59.39696961966999,2,63.0,45.5,30.0,0,High Demand
Kacheguda-Akola Jn,Rail,251.0,251,251,0.0,1,50.2,514.0,257.0,0,High Demand
Kacheguda-Ashokapuram,Rail,457.0,457,457,0.0,1,91.4,768.0,384.0,0,High Demand
Kacheguda-Bhagat Ki Kothi (Jodhpur,Rail,504.0,504,504,0.0,1,63.0,1953.0,976.5,0,High Demand
Kacheguda-Bodhan,Rail,217.0,217,217,0.0,1,100.0,192.0,96.0,0,High Demand
Kacheguda-Chengalpattu Jn,Rail,257.0,257,257,0.0,1,51.4,829.0,414.5,0,High Demand
Kacheguda-Chittoor,Rail,177.0,177,177,0.0,1,35.4,708.0,354.0,0,High Demand
Kacheguda-Guntakal Jn,Rail,89.0,113,65,33.94112549695428,2,44.5,359.0,179.5,0,High Demand
Kacheguda-Guntur Jn,Rail,175.0,227,123,73.53910524340094,2,35.0,623.0,311.5,0,High Demand
Kacheguda-Kurnool City,Rail,156.0,215,92,61.652250567193406,3,75.5,236.0,118.0,0,High Demand
Kacheguda-Madurai Jn,Rail,504.0,504,504,0.0,1,63.0,1293.0,646.5,0,High Demand
Kacheguda-Mahbubnagar,Rail,149.5,152,147,3.5355339059327378,2,74.75,105.5,52.75,0,High Demand
Kacheguda-Manmad Jn,Rail,387.0,387,387,0.0,1,77.4,626.0,313.0,0,High Demand
Kacheguda-Medak,Rail,51.0,51,51,0.0,1,25.5,104.0,52.0,0,High Demand
Kacheguda-Medchal,Rail,74.0,74,74,0.0,1,37.0,33.0,30.0,0,High Demand
Kacheguda-Mirylaguda,Rail,207.0,207,207,0.0,1,100.0,154.0,77.0,0,High Demand
Kacheguda-Murdeshwar,Rail,387.0,387,387,0.0,1,48.375,1753.0,876.5,0,High Demand
Kacheguda-Nadikude Jn,Rail,314.0,314,314,0.0,1,100.0,192.0,96.0,0,High Demand
Kacheguda-Nagarcoil Jn,Rail,322.0,322,322,0.0,1,40.25,1495.0,747.5,0,High Demand
Kacheguda-Nagarsol,Rail,169.5,212,127,60.10407640085654,2,33.9,601.5,300.75,0,High Demand
Kacheguda-Narkher,Rail,365.0,365,365,0.0,1,73.0,731.0,365.5,0,High Demand
Kacheguda-Nizamabad,Rail,131.0,156,106,35.35533905932738,2,65.5,165.0,82.5,0,High Demand
Kacheguda-Pondicherry,Rail,170.0,170,170,0.0,1,34.0,969.0,484.5,0,High Demand
Kacheguda-Raichur,Rail,134.5,156,113,30.405591591021544,2,67.25,229.5,114.75,0,High Demand
Kacheguda-Repalle,Rail,273.0,367,179,132.93607486307093,2,94.75,347.0,173.5,0,High Demand
Kacheguda-Tuticorin,Rail,258.0,258,258,0.0,1,32.25,1447.0,723.5,0,High Demand
Kacheguda-Vasco Da Gama,Rail,291.0,291,291,0.0,1,58.199999999999996,853.0,426.5,0,High Demand
Kacheguda-Visakhapatnam,Rail,398.0,398,398,0.0,1,79.60000000000001,705.0,352.5,0,High Demand
Kacheguda-Yasvantpur Jn,Rail,245.5,385,106,197.28279195104676,2,49.1,610.0,305.0,0,High Demand
Kadapa-Hyderabad,Bus,40.7037037037037,63,16,9.88362843853972,81,76.46913580246914,359.77827160493825,475.0923456790124,1,Low Demand
Kadiridevarapalli-Tirupati,Rail,229.5,256,203,37.476659402887016,2,45.900000000000006,537.0,268.5,0,High Demand
Kailaras-Gwalior Jn,Rail,134.33333333333334,166,73,53.12563725107995,3,67.16666666666667,60.0,30.0,0,High Demand
Kakinada Port-Bhavnagar Terminus,Rail,367.5,406,329,54.44722215136416,2,45.9375,2055.0,1027.5,0,High Demand
Kakinada Port-Chengalpattu Jn,Rail,263.0,263,263,0.0,1,52.6,756.0,378.0,0,High Demand
Kakinada Port-Lingampalli,Rail,244.0,244,244,0.0,1,48.8,583.0,291.5,0,High Demand
Kakinada Port-Pondicherry,Rail,420.0,420,420,0.0,1,84.0,896.0,448.0,0,High Demand
Kakinada Port-Sainagar Shirdi,Rail,216.0,216,216,0.0,1,27.0,1339.0,669.5,0,High Demand
Kakinada Port-Tirupati,Rail,234.0,234,234,0.0,1,46.800000000000004,600.0,300.0,0,High Demand
Kakinada Port-Vijayawada Jn,Rail,222.0,222,222,0.0,1,100.0,215.0,107.5,0,High Demand
Kakinada Port-Visakhapatnam,Rail,345.0,345,345,0.0,1,100.0,166.0,83.0,0,High Demand
Kakinada Town-Lingampalli,Rail,394.0,394,394,0.0,1,78.8,609.0,304.5,0,High Demand
Kakinada Town-Mysore Jn,Rail,396.0,396,396,0.0,1,49.5,1392.0,696.0,0,High Demand
Kakinada Town-Smvt Bengaluru,Rail,152.0,152,152,0.0,1,30.4,953.0,476.5,0,High Demand
Kakinada Town-Tirupati,Rail,118.0,118,118,0.0,1,23.599999999999998,598.0,299.0,0,High Demand
Kakinada-Vijayawada,Bus,31.317460317460316,63,11,11.059699285454837,63,59.11238095238095,350.9557142857143,459.5931746031746,1,Low Demand
Kalaburagi-C Sahumaharaj T Kolhapur,Rail,214.0,214,214,0.0,1,42.8,428.0,214.0,0,High Demand
Kalaburagi-Hyderabad Decan,Rail,141.0,145,137,5.656854249492381,2,70.5,223.0,111.5,0,High Demand
Kalaburagi-Smvt Bengaluru,Rail,106.0,106,106,0.0,1,21.2,558.0,279.0,0,High Demand
Kalaburagi-Solapur Jn,Rail,120.0,120,120,0.0,1,60.0,113.0,56.5,0,High Demand
Kalamb-Wardha Jn,Rail,154.0,154,154,0.0,1,77.0,39.0,30.0,0,High Demand
Kalka-Ambala Cant Jn,Rail,43.0,43,43,0.0,1,21.5,70.0,35.0,0,High Demand
Kalka-Bhiwani,Rail,345.0,345,345,0.0,1,100.0,335.0,167.5,0,High Demand
Kalka-Delhi,Rail,191.0,283,99,130.10764773832474,2,74.75,332.0,166.0,0,High Demand
Kalka-Delhi S Rohilla,Rail,127.0,127,127,0.0,1,63.5,305.0,152.5,0,High Demand
Kalka-Howrah Jn,Rail,162.5,180,145,24.748737341529164,2,20.3125,1745.0,872.5,0,High Demand
Kalka-New Delhi,Rail,129.5,144,115,20.506096654409877,2,64.75,303.0,151.5,0,High Demand
Kalka-Sainagar Shirdi,Rail,406.0,406,406,0.0,1,50.74999999999999,1669.0,834.5,0,High Demand
Kalka-Shimla,Rail,204.875,309,83,80.14529217079975,8,84.0625,96.0,48.0,0,High Demand
Kalka-Shmata Vd Katra,Rail,278.0,278,278,0.0,1,55.60000000000001,493.0,246.5,0,High Demand
Kalkund-Patal Pani,Rail,54.0,54,54,0.0,1,27.0,10.0,30.0,0,High Demand
Kamakhya-Alipur Duar Jn,Rail,270.0,270,270,0.0,1,100.0,301.0,150.5,0,High Demand
Kamakhya-Anand Vihar Terminal,Rail,148.0,148,148,0.0,1,18.5,1905.0,952.5,0,High Demand
Kamakhya-Ara,Rail,376.0,376,376,0.0,1,47.0,1030.0,515.0,0,High Demand
Kamakhya-Bhagat Ki Kothi (Jodhpur,Rail,379.0,379,379,0.0,1,47.375,2540.0,1270.0,0,High Demand
Kamakhya-Charlapalli (Secunderabad,Rail,384.0,384,384,0.0,1,48.0,2552.0,1276.0,0,High Demand
Kamakhya-Delhi,Rail,428.0,428,428,0.0,1,53.5,2028.0,1014.0,0,High Demand
Kamakhya-Dhubri,Rail,261.0,339,183,110.30865786510141,2,95.75,295.0,147.5,0,High Demand
Kamakhya-Dr Ambedkar Ngr (Mhow,Rail,307.0,307,307,0.0,1,38.375,2345.0,1172.5,0,High Demand
Kamakhya-Gandhidham Jn,Rail,331.0,331,331,0.0,1,41.375,3149.0,1574.5,0,High Demand
Kamakhya-Gaya Jn,Rail,237.0,237,237,0.0,1,29.625,1092.0,546.0,0,High Demand
Kamakhya-Howrah Jn,Rail,430.0,430,430,0.0,1,86.0,966.0,483.0,0,High Demand
Kamakhya-Puri,Rail,368.0,375,361,9.899494936611665,2,46.0,1530.0,765.0,0,High Demand
Kamakhya-Rohtak Jn,Rail,465.0,465,465,0.0,1,58.12500000000001,1939.0,969.5,0,High Demand
Kamakhya-Shmata Vd Katra,Rail,428.0,428,428,0.0,1,53.5,2587.0,1293.5,0,High Demand
Kamakhya-Smvt Bengaluru,Rail,411.0,411,411,0.0,1,51.37500000000001,3004.0,1502.0,0,High Demand
Kamakhya-Udaipur City,Rail,359.5,436,283,108.18733752154178,2,44.9375,2626.5,1313.25,0,High Demand
Kanalus-Porbandar,Rail,120.0,120,120,0.0,1,60.0,108.0,54.0,0,High Demand
Kanniyakumari-Chennai Egmore,Rail,279.0,279,279,0.0,1,55.800000000000004,742.0,371.0,0,High Demand
Kanniyakumari-Dibrugarh,Rail,320.0,430,210,155.56349186104046,2,40.0,4188.5,2094.25,0,High Demand
Kanniyakumari-Hazrat Nizamuddin,Rail,387.0,387,387,0.0,1,48.375,2926.0,1463.0,0,High Demand
Kanniyakumari-Hyderabad Decan,Rail,221.0,221,221,0.0,1,27.625,1583.0,791.5,0,High Demand
Kanniyakumari-Kollam Jn,Rail,110.0,110,110,0.0,1,55.00000000000001,151.0,75.5,0,High Demand
Kanniyakumari-Ksr Bengaluru,Rail,134.0,134,134,0.0,1,26.8,944.0,472.0,0,High Demand
Kanniyakumari-Mangalore Central,Rail,252.0,252,252,0.0,1,50.4,720.0,360.0,0,High Demand
Kanniyakumari-Mgr Chennai Ctr,Rail,398.0,398,398,0.0,1,79.60000000000001,900.0,450.0,0,High Demand
Kanniyakumari-Nagarcoil Jn,Rail,56.0,56,56,0.0,1,28.000000000000004,16.0,30.0,0,High Demand
Kanniyakumari-Pondicherry,Rail,303.0,303,303,0.0,1,60.6,699.0,349.5,0,High Demand
Kanniyakumari-Punalur,Rail,224.0,224,224,0.0,1,100.0,195.0,97.5,0,High Demand
Kanniyakumari-Rameswaram,Rail,352.0,352,352,0.0,1,70.39999999999999,407.0,203.5,0,High Demand
Kanniyakumari-Shmata Vd Katra,Rail,443.0,443,443,0.0,1,55.375,3797.0,1898.5,0,High Demand
Kanniyakumari-Tambaram,Rail,355.0,427,283,101.82337649086284,2,71.0,717.0,358.5,0,High Demand
Kanniyakumari-Tirunelveli,Rail,127.0,127,127,0.0,1,63.5,89.0,44.5,0,High Demand
Kannur (Cannanore-Alleppey,Rail,210.0,243,177,46.66904755831214,2,94.25,339.0,169.5,0,High Demand
Kannur (Cannanore-Charvattur,Rail,69.5,89,50,27.577164466275352,2,34.75,48.0,30.0,0,High Demand
Kannur (Cannanore-Coimbatore Jn,Rail,281.5,369,194,123.74368670764582,2,98.5,274.0,137.0,0,High Demand
Kannur (Cannanore-Ernakulam Jn,Rail,324.0,324,324,0.0,1,100.0,283.0,141.5,0,High Demand
Kannur (Cannanore-Kozhikkode (Calicut,Rail,55.0,55,55,0.0,1,27.500000000000004,89.0,44.5,0,High Demand
Kannur (Cannanore-Ksr Bengaluru,Rail,226.0,226,226,0.0,1,45.2,635.0,317.5,0,High Demand
Kannur (Cannanore-Mangalore Central,Rail,191.0,196,186,7.0710678118654755,2,95.5,131.0,65.5,0,High Demand
Kannur (Cannanore-Shoranur Jn,Rail,113.33333333333333,163,45,61.17461347105786,3,56.666666666666664,176.0,88.0,0,High Demand
Kannur (Cannanore-Thiruvananthapuram Central,Rail,444.0,444,444,0.0,1,88.8,502.0,251.0,0,High Demand
Kannur (Cannanore-Yasvantpur Jn,Rail,170.0,170,170,0.0,1,34.0,662.0,331.0,0,High Demand
Kanpur Anwarganj-Faizabad Jn,Rail,181.0,181,181,0.0,1,90.5,204.0,102.0,0,High Demand
Kanpur Anwarganj-Farrukhabad Jn,Rail,120.5,162,79,58.68986283848344,2,60.25,136.0,68.0,0,High Demand
Kanpur Anwarganj-Gorakhpur,Rail,150.0,150,150,0.0,1,30.0,553.0,276.5,0,High Demand
Kanpur Anwarganj-Kasganj,Rail,172.5,240,105,95.45941546018392,2,76.25,244.0,122.0,0,High Demand
Kanpur Anwarganj-Lucknow Ne,Rail,83.0,83,83,0.0,1,41.5,76.0,38.0,0,High Demand
Kanpur Anwarganj-Prayagrajsangam,Rail,73.0,73,73,0.0,1,36.5,213.0,106.5,0,High Demand
Kanpur Central-Amritsar Jn,Rail,442.0,442,442,0.0,1,88.4,898.0,449.0,0,High Demand
Kanpur Central-Anand Vihar Terminal,Rail,164.0,164,164,0.0,1,32.800000000000004,479.0,239.5,0,High Demand
Kanpur Central-Balamau Jn,Rail,77.0,77,77,0.0,1,38.5,117.0,58.5,0,High Demand
Kanpur Central-Bandra Terminus,Rail,198.0,198,198,0.0,1,24.75,1613.0,806.5,0,High Demand
Kanpur Central-Barabanki Jn,Rail,64.0,64,64,0.0,1,32.0,101.0,50.5,0,High Demand
Kanpur Central-Brahmavart,Rail,134.0,140,128,8.48528137423857,2,67.0,26.0,30.0,0,High Demand
Kanpur Central-Chitrakot,Rail,251.5,343,160,129.4005409571382,2,90.0,269.0,134.5,0,High Demand
Kanpur Central-Etawah,Rail,189.5,214,165,34.64823227814083,2,91.25,139.5,69.75,0,High Demand
Kanpur Central-Farrukhabad Jn,Rail,104.0,145,63,57.982756057296896,2,52.0,139.0,69.5,0,High Demand
Kanpur Central-Fatehpur,Rail,197.0,197,197,0.0,1,98.5,78.0,39.0,0,High Demand
Kanpur Central-Jammu Tawi,Rail,464.0,464,464,0.0,1,57.99999999999999,1026.0,513.0,0,High Demand
Kanpur Central-Jhansi Jn,Rail,51.0,51,51,0.0,1,25.5,220.0,110.0,0,High Demand
Kanpur Central-Kathgodam,Rail,336.0,406,266,98.99494936611666,2,67.2,439.0,219.5,0,High Demand
Kanpur Central-Khajuraho,Rail,61.5,73,50,16.263455967290593,2,30.75,262.0,131.0,0,High Demand
Kanpur Central-Lucknow,Rail,94.0,173,57,53.2603667530244,4,47.0,74.0,37.0,0,High Demand
Kanpur Central-Lucknow Ne,Rail,139.5,212,63,68.51033985221987,4,68.25,74.0,37.0,0,High Demand
Kanpur Central-Maa Belha Devi Dham Pratapgarh Jn,Rail,295.0,295,295,0.0,1,100.0,247.0,123.5,0,High Demand
Kanpur Central-Manikpur Jn,Rail,117.0,157,77,56.568542494923804,2,58.5,243.5,121.75,0,High Demand
Kanpur Central-New Delhi,Rail,373.0,389,357,22.627416997969522,2,74.6,440.0,220.0,0,High Demand
Kanpur Central-Pankidham,Rail,172.0,172,172,0.0,1,86.0,13.0,30.0,0,High Demand
Kanpur Central-Phaphund,Rail,129.0,178,69,55.326304774492215,3,64.5,83.0,41.5,0,High Demand
Kanpur Central-Prayagrajsangam,Rail,295.0,295,295,0.0,1,100.0,211.0,105.5,0,High Demand
Kanpur Central-Rae Bareli Jn,Rail,177.0,193,161,22.627416997969522,2,88.5,148.0,74.0,0,High Demand
Kanpur Central-Sitapur City,Rail,188.0,188,188,0.0,1,94.0,177.0,88.5,0,High Demand
Kanpur Central-Subedarganj (Prayagraj Jn,Rail,182.0,182,182,0.0,1,91.0,191.0,95.5,0,High Demand
Kanpur Central-Tundla Jn,Rail,155.0,155,155,0.0,1,77.5,231.0,115.5,0,High Demand
Kanpur Central-Udhampur,Rail,132.0,132,132,0.0,1,16.5,1070.0,535.0,0,High Demand
Kanpur Central-Varanasi Jn,Rail,261.0,261,261,0.0,1,100.0,357.0,178.5,0,High Demand
Kanpur Central-Virangana Lakshmibai(Jhanshi,Rail,191.0,191,191,0.0,1,95.5,220.0,110.0,0,High Demand
Kantabanji-Howrah Jn,Rail,226.0,226,226,0.0,1,45.2,778.0,389.0,0,High Demand
Kaptanganj Jn-Thawe Jn,Rail,122.0,163,81,57.982756057296896,2,61.0,99.0,49.5,0,High Demand
Karaikal-Ernakulam Jn,Rail,409.0,409,409,0.0,1,81.8,593.0,296.5,0,High Demand
Karaikal-Ksr Bengaluru,Rail,102.0,102,102,0.0,1,20.4,566.0,283.0,0,High Demand
Karaikal-Lokmanyatilak,Rail,331.0,331,331,0.0,1,41.375,1634.0,817.0,0,High Demand
Karaikal-Smvt Bengaluru,Rail,351.0,351,351,0.0,1,70.19999999999999,564.0,282.0,0,High Demand
Karaikal-Tambaram,Rail,186.0,186,186,0.0,1,93.0,336.0,168.0,0,High Demand
Karaikal-Thanjavur,Rail,45.0,45,45,0.0,1,22.5,96.0,48.0,0,High Demand
Karaikkudi Jn-Chennai Egmore,Rail,258.0,258,258,0.0,1,51.6,426.0,213.0,0,High Demand
Karaikkudi Jn-Mayiladuturai Jn,Rail,171.0,171,171,0.0,1,85.5,188.0,94.0,0,High Demand
Karaikkudi Jn-Thiruvarur Jn,Rail,112.0,112,112,0.0,1,56.00000000000001,149.0,74.5,0,High Demand
Karaikkudi Jn-Tiruchchirappalli Jn,Rail,140.0,179,114,34.39476704383968,3,70.0,89.0,44.5,0,High Demand
Karaikkudi Jn-Virudunagar Jn,Rail,95.0,95,95,0.0,1,47.5,128.0,64.0,0,High Demand
Karimnagar Oa-Bodhan,Rail,67.0,67,67,0.0,1,33.5,175.0,87.5,0,High Demand
Karimnagar Oa-Lokmanyatilak,Rail,176.0,176,176,0.0,1,35.199999999999996,848.0,424.0,0,High Demand
Karimnagar Oa-Sirpur Town,Rail,73.0,73,73,0.0,1,36.5,144.0,72.0,0,High Demand
Karimnagar Oa-Tirupati,Rail,229.0,229,229,0.0,1,45.800000000000004,712.0,356.0,0,High Demand
Karwar-Ksr Bengaluru,Rail,301.0,301,301,0.0,1,60.199999999999996,763.0,381.5,0,High Demand
Karwar-Yasvantpur Jn,Rail,348.5,402,295,75.66042558696059,2,69.7,761.5,380.75,0,High Demand
Kasaragod-Mookambika Road,Rail,192.0,192,192,0.0,1,96.0,224.0,112.0,0,High Demand
Kasaragod-Thiruvananthapuram Central,Rail,156.0,156,156,0.0,1,31.2,588.0,294.0,0,High Demand
Kasganj-Achhnera Jn,Rail,102.5,114,91,16.263455967290593,2,51.25,143.0,71.5,0,High Demand
Kasganj-Agra Fort,Rail,166.0,166,166,0.0,1,83.0,169.0,84.5,0,High Demand
Kasganj-Bareilly City,Rail,190.66666666666666,235,155,40.69807530256601,3,89.5,106.33333333333333,53.166666666666664,0,High Demand
Kasganj-Bharatpur  Jn,Rail,55.0,55,55,0.0,1,27.500000000000004,170.0,85.0,0,High Demand
Kasganj-Farrukhabad Jn,Rail,148.5,180,117,44.54772721475249,2,74.25,108.0,54.0,0,High Demand
Kasganj-Gangapur City,Rail,124.0,124,124,0.0,1,62.0,258.0,129.0,0,High Demand
Kasganj-Kanpur Anwarganj,Rail,241.5,248,235,9.192388155425117,2,100.0,244.0,122.0,0,High Demand
Kasganj-Lal Kuan,Rail,150.0,222,78,101.82337649086284,2,69.5,187.0,93.5,0,High Demand
Kasganj-Lucknow Ne,Rail,149.0,149,149,0.0,1,74.5,320.0,160.0,0,High Demand
Kasganj-New Delhi,Rail,177.5,221,134,61.518289963229634,2,83.5,361.0,180.5,0,High Demand
Kasganj-Ramnagar,Rail,96.0,96,96,0.0,1,48.0,273.0,136.5,0,High Demand
Kasganj-Shikohabad Jn,Rail,168.0,168,168,0.0,1,84.0,214.0,107.0,0,High Demand
Kashipur-Bareilly City,Rail,126.0,126,126,0.0,1,63.0,140.0,70.0,0,High Demand
Kashipur-Lal Kuan,Rail,84.0,84,84,0.0,1,42.0,58.0,30.0,0,High Demand
Kashipur-Moradabad,Rail,162.0,162,162,0.0,1,81.0,49.0,30.0,0,High Demand
Kashipur-Ramnagar,Rail,100.0,100,100,0.0,1,50.0,27.0,30.0,0,High Demand
Katangi-Gondia Jn,Rail,102.0,102,102,0.0,1,51.0,88.0,44.0,0,High Demand
Kathana-Vadodara Jn,Rail,70.0,70,70,0.0,1,35.0,63.0,31.5,0,High Demand
Kathgodam-Dehradun,Rail,322.0,336,308,19.79898987322333,2,100.0,336.0,168.0,0,High Demand
Kathgodam-Delhi,Rail,159.0,159,159,0.0,1,79.5,278.0,139.0,0,High Demand
Kathgodam-Howrah Jn,Rail,304.0,304,304,0.0,1,38.0,1514.0,757.0,0,High Demand
Kathgodam-Jaisalmer,Rail,421.0,421,421,0.0,1,52.625,1263.0,631.5,0,High Demand
Kathgodam-Jammu Tawi,Rail,375.5,490,261,161.92745289171938,2,75.1,769.0,384.5,0,High Demand
Kathgodam-Kanpur Central,Rail,340.0,390,290,70.71067811865476,2,68.0,439.0,219.5,0,High Demand
Kathgodam-Lucknow Ne,Rail,278.0,278,278,0.0,1,100.0,342.0,171.0,0,High Demand
Kathgodam-New Delhi,Rail,153.0,153,153,0.0,1,76.5,281.0,140.5,0,High Demand
Katihar Jn-Amritsar Jn,Rail,454.0,454,454,0.0,1,56.75,1805.0,902.5,0,High Demand
Katihar Jn-Barauni Jn,Rail,67.0,67,67,0.0,1,33.5,179.0,89.5,0,High Demand
Katihar Jn-Delhi,Rail,449.0,449,449,0.0,1,56.125,1417.0,708.5,0,High Demand
Katihar Jn-Howrah Jn,Rail,210.5,283,138,102.5304832720494,2,42.099999999999994,426.0,213.0,0,High Demand
Katihar Jn-Malda Court,Rail,74.5,89,60,20.506096654409877,2,37.25,90.0,45.0,0,High Demand
Katihar Jn-Malda Town,Rail,181.0,181,181,0.0,1,90.5,91.0,45.5,0,High Demand
Katihar Jn-Patna Jn,Rail,227.0,227,227,0.0,1,100.0,288.0,144.0,0,High Demand
Katihar Jn-Radhikapur,Rail,78.33333333333333,97,63,17.243356208503418,3,39.166666666666664,99.0,49.5,0,High Demand
Katihar Jn-Samastipur Jn,Rail,109.5,112,107,3.5355339059327378,2,54.75,230.0,115.0,0,High Demand
Katihar Jn-Siliguri Jn,Rail,183.5,269,98,120.91525958289962,2,74.5,217.0,108.5,0,High Demand
Katihar Jn-Sonpur Jn,Rail,130.0,130,130,0.0,1,65.0,273.0,136.5,0,High Demand
Katni Murwara-Bina Jn,Rail,99.0,99,99,0.0,1,49.5,260.0,130.0,0,High Demand
Katni Murwara-Chirmiri,Rail,107.0,107,107,0.0,1,53.5,255.0,127.5,0,High Demand
Katni-Bargawan,Rail,137.0,137,137,0.0,1,68.5,241.0,120.5,0,High Demand
Katni-Bhusaval Jn,Rail,204.33333333333334,387,92,159.58174498774395,3,40.86666666666667,643.0,321.5,0,High Demand
Katni-Bilaspur Jn,Rail,52.0,52,52,0.0,1,26.0,317.0,158.5,0,High Demand
Katni-Bina Jn,Rail,128.66666666666666,194,60,67.06216021970462,3,64.33333333333333,263.6666666666667,131.83333333333334,0,High Demand
Katni-Chirmiri,Rail,194.0,194,194,0.0,1,97.0,253.0,126.5,0,High Demand
Katni-Chopan,Rail,147.0,180,114,46.66904755831214,2,73.5,323.0,161.5,0,High Demand
Katni-Itarsi Jn,Rail,56.0,56,56,0.0,1,28.000000000000004,336.0,168.0,0,High Demand
Katni-Satna,Rail,186.5,188,185,2.1213203435596424,2,93.25,98.0,49.0,0,High Demand
Katosan Road-Sabarmati Bg,Rail,194.0,194,194,0.0,1,97.0,58.0,30.0,0,High Demand
Katpadi Jn-Arakkonam,Rail,189.0,189,189,0.0,1,94.5,61.0,30.5,0,High Demand
Katpadi Jn-Jolarpettai,Rail,123.0,123,123,0.0,1,61.5,84.0,42.0,0,High Demand
Katpadi Jn-Tirupati,Rail,115.0,130,85,25.98076211353316,3,57.5,104.0,52.0,0,High Demand
Katpadi Jn-Villupuram Jn,Rail,106.5,198,46,69.66826154474265,4,53.25,160.0,80.0,0,High Demand
Katwa Jn-Ahmadpur Jn,Rail,103.33333333333333,177,50,65.8963833099612,3,51.666666666666664,51.0,30.0,0,High Demand
Katwa Jn-Azimganj,Rail,117.6,197,58,41.45734085914231,10,58.8,73.0,36.5,0,High Demand
Katwa Jn-Nimtita,Rail,137.0,137,137,0.0,1,68.5,128.0,64.0,0,High Demand
Katwa Jn-Rampur Hat,Rail,73.0,73,73,0.0,1,36.5,132.0,66.0,0,High Demand
Katwa-Balgona,Rail,115.75,201,65,62.02889111803736,4,57.75,27.0,30.0,0,High Demand
Kayankulam-Alleppey,Rail,135.0,135,135,0.0,1,67.5,43.0,30.0,0,High Demand
Kayankulam-Ernakulam Jn,Rail,124.75,183,45,58.58540773947041,4,62.375,107.5,53.75,0,High Demand
Kazipet Jn-Ajni (Nagpur,Rail,70.0,70,70,0.0,1,14.000000000000002,453.0,226.5,0,High Demand
Kazipet Jn-Balharshah,Rail,210.0,356,64,206.47518010647187,2,66.0,242.0,121.0,0,High Demand
Kazipet Jn-Dornakal Jn,Rail,150.0,150,150,0.0,1,75.0,97.0,48.5,0,High Demand
Kazipet Jn-Hadapsar (Pune,Rail,365.0,365,365,0.0,1,73.0,773.0,386.5,0,High Demand
Kazipet Jn-Lokmanyatilak,Rail,207.5,283,132,106.77312395916867,2,25.9375,1175.5,587.75,0,High Demand
Kazipet Jn-Pune Jn,Rail,468.0,468,468,0.0,1,58.5,1172.0,586.0,0,High Demand
Kazipet Jn-Secunderabad Jn,Rail,105.0,105,105,0.0,1,52.5,131.0,65.5,0,High Demand
Kazipet Jn-Sirpur Town,Rail,143.0,143,143,0.0,1,71.5,188.0,94.0,0,High Demand
Kazipet Jn-Vijayawada Jn,Rail,227.0,227,227,0.0,1,100.0,226.0,113.0,0,High Demand
Kelod-Itwari (Nagpur,Rail,122.0,122,122,0.0,1,61.0,48.0,30.0,0,High Demand
Kendri-Dhamtari,Rail,148.0,209,46,88.89881888979178,3,72.5,50.666666666666664,30.0,0,High Demand
Kendri-Rajim,Rail,192.0,192,192,0.0,1,96.0,23.0,30.0,0,High Demand
Kendujhargarh-Khurda Road Jn,Rail,172.0,172,172,0.0,1,86.0,233.0,116.5,0,High Demand
Kendujhargarh-Paradeep,Rail,176.0,176,176,0.0,1,88.0,238.0,119.0,0,High Demand
Khajuraho-Banaras,Rail,320.5,385,256,91.21677477306463,2,64.1,462.5,231.25,0,High Demand
Khajuraho-Bhopal  Jn,Rail,355.0,355,355,0.0,1,100.0,367.0,183.5,0,High Demand
Khajuraho-Hazrat Nizamuddin,Rail,414.0,414,414,0.0,1,82.8,659.0,329.5,0,High Demand
Khajuraho-Kanpur Central,Rail,143.5,193,94,70.0035713374682,2,71.75,262.0,131.0,0,High Demand
Khajuraho-Kurukshetra Jn,Rail,168.0,168,168,0.0,1,33.6,823.0,411.5,0,High Demand
Khajuraho-Lalitpur,Rail,132.5,182,83,70.0035713374682,2,66.25,165.0,82.5,0,High Demand
Khajuraho-Mahoba,Rail,134.0,182,86,67.88225099390856,2,67.0,64.0,32.0,0,High Demand
Khajuraho-Udaipur City,Rail,297.0,297,297,0.0,1,37.125,1092.0,546.0,0,High Demand
Khajuraho-Virangana Lakshmibai(Jhanshi,Rail,117.0,117,117,0.0,1,58.5,254.0,127.0,0,High Demand
Khambhat-Anand Jn,Rail,137.5,209,62,63.43050190112461,8,68.1875,52.0,30.0,0,High Demand
Khambli Ghat-Marwar Jn,Rail,42.0,42,42,0.0,1,21.0,47.0,30.0,0,High Demand
Khamgaon-Jalamb Jn,Rail,128.5,196,77,50.849450996708576,4,64.25,12.0,30.0,0,High Demand
Khandwa-Bir,Rail,124.66666666666667,187,84,54.81179921634879,3,62.333333333333336,33.0,30.0,0,High Demand
Khandwa-Mhow,Rail,115.0,115,115,0.0,1,57.49999999999999,117.0,58.5,0,High Demand
Khandwa-Sanawad,Rail,128.5,132,125,4.949747468305833,2,64.25,54.0,30.0,0,High Demand
Khanodih-Bhojudih Jn,Rail,154.0,154,154,0.0,1,77.0,40.0,30.0,0,High Demand
Kharagpur Jn-Adra Jn,Rail,115.0,115,115,0.0,1,57.49999999999999,168.0,84.0,0,High Demand
Kharagpur Jn-Asansol Jn,Rail,153.0,153,153,0.0,1,76.5,210.0,105.0,0,High Demand
Kharagpur Jn-Balasore,Rail,134.0,134,134,0.0,1,67.0,121.0,60.5,0,High Demand
Kharagpur Jn-Belda,Rail,206.0,206,206,0.0,1,100.0,41.0,30.0,0,High Demand
Kharagpur Jn-Bhadrakh,Rail,194.0,194,194,0.0,1,97.0,180.0,90.0,0,High Demand
Kharagpur Jn-Gomoh Jn,Rail,142.0,142,142,0.0,1,71.0,249.0,124.5,0,High Demand
Kharagpur Jn-Hatia,Rail,106.0,106,106,0.0,1,53.0,337.0,168.5,0,High Demand
Kharagpur Jn-Hijli (Kharagpur,Rail,75.0,81,69,8.48528137423857,2,37.5,9.0,30.0,0,High Demand
Kharagpur Jn-Howrah Jn,Rail,84.0,84,84,0.0,1,42.0,116.0,58.0,0,High Demand
Kharagpur Jn-Jajpur Keonjhar Road,Rail,223.0,223,223,0.0,1,100.0,223.0,111.5,0,High Demand
Kharagpur Jn-Jhargram,Rail,140.0,166,114,36.76955262170047,2,70.0,38.0,30.0,0,High Demand
Kharagpur Jn-Khurda Road Jn,Rail,156.5,190,123,47.37615433949868,2,78.25,366.5,183.25,0,High Demand
Kharagpur Jn-Ranchi,Rail,119.0,119,119,0.0,1,59.5,330.0,165.0,0,High Demand
Kharagpur Jn-Tatanagar Jn,Rail,154.28571428571428,214,86,62.95160650773547,7,75.42857142857143,134.57142857142858,67.28571428571429,0,High Demand
Kharagpur Jn-Villupuram Jn,Rail,331.0,331,331,0.0,1,41.375,1830.0,915.0,0,High Demand
Khed Brahma-Ahmedabad Mg,Rail,155.5,209,102,75.66042558696059,2,75.5,142.0,71.0,0,High Demand
Khongsang-Agartala,Rail,117.0,117,117,0.0,1,58.5,348.0,174.0,0,High Demand
Khulna-Kolkata,Rail,314.0,314,314,0.0,1,100.0,172.0,86.0,0,High Demand
Khurda Road Jn-Kendujhargarh,Rail,79.0,79,79,0.0,1,39.5,233.0,116.5,0,High Demand
Khurda Road Jn-Kharagpur Jn,Rail,159.5,226,93,94.04520189781083,2,73.25,366.5,183.25,0,High Demand
Khurda Road Jn-Mahipur,Rail,177.0,204,150,38.18376618407357,2,87.5,77.0,38.5,0,High Demand
Khurda Road Jn-Puri,Rail,88.75,117,66,21.823152842795196,4,44.375,43.75,30.0,0,High Demand
Khurja Jn-Ghaziabad,Rail,147.0,147,147,0.0,1,73.5,63.0,31.5,0,High Demand
Khurja Jn-Meerut City Jn,Rail,136.33333333333334,207,52,78.39855440844131,3,67.0,93.0,46.5,0,High Demand
Khurja Jn-Shakurbasti ( Delhi,Rail,107.0,107,107,0.0,1,53.5,93.0,46.5,0,High Demand
Kirandul-Shrungavarapukota,Rail,290.0,290,290,0.0,1,57.99999999999999,420.0,210.0,0,High Demand
Kirandul-Visakhapatnam,Rail,196.66666666666666,333,124,118.15385450053388,3,39.333333333333336,472.0,236.0,0,High Demand
Kishanganj-Ajmer Jn,Rail,476.0,476,476,0.0,1,59.5,1835.0,917.5,0,High Demand
Kiul Jn-Gaya Jn,Rail,147.2,207,69,58.34552253600957,5,72.9,129.0,64.5,0,High Demand
Kiul Jn-Jamalpur Jn,Rail,109.0,111,107,2.8284271247461903,2,54.5,45.0,30.0,0,High Demand
Kiul Jn-Jasidih Jn,Rail,185.0,185,185,0.0,1,92.5,98.0,49.0,0,High Demand
Kiul Jn-Malda Town,Rail,346.0,346,346,0.0,1,100.0,277.0,138.5,0,High Demand
Kiul Jn-Mokameh Jn,Rail,109.5,165,54,78.48885271170677,2,54.75,34.0,30.0,0,High Demand
Kiul Jn-Patna Jn,Rail,152.5,179,126,37.476659402887016,2,76.25,123.0,61.5,0,High Demand
Kochuveli-Indore Jn Bg,Rail,250.0,250,250,0.0,1,31.25,2594.0,1297.0,0,High Demand
Kochuveli-Porbandar,Rail,395.0,395,395,0.0,1,49.375,2720.0,1360.0,0,High Demand
Koderma-Barka Kana,Rail,97.0,135,59,53.74011537017761,2,48.5,136.0,68.0,0,High Demand
Koderma-Danapur,Rail,224.0,224,224,0.0,1,100.0,260.0,130.0,0,High Demand
Koderma-Madhupur Jn,Rail,152.0,152,152,0.0,1,76.0,137.0,68.5,0,High Demand
Koderma-Maheshamunda,Rail,72.0,72,72,0.0,1,36.0,110.0,55.0,0,High Demand
Koderma-Vaishali,Rail,227.0,227,227,0.0,1,100.0,328.0,164.0,0,High Demand
Kodinar-Veraval,Rail,52.0,52,52,0.0,1,26.0,70.0,35.0,0,High Demand
Koduru-Cuddapah,Rail,306.0,306,306,0.0,1,61.199999999999996,871.0,435.5,0,High Demand
Kolar-Bangalore Cant,Rail,147.0,186,108,55.154328932550705,2,73.5,118.5,59.25,0,High Demand
Kolar-Bangarapet,Rail,118.5,158,79,55.86143571373726,2,59.25,17.0,30.0,0,High Demand
Kolar-Ksr Bengaluru,Rail,48.0,48,48,0.0,1,24.0,147.0,73.5,0,High Demand
Kolkata-Agartala,Rail,523.0,523,523,0.0,1,65.375,1588.0,794.0,0,High Demand
Kolkata-Agra Cantt,Rail,308.0,308,308,0.0,1,38.5,1461.0,730.5,0,High Demand
Kolkata-Ahmedabad,Air,79.44444444444444,165,17,40.6310538834835,36,53.04575617283951,3934.7916666666665,10226.416666666666,1,Low Demand
Kolkata-Ahmedabad Jn,Rail,236.0,236,236,0.0,1,29.5,2090.0,1045.0,0,High Demand
Kolkata-Amritsar Jn,Rail,295.5,392,199,136.47160876900367,2,36.9375,1862.0,931.0,0,High Demand
Kolkata-Ara,Rail,239.5,260,219,28.991378028648448,2,47.9,583.0,291.5,0,High Demand
Kolkata-Azamgarh,Rail,138.0,138,138,0.0,1,27.6,787.0,393.5,0,High Demand
Kolkata-Balurghat,Rail,214.0,214,214,0.0,1,42.8,437.0,218.5,0,High Demand
Kolkata-Bangalore,Air,81.125,176,31,34.161897728467245,40,59.046875,4242.5625,8637.6,1,Low Demand
Kolkata-Bhubaneswar,Air,71.41666666666667,166,17,34.561229310147105,36,52.89135802469136,4179.166666666667,8914.861111111111,1,Low Demand
Kolkata-Bikaner Jn,Rail,134.0,134,134,0.0,1,16.75,1887.0,943.5,0,High Demand
Kolkata-Chennai,Air,91.7,184,26,40.4362112405104,40,60.057291666666664,4290.375,9701.2,1,Low Demand
Kolkata-Cochin,Air,72.7741935483871,168,19,39.774120293996326,31,50.84650537634408,4186.935483870968,9786.129032258064,1,Low Demand
Kolkata-Darbhanga Jn,Rail,294.0,294,294,0.0,1,58.8,539.0,269.5,0,High Demand
Kolkata-Delhi,Air,74.30555555555556,156,23,39.97414839221143,36,51.44714506172839,4455.416666666667,9484.694444444445,1,Low Demand
Kolkata-Dhaka,Rail,219.0,279,159,84.8528137423857,2,89.75,375.0,187.5,0,High Demand
Kolkata-Dibrugarh,Rail,505.0,505,505,0.0,1,63.125,1583.0,791.5,0,High Demand
Kolkata-Ghazipur City,Rail,261.0,368,154,151.32085117392117,2,52.199999999999996,788.5,394.25,0,High Demand
Kolkata-Goa,Air,86.6969696969697,203,26,35.32393385553629,33,51.16313131313131,4141.818181818182,9479.39393939394,1,Low Demand
Kolkata-Gorakhpur,Rail,351.0,399,303,67.88225099390856,2,70.2,879.0,439.5,0,High Demand
Kolkata-Guwahati,Air,75.69047619047619,194,18,39.09805565325817,42,50.37189153439154,4192.321428571428,9807.166666666666,1,Low Demand
Kolkata-Guwahati,Rail,435.0,435,435,0.0,1,54.37499999999999,1027.0,513.5,0,High Demand
Kolkata-Haldibari,Rail,185.0,185,185,0.0,1,37.0,620.0,310.0,0,High Demand
Kolkata-Hyderabad,Air,88.30232558139535,154,25,37.60416319639352,43,59.08372093023256,3768.6627906976746,8326.883720930233,1,Low Demand
Kolkata-Indore,Air,81.76315789473684,152,31,35.25615469407055,38,54.91688596491228,4529.605263157895,9600.078947368422,1,Low Demand
Kolkata-Jaipur,Air,87.90322580645162,219,16,46.895881012237936,31,57.882616487455195,4573.548387096775,9164.58064516129,1,Low Demand
Kolkata-Jammu Tawi,Rail,458.0,458,458,0.0,1,57.25,1981.0,990.5,0,High Demand
Kolkata-Jasidih Jn,Rail,194.0,194,194,0.0,1,97.0,326.0,163.0,0,High Demand
Kolkata-Jaynagar,Rail,415.0,415,415,0.0,1,83.0,620.0,310.0,0,High Demand
Kolkata-Jogbani,Rail,128.0,128,128,0.0,1,25.6,542.0,271.0,0,High Demand
Kolkata-Khulna,Rail,158.0,158,158,0.0,1,79.0,172.0,86.0,0,High Demand
Kolkata-Lalgola,Rail,181.0,336,73,137.6553667678816,3,67.83333333333333,223.33333333333334,111.66666666666667,0,High Demand
Kolkata-Lucknow,Air,85.02564102564102,198,15,39.33826794911244,39,53.482549857549856,4243.461538461538,9388.333333333334,1,Low Demand
Kolkata-Madar Jn (Ajmer,Rail,279.0,279,279,0.0,1,34.875,1986.0,993.0,0,High Demand
Kolkata-Mumbai,Air,89.84615384615384,238,18,45.076138035674276,52,57.659455128205124,4153.557692307692,10062.211538461539,1,Low Demand
Kolkata-Muzaffarpur Jn,Rail,252.0,252,252,0.0,1,50.4,566.0,283.0,0,High Demand
Kolkata-Nagpur,Air,77.0,165,20,38.84263121880391,25,49.37744444444444,4391.1,10008.24,1,Low Demand
Kolkata-Patna,Air,80.80392156862744,168,18,37.118200176109376,51,55.54161220043573,3885.0,9777.254901960785,1,Low Demand
Kolkata-Pune,Air,89.1875,257,16,46.115869146062664,32,52.62057291666667,4271.25,10081.71875,1,Low Demand
Kolkata-Radhikapur,Rail,269.0,269,269,0.0,1,53.800000000000004,476.0,238.0,0,High Demand
Kolkata-Raipur,Air,83.78378378378379,228,13,45.0173640172663,37,55.68228228228229,4610.675675675676,8978.054054054053,1,Low Demand
Kolkata-Sairang,Rail,228.0,228,228,0.0,1,28.499999999999996,1505.0,752.5,0,High Demand
Kolkata-Silghat Town,Rail,448.0,448,448,0.0,1,56.00000000000001,1195.0,597.5,0,High Demand
Kolkata-Sitamarhi,Rail,381.5,407,356,36.062445840513924,2,76.3,613.0,306.5,0,High Demand
Kolkata-Surat,Air,79.02564102564102,182,18,40.27307261518229,39,58.598504273504275,3668.076923076923,8921.871794871795,1,Low Demand
Kolkata-Varanasi,Air,78.22727272727273,271,26,45.977680953669015,44,49.96098484848485,5001.477272727273,10270.522727272728,1,Low Demand
Kolkata-Virangana Lakshmibai(Jhanshi,Rail,408.5,507,310,139.30003589374985,2,51.0625,1326.0,663.0,0,High Demand
Kollam Jn-Alleppey,Rail,62.5,67,58,6.363961030678928,2,31.25,84.0,42.0,0,High Demand
Kollam Jn-Chennai Egmore,Rail,361.0,361,361,0.0,1,72.2,862.0,431.0,0,High Demand
Kollam Jn-Ernakulam Jn,Rail,159.66666666666666,219,92,51.66301062333346,6,77.25,156.0,78.0,0,High Demand
Kollam Jn-Kanniyakumari,Rail,204.0,204,204,0.0,1,100.0,150.0,75.0,0,High Demand
Kollam Jn-Kottayam,Rail,48.0,48,48,0.0,1,24.0,96.0,48.0,0,High Demand
Kollam Jn-Nagarcoil Jn,Rail,89.0,89,89,0.0,1,44.5,135.0,67.5,0,High Demand
Kollam Jn-Punalur,Rail,98.25,129,73,23.113848662652444,4,49.125,44.0,30.0,0,High Demand
Kollam Jn-Tambaram,Rail,161.0,161,161,0.0,1,32.2,739.0,369.5,0,High Demand
Kollam Jn-Thiruvananthapuram Central,Rail,161.5,201,122,55.86143571373726,2,80.5,64.0,32.0,0,High Demand
Kollam Jn-Tirupati,Rail,415.0,415,415,0.0,1,83.0,833.0,416.5,0,High Demand
Kollam Jn-Visakhapatnam,Rail,346.0,346,346,0.0,1,43.25,1587.0,793.5,0,High Demand
Konch-Ait Jn,Rail,142.33333333333334,156,123,17.21433511156714,3,71.16666666666667,13.666666666666666,30.0,0,High Demand
Konch-Sarsoki,Rail,158.5,199,118,57.27564927611035,2,79.25,46.0,30.0,0,High Demand
Koraput Jn-Sambalpur,Rail,208.0,208,208,0.0,1,41.6,494.0,247.0,0,High Demand
Koraput Jn-Visakhapatnam,Rail,169.0,172,166,4.242640687119285,2,84.5,358.0,179.0,0,High Demand
Korba-Amritsar Jn,Rail,322.0,322,322,0.0,1,40.25,2108.0,1054.0,0,High Demand
Korba-Bilaspur Jn,Rail,97.0,97,97,0.0,1,48.5,90.0,45.0,0,High Demand
Korba-Nsc Bose Itwari,Rail,190.0,190,190,0.0,1,38.0,501.0,250.5,0,High Demand
Korba-Raipur Jn,Rail,182.4,294,95,83.23641030222291,5,79.5,203.6,101.8,0,High Demand
Korba-Visakhapatnam,Rail,431.0,431,431,0.0,1,86.2,730.0,365.0,0,High Demand
Kosamba Jn-Umarpada,Rail,183.0,183,183,0.0,1,91.5,62.0,31.0,0,High Demand
Kosi Kalan-Agra Cantt,Rail,115.0,115,115,0.0,1,57.49999999999999,94.0,47.0,0,High Demand
Kosi Kalan-Ghaziabad,Rail,203.0,203,203,0.0,1,100.0,119.0,59.5,0,High Demand
Kosi Kalan-Hazrat Nizamuddin,Rail,87.0,87,87,0.0,1,43.5,89.0,44.5,0,High Demand
Kosi Kalan-New Delhi,Rail,72.0,72,72,0.0,1,36.0,100.0,50.0,0,High Demand
Kota Jn-Aklera,Rail,174.0,200,148,36.76955262170047,2,87.0,146.0,73.0,0,High Demand
Kota Jn-Asarva Jn (Ahmedabad,Rail,358.0,358,358,0.0,1,71.6,576.0,288.0,0,High Demand
Kota Jn-Bhind,Rail,215.0,215,215,0.0,1,43.0,495.0,247.5,0,High Demand
Kota Jn-Bina Jn,Rail,151.0,212,93,59.55669567731239,3,73.5,303.0,151.5,0,High Demand
Kota Jn-Chaumahla,Rail,190.0,190,190,0.0,1,95.0,163.0,81.5,0,High Demand
Kota Jn-Deeg,Rail,205.0,205,205,0.0,1,100.0,365.0,182.5,0,High Demand
Kota Jn-Dehradun,Rail,425.0,425,425,0.0,1,85.0,760.0,380.0,0,High Demand
Kota Jn-Etawah,Rail,141.0,141,141,0.0,1,28.199999999999996,531.0,265.5,0,High Demand
Kota Jn-Ghatoli,Rail,88.0,88,88,0.0,1,44.0,161.0,80.5,0,High Demand
Kota Jn-Hazrat Nizamuddin,Rail,250.0,250,250,0.0,1,50.0,458.0,229.0,0,High Demand
Kota Jn-Indore Jn Bg,Rail,335.0,335,335,0.0,1,67.0,433.0,216.5,0,High Demand
Kota Jn-Jaipur,Rail,246.0,246,246,0.0,1,100.0,240.0,120.0,0,High Demand
Kota Jn-Jhalawar City,Rail,111.0,111,111,0.0,1,55.50000000000001,98.0,49.0,0,High Demand
Kota Jn-Ludhiana Jn,Rail,391.0,391,391,0.0,1,78.2,793.0,396.5,0,High Demand
Kota Jn-Mandsor,Rail,233.5,275,192,58.68986283848344,2,98.0,275.5,137.75,0,High Demand
Kota Jn-Mtyr C Tushar M,Rail,400.0,400,400,0.0,1,50.0,1094.0,547.0,0,High Demand
Kota Jn-Nagda Jn,Rail,135.0,135,135,0.0,1,67.5,225.0,112.5,0,High Demand
Kota Jn-Patna Jn,Rail,323.0,323,323,0.0,1,40.375,1243.0,621.5,0,High Demand
Kota Jn-Ratlam Jn,Rail,98.5,144,53,64.34671708797582,2,49.25,266.5,133.25,0,High Demand
Kota Jn-Sawai Madhopur,Rail,116.0,116,116,0.0,1,57.99999999999999,108.0,54.0,0,High Demand
Kota Jn-Shri Ganganagar,Rail,184.0,184,184,0.0,1,36.8,919.0,459.5,0,High Demand
Kota Jn-Sirsa,Rail,289.0,407,171,166.87720036002523,2,57.8,662.5,331.25,0,High Demand
Kota Jn-Vadodara Jn,Rail,168.0,284,52,164.04877323527901,2,33.6,528.5,264.25,0,High Demand
Kota Jn-Yamuna Bridge,Rail,224.0,224,224,0.0,1,100.0,335.0,167.5,0,High Demand
Kotdwara-Anand Vihar Terminal,Rail,142.0,142,142,0.0,1,71.0,283.0,141.5,0,High Demand
Kotdwara-Delhi,Rail,200.0,301,108,96.81425514871248,3,83.16666666666667,238.0,119.0,0,High Demand
Kotdwara-Najibabad Jn,Rail,160.25,195,86,50.80272302413195,4,80.125,24.0,30.0,0,High Demand
Kottayam-Ernakulam Jn,Rail,81.33333333333333,146,49,56.0029761113937,3,40.666666666666664,61.333333333333336,30.666666666666668,0,High Demand
Kottayam-Kollam Jn,Rail,174.5,212,137,53.033008588991066,2,84.25,96.0,48.0,0,High Demand
Kottayam-Nilambur Road,Rail,116.5,136,97,27.577164466275352,2,58.25,232.0,116.0,0,High Demand
Kozhikkode (Calicut-Kannur (Cannanore,Rail,107.0,167,47,84.8528137423857,2,53.5,89.0,44.5,0,High Demand
Kozhikkode (Calicut-Ksr Bengaluru,Rail,112.0,112,112,0.0,1,22.400000000000002,645.0,322.5,0,High Demand
Kozhikkode (Calicut-Shoranur Jn,Rail,75.0,75,75,0.0,1,37.5,86.0,43.0,0,High Demand
Kozhikkode (Calicut-Thiruvananthapuram Central,Rail,383.0,383,383,0.0,1,100.0,399.0,199.5,0,High Demand
Kozhikkode (Calicut-Thrisur,Rail,216.0,216,216,0.0,1,100.0,120.0,60.0,0,High Demand
Krishnarajapurm-Kuppam,Rail,72.0,72,72,0.0,1,36.0,88.0,44.0,0,High Demand
Krishnarajapurm-Marikuppam,Rail,89.5,126,53,51.61879502661797,2,44.75,72.0,36.0,0,High Demand
Krishngr Cty Jn-Azimganj,Rail,195.0,195,195,0.0,1,97.5,104.0,52.0,0,High Demand
Ksr Bengaluru-Ajmer Jn,Rail,156.0,156,156,0.0,1,19.5,2224.0,1112.0,0,High Demand
Ksr Bengaluru-Anantapur,Rail,135.0,135,135,0.0,1,67.5,234.0,117.0,0,High Demand
Ksr Bengaluru-Arsikere Jn,Rail,84.0,84,84,0.0,1,42.0,166.0,83.0,0,High Demand
Ksr Bengaluru-Ashokapuram,Rail,105.5,159,57,47.59201613716318,4,52.75,143.25,71.625,0,High Demand
Ksr Bengaluru-Bangarapet,Rail,148.33333333333334,205,102,52.27172594561359,3,73.33333333333333,70.0,35.0,0,High Demand
Ksr Bengaluru-Belagavi,Rail,154.0,182,126,39.59797974644666,2,30.799999999999997,611.0,305.5,0,High Demand
Ksr Bengaluru-Bhubaneswar,Rail,341.0,341,341,0.0,1,42.625,1546.0,773.0,0,High Demand
Ksr Bengaluru-C Shivaji Maharaj T,Rail,190.0,190,190,0.0,1,23.75,1153.0,576.5,0,High Demand
Ksr Bengaluru-Channapatna,Rail,125.0,125,125,0.0,1,62.5,55.0,30.0,0,High Demand
Ksr Bengaluru-Coimbatore Jn,Rail,170.0,170,170,0.0,1,34.0,431.0,215.5,0,High Demand
Ksr Bengaluru-Dharmapuri,Rail,151.0,151,151,0.0,1,75.5,151.0,75.5,0,High Demand
Ksr Bengaluru-Dharwad,Rail,248.0,288,208,56.568542494923804,2,49.599999999999994,490.0,245.0,0,High Demand
Ksr Bengaluru-Ernakulam Jn,Rail,304.0,412,124,156.92036196746426,3,60.79999999999999,604.0,302.0,0,High Demand
Ksr Bengaluru-Gandhidham Jn,Rail,318.5,433,204,161.92745289171938,2,39.8125,1962.0,981.0,0,High Demand
Ksr Bengaluru-H Sahib Nanded,Rail,371.0,371,371,0.0,1,46.375,1037.0,518.5,0,High Demand
Ksr Bengaluru-Hazrat Nizamuddin,Rail,423.0,423,423,0.0,1,52.87500000000001,2371.0,1185.5,0,High Demand
Ksr Bengaluru-Hindupur,Rail,185.0,185,185,0.0,1,92.5,99.0,49.5,0,High Demand
Ksr Bengaluru-Hosapete Jn,Rail,271.0,321,221,70.71067811865476,2,54.2,529.0,264.5,0,High Demand
Ksr Bengaluru-Hubballi Jn,Rail,295.0,446,217,105.72606112023658,4,59.0,470.5,235.25,0,High Demand
Ksr Bengaluru-Jodhpur Jn,Rail,313.3333333333333,496,131,182.50022831035946,3,39.166666666666664,2143.3333333333335,1071.6666666666667,0,High Demand
Ksr Bengaluru-Jolarpettai,Rail,140.5,172,109,44.54772721475249,2,70.25,140.0,70.0,0,High Demand
Ksr Bengaluru-Kanniyakumari,Rail,359.0,359,359,0.0,1,71.8,944.0,472.0,0,High Demand
Ksr Bengaluru-Kannur (Cannanore,Rail,194.5,225,164,43.1335136523794,2,38.900000000000006,595.0,297.5,0,High Demand
Ksr Bengaluru-Karaikal,Rail,67.0,67,67,0.0,1,13.4,566.0,283.0,0,High Demand
Ksr Bengaluru-Karwar,Rail,378.0,378,378,0.0,1,75.6,763.0,381.5,0,High Demand
Ksr Bengaluru-Kolar,Rail,180.5,189,172,12.020815280171307,2,90.25,152.5,76.25,0,High Demand
Ksr Bengaluru-Marikuppam,Rail,114.75,191,71,53.29399590948309,4,57.375,86.0,43.0,0,High Demand
Ksr Bengaluru-Mgr Chennai Ctr,Rail,282.2,384,103,107.25064102372535,5,90.3,361.8,180.9,0,High Demand
Ksr Bengaluru-Mysore Jn,Rail,164.44444444444446,323,73,79.30023819496242,9,72.61111111111111,138.55555555555554,69.27777777777777,0,High Demand
Ksr Bengaluru-Nelamangala,Rail,113.0,113,113,0.0,1,56.49999999999999,27.0,30.0,0,High Demand
Ksr Bengaluru-New Delhi,Rail,385.0,385,385,0.0,1,48.125,2395.0,1197.5,0,High Demand
Ksr Bengaluru-Ramanagaram,Rail,149.5,157,142,10.606601717798213,2,74.75,44.0,30.0,0,High Demand
Ksr Bengaluru-Sangli,Rail,284.0,284,284,0.0,1,56.8,755.0,377.5,0,High Demand
Ksr Bengaluru-Shivamogga Town,Rail,193.0,423,61,199.90997974088236,3,59.333333333333336,273.3333333333333,136.66666666666666,0,High Demand
Ksr Bengaluru-Sindhanur,Rail,382.0,382,382,0.0,1,76.4,680.0,340.0,0,High Demand
Ksr Bengaluru-Talguppa,Rail,121.0,121,121,0.0,1,60.5,371.0,185.5,0,High Demand
Ksr Bengaluru-Tumkur,Rail,107.4,134,73,23.995832971580715,5,53.7,69.8,34.9,0,High Demand
Ksr Bengaluru-Whitefield,Rail,171.0,171,171,0.0,1,85.5,23.0,30.0,0,High Demand
Kulem-Vasco Da Gama,Rail,104.0,146,68,39.344631145812,3,52.0,58.0,30.0,0,High Demand
Kuppam-Bangarapet,Rail,117.0,117,117,0.0,1,58.5,31.0,30.0,0,High Demand
Kuppam-Ksr Bengaluru,Rail,124.0,174,74,70.71067811865476,2,62.0,102.0,51.0,0,High Demand
Kurnool City-Hyderabad Decan,Rail,220.0,220,220,0.0,1,100.0,253.0,126.5,0,High Demand
Kurnool City-Jaipur,Rail,329.0,329,329,0.0,1,41.125,1980.0,990.0,0,High Demand
Kurnool City-Kacheguda,Rail,139.66666666666666,247,59,96.79531669111545,3,62.0,236.0,118.0,0,High Demand
Kurnool-Hyderabad,Bus,39.985915492957744,59,15,10.053418690385133,71,74.80338028169014,336.4507042253521,483.5543661971831,1,Low Demand
Kurseong-Darjeeling,Rail,226.0,279,173,74.95331880577403,2,93.25,31.0,30.0,0,High Demand
Kurseong-Kurseong,Rail,242.0,242,242,0.0,1,100.0,15.0,30.0,0,High Demand
Kurukshetra Jn-Ambala Cant Jn,Rail,126.66666666666667,163,97,33.50124375800596,3,63.333333333333336,41.0,30.0,0,High Demand
Kurukshetra Jn-Delhi,Rail,123.33333333333333,193,61,66.3048515067588,3,61.666666666666664,186.33333333333334,93.16666666666667,0,High Demand
Kurukshetra Jn-Hazrat Nizamuddin,Rail,109.0,109,109,0.0,1,54.50000000000001,164.0,82.0,0,High Demand
Kurukshetra Jn-Jind Jn,Rail,98.5,178,61,53.693575034635195,4,49.25,120.0,60.0,0,High Demand
Kurukshetra Jn-Khajuraho,Rail,208.0,208,208,0.0,1,41.6,823.0,411.5,0,High Demand
Kushtagi-Hubballi Jn,Rail,298.0,298,298,0.0,1,100.0,152.0,76.0,0,High Demand
Laheria Sarai-Saharsa Jn,Rail,145.33333333333334,187,113,37.872593432894625,3,72.66666666666667,151.0,75.5,0,High Demand
Lakshmibai Nagar (Indore-Yog N Rishikesh,Rail,364.5,411,318,65.76093065034893,2,45.5625,1151.0,575.5,0,High Demand
Lal Kuan-Amritsar Jn,Rail,230.0,251,209,29.698484809834994,2,46.0,657.5,328.75,0,High Demand
Lal Kuan-Anand Vihar Terminal,Rail,275.0,275,275,0.0,1,100.0,262.0,131.0,0,High Demand
Lal Kuan-Bandra Terminus,Rail,236.0,236,236,0.0,1,29.5,1624.0,812.0,0,High Demand
Lal Kuan-Bareilly City,Rail,101.0,101,101,0.0,1,50.5,82.0,41.0,0,High Demand
Lal Kuan-Howrah Jn,Rail,278.0,278,278,0.0,1,34.75,1298.0,649.0,0,High Demand
Lal Kuan-Kasganj,Rail,154.5,192,117,53.033008588991066,2,77.25,187.0,93.5,0,High Demand
Lal Kuan-Kashipur,Rail,116.0,116,116,0.0,1,57.99999999999999,58.0,30.0,0,High Demand
Lal Kuan-Moradabad,Rail,50.5,58,43,10.606601717798213,2,25.25,100.5,50.25,0,High Demand
Lalgarh Jn-Abohar,Rail,81.0,81,81,0.0,1,40.5,394.0,197.0,0,High Demand
Lalgarh Jn-Delhi S Rohilla,Rail,146.0,146,146,0.0,1,29.2,461.0,230.5,0,High Demand
Lalgarh Jn-Dibrugarh,Rail,185.0,185,185,0.0,1,23.125,3115.0,1557.5,0,High Demand
Lalgarh Jn-Jaisalmer,Rail,270.0,270,270,0.0,1,100.0,322.0,161.0,0,High Demand
Lalgarh Jn-Prayagraj Jn,Rail,368.0,433,303,91.92388155425118,2,46.0,1253.5,626.75,0,High Demand
Lalgola-Kolkata,Rail,216.66666666666666,352,49,154.06600317180082,3,74.83333333333333,223.33333333333334,111.66666666666667,0,High Demand
Lalgola-Ranaghat Jn,Rail,106.0,106,106,0.0,1,53.0,155.0,77.5,0,High Demand
Lalgola-Sealdah,Rail,177.33333333333334,364,105,80.08120878208571,9,77.55555555555556,229.66666666666666,114.83333333333333,0,High Demand
Lalit Gram-New Delhi,Rail,442.5,498,387,78.48885271170677,2,55.3125,1376.0,688.0,0,High Demand
Lalit Gram-Patna Jn,Rail,213.0,213,213,0.0,1,100.0,304.0,152.0,0,High Demand
Lalitpur-Bina Jn,Rail,84.0,84,84,0.0,1,42.0,63.0,31.5,0,High Demand
Lalitpur-Khajuraho,Rail,181.5,204,159,31.81980515339464,2,89.75,165.0,82.5,0,High Demand
Lalitpur-Virangana Lakshmibai(Jhanshi,Rail,152.0,152,152,0.0,1,76.0,89.0,44.5,0,High Demand
Latur-C Shivaji Maharaj T,Rail,190.0,190,190,0.0,1,38.0,530.0,265.0,0,High Demand
Latur-Yasvantpur Jn,Rail,396.0,396,396,0.0,1,79.2,852.0,426.0,0,High Demand
Laukaha Bazar-Jhanjharpur Jn,Rail,113.5,114,113,0.7071067811865476,2,56.74999999999999,43.0,30.0,0,High Demand
Laukaha Bazar-Sakri Jn,Rail,148.5,195,91,47.892240150849766,4,74.25,62.0,31.0,0,High Demand
Ledo-Guwahati,Rail,392.0,392,392,0.0,1,78.4,571.0,285.5,0,High Demand
Ledo-Rangiya Jn,Rail,232.0,232,232,0.0,1,46.400000000000006,619.0,309.5,0,High Demand
Lingampalli-C Shivaji Maharaj T,Rail,397.0,397,397,0.0,1,79.4,904.0,452.0,0,High Demand
Lingampalli-Kakinada Port,Rail,192.0,192,192,0.0,1,38.4,583.0,291.5,0,High Demand
Lingampalli-Kakinada Town,Rail,301.0,301,301,0.0,1,60.199999999999996,609.0,304.5,0,High Demand
Lingampalli-Narasapur,Rail,139.0,139,139,0.0,1,27.800000000000004,474.0,237.0,0,High Demand
Lingampalli-Tirupati,Rail,373.0,373,373,0.0,1,74.6,684.0,342.0,0,High Demand
Lingampalli-Vijayawada Jn,Rail,357.0,357,357,0.0,1,100.0,336.0,168.0,0,High Demand
Lingampalli-Visakhapatnam,Rail,245.0,245,245,0.0,1,49.0,711.0,355.5,0,High Demand
Lohardaga Bs-Ranchi,Rail,121.75,181,63,50.999182999991945,4,60.875,67.0,33.5,0,High Demand
Lohian Khas Jn-Ludhiana Jn,Rail,46.0,46,46,0.0,1,23.0,77.0,38.5,0,High Demand
Lohian Khas Jn-New Delhi,Rail,180.0,180,180,0.0,1,36.0,437.0,218.5,0,High Demand
Lokmanyatilak-Allahabad Jn,Rail,493.0,493,493,0.0,1,61.625,1510.0,755.0,0,High Demand
Lokmanyatilak-Ayodhya Cantt,Rail,274.0,274,274,0.0,1,34.25,1600.0,800.0,0,High Demand
Lokmanyatilak-Azamgarh,Rail,157.0,157,157,0.0,1,19.625,1551.0,775.5,0,High Demand
Lokmanyatilak-Balharshah,Rail,216.0,216,216,0.0,1,43.2,875.0,437.5,0,High Demand
Lokmanyatilak-Ballia,Rail,276.0,276,276,0.0,1,34.5,1786.0,893.0,0,High Demand
Lokmanyatilak-Bhagalpur,Rail,297.0,297,297,0.0,1,37.125,1917.0,958.5,0,High Demand
Lokmanyatilak-Bhubaneswar,Rail,396.0,396,396,0.0,1,49.5,1786.0,893.0,0,High Demand
Lokmanyatilak-Bidar,Rail,149.0,149,149,0.0,1,29.799999999999997,661.0,330.5,0,High Demand
Lokmanyatilak-Chhapra,Rail,406.5,495,318,125.15790027001891,2,50.8125,2037.0,1018.5,0,High Demand
Lokmanyatilak-Dhanbad Jn,Rail,158.0,158,158,0.0,1,19.75,1873.0,936.5,0,High Demand
Lokmanyatilak-Dibrugarh,Rail,176.0,176,176,0.0,1,22.0,3147.0,1573.5,0,High Demand
Lokmanyatilak-Ernakulam Jn,Rail,448.0,448,448,0.0,1,56.00000000000001,1595.0,797.5,0,High Demand
Lokmanyatilak-Godda,Rail,260.0,260,260,0.0,1,32.5,2022.0,1011.0,0,High Demand
Lokmanyatilak-Gorakhpur,Rail,217.5,244,191,37.476659402887016,2,27.1875,1704.0,852.0,0,High Demand
Lokmanyatilak-Kamakhya,Rail,426.0,426,426,0.0,1,53.25,2932.0,1466.0,0,High Demand
Lokmanyatilak-Karaikal,Rail,400.0,400,400,0.0,1,50.0,1634.0,817.0,0,High Demand
Lokmanyatilak-Karimnagar Oa,Rail,321.0,321,321,0.0,1,64.2,848.0,424.0,0,High Demand
Lokmanyatilak-Karmali,Rail,295.0,295,295,0.0,1,59.0,710.0,355.0,0,High Demand
Lokmanyatilak-Kazipet Jn,Rail,279.0,400,158,171.1198410471445,2,34.875,1175.0,587.5,0,High Demand
Lokmanyatilak-Maa Belha Devi Dham Pratapgarh Jn,Rail,507.0,507,507,0.0,1,63.375,1593.0,796.5,0,High Demand
Lokmanyatilak-Madgaon,Rail,429.0,429,429,0.0,1,85.8,750.0,375.0,0,High Demand
Lokmanyatilak-Mangalore Central,Rail,320.0,320,320,0.0,1,40.0,1186.0,593.0,0,High Demand
Lokmanyatilak-Manmad Jn,Rail,352.0,352,352,0.0,1,100.0,245.0,122.5,0,High Demand
Lokmanyatilak-Mgr Chennai Ctr,Rail,444.0,444,444,0.0,1,55.50000000000001,1268.0,634.0,0,High Demand
Lokmanyatilak-Nagarcoil Jn,Rail,420.0,451,389,43.840620433565945,2,52.5,1903.5,951.75,0,High Demand
Lokmanyatilak-Puri,Rail,268.0,268,268,0.0,1,33.5,1848.0,924.0,0,High Demand
Lokmanyatilak-Rae Bareli Jn,Rail,487.0,487,487,0.0,1,60.875,1502.0,751.0,0,High Demand
Lokmanyatilak-Rajgir,Rail,342.0,342,342,0.0,1,42.75,1793.0,896.5,0,High Demand
Lokmanyatilak-Ranchi,Rail,422.0,422,422,0.0,1,52.75,2011.0,1005.5,0,High Demand
Lokmanyatilak-Rani Kamlapati(Bhopal,Rail,373.0,373,373,0.0,1,74.6,828.0,414.0,0,High Demand
Lokmanyatilak-Raxaul Jn,Rail,203.0,312,132,83.67795408588812,4,25.375,1941.75,970.875,0,High Demand
Lokmanyatilak-Saharsa Jn,Rail,187.0,187,187,0.0,1,23.375,1956.0,978.0,0,High Demand
Lokmanyatilak-Shalimar,Rail,288.0,288,288,0.0,1,36.0,1950.0,975.0,0,High Demand
Lokmanyatilak-Sultanpur Jn,Rail,428.0,428,428,0.0,1,53.5,1559.0,779.5,0,High Demand
Lokmanyatilak-Tatanagar Jn,Rail,313.0,313,313,0.0,1,39.125,1698.0,849.0,0,High Demand
Lokmanyatilak-Thiruvananthapuram Central,Rail,353.5,469,238,163.3416664540925,2,44.1875,1862.5,931.25,0,High Demand
Lokmanyatilak-Thiruvananthapuram North,Rail,284.5,315,254,43.1335136523794,2,35.5625,1809.0,904.5,0,High Demand
Lokmanyatilak-Tirunelveli,Rail,385.0,385,385,0.0,1,48.125,2049.0,1024.5,0,High Demand
Lokmanyatilak-Visakhapatnam,Rail,403.0,403,403,0.0,1,50.375,1651.0,825.5,0,High Demand
Londa Jn-Miraj Jn,Rail,74.0,98,50,33.94112549695428,2,37.0,188.0,94.0,0,High Demand
Lucknow Ne-Agra Fort,Rail,179.0,179,179,0.0,1,89.5,329.0,164.5,0,High Demand
Lucknow Ne-Anand Vihar Terminal,Rail,256.0,256,256,0.0,1,51.2,480.0,240.0,0,High Demand
Lucknow Ne-Bandra Terminus,Rail,313.0,313,313,0.0,1,39.125,1687.0,843.5,0,High Demand
Lucknow Ne-Barabanki Jn,Rail,80.75,139,45,40.615062887226124,4,40.375,36.0,30.0,0,High Demand
Lucknow Ne-Barauni Jn,Rail,119.0,119,119,0.0,1,23.799999999999997,674.0,337.0,0,High Demand
Lucknow Ne-Bhopal  Jn,Rail,289.0,289,289,0.0,1,57.8,586.0,293.0,0,High Demand
Lucknow Ne-Chandigarh,Rail,121.0,121,121,0.0,1,24.2,725.0,362.5,0,High Demand
Lucknow Ne-Dehradun,Rail,356.0,356,356,0.0,1,71.2,545.0,272.5,0,High Demand
Lucknow Ne-Gorakhpur,Rail,260.5,291,230,43.1335136523794,2,100.0,279.0,139.5,0,High Demand
Lucknow Ne-Jabalpur,Rail,174.0,174,174,0.0,1,34.8,585.0,292.5,0,High Demand
Lucknow Ne-Kanpur Central,Rail,89.0,141,62,45.044422518220834,3,44.5,74.0,37.0,0,High Demand
Lucknow Ne-Kasganj,Rail,102.0,102,102,0.0,1,51.0,320.0,160.0,0,High Demand
Lucknow Ne-Kathgodam,Rail,232.0,232,232,0.0,1,100.0,342.0,171.0,0,High Demand
Lucknow Ne-Mailani,Rail,188.0,188,188,0.0,1,94.0,182.0,91.0,0,High Demand
Lucknow Ne-Mau Jn,Rail,281.0,281,281,0.0,1,56.2,401.0,200.5,0,High Demand
Lucknow Ne-Meerut City Jn,Rail,121.0,121,121,0.0,1,24.2,459.0,229.5,0,High Demand
Lucknow Ne-Mgr Chennai Ctr,Rail,208.0,208,208,0.0,1,26.0,2089.0,1044.5,0,High Demand
Lucknow Ne-Nakaha Jungle,Rail,82.0,82,82,0.0,1,41.0,340.0,170.0,0,High Demand
Lucknow Ne-New Delhi,Rail,308.0,308,308,0.0,1,61.6,512.0,256.0,0,High Demand
Lucknow Ne-Patliputra,Rail,253.0,383,123,183.84776310850236,2,50.599999999999994,522.0,261.0,0,High Demand
Lucknow Ne-Pune Jn,Rail,245.0,310,180,91.92388155425118,2,30.625,1486.5,743.25,0,High Demand
Lucknow Ne-Raipur Jn,Rail,194.0,194,194,0.0,1,38.800000000000004,921.0,460.5,0,High Demand
Lucknow Ne-Sitapur Jn,Rail,213.0,213,213,0.0,1,100.0,89.0,44.5,0,High Demand
Lucknow Ne-Varanasi City,Rail,232.0,232,232,0.0,1,46.400000000000006,506.0,253.0,0,High Demand
Lucknow Ne-Virangana Lakshmibai(Jhanshi,Rail,118.0,118,118,0.0,1,59.0,295.0,147.5,0,High Demand
Lucknow-Ahmedabad,Air,78.88888888888889,180,20,39.64829506532786,36,53.046219135802474,4505.0,9453.527777777777,1,Low Demand
Lucknow-Ayodhya Cantt,Rail,51.0,51,51,0.0,1,25.5,127.0,63.5,0,High Demand
Lucknow-Balamau Jn,Rail,146.0,146,146,0.0,1,73.0,69.0,34.5,0,High Demand
Lucknow-Banaras,Rail,236.5,307,166,99.7020561473032,2,91.5,305.0,152.5,0,High Demand
Lucknow-Bangalore,Air,81.04878048780488,167,14,42.95343479834424,41,54.88563685636856,3741.0365853658536,8969.121951219513,1,Low Demand
Lucknow-Bhubaneswar,Air,87.93333333333334,238,20,48.23823455234729,45,52.616419753086426,4099.833333333333,10306.91111111111,1,Low Demand
Lucknow-Chandigarh,Rail,371.0,371,371,0.0,1,74.2,667.0,333.5,0,High Demand
Lucknow-Chennai,Air,86.75,266,15,47.55603981700877,40,54.41638888888889,4172.4375,8738.55,1,Low Demand
Lucknow-Cochin,Air,79.22222222222223,217,17,48.63221220026973,36,54.47492283950617,4356.25,9119.138888888889,1,Low Demand
Lucknow-Delhi,Air,79.70270270270271,157,24,35.13455474226103,37,57.43573573573574,4441.824324324324,9122.675675675675,1,Low Demand
Lucknow-Faizabad Jn,Rail,102.5,154,51,72.8319984622144,2,51.25,127.0,63.5,0,High Demand
Lucknow-Gaya Jn,Rail,343.0,349,337,8.48528137423857,2,68.6,512.0,256.0,0,High Demand
Lucknow-Goa,Air,97.5,229,26,45.26901571476658,38,60.65826023391812,3878.684210526316,9382.28947368421,1,Low Demand
Lucknow-Guwahati,Air,85.23404255319149,255,18,46.937151673440326,47,53.388711583924355,4044.7340425531916,9032.021276595744,1,Low Demand
Lucknow-Hyderabad,Air,74.24242424242425,204,18,41.174954692621014,33,52.994528619528616,4083.8636363636365,10731.121212121212,1,Low Demand
Lucknow-Indore,Air,90.48571428571428,217,23,45.77526395244452,35,58.998174603174604,4156.5,9695.514285714286,1,Low Demand
Lucknow-Jaipur,Air,91.78048780487805,193,21,37.39285506291406,41,56.573306233062326,4232.378048780488,8897.682926829268,1,Low Demand
Lucknow-Kanpur Anwarganj,Rail,144.0,144,144,0.0,1,72.0,76.0,38.0,0,High Demand
Lucknow-Kanpur Central,Rail,155.4,210,66,54.09066462893574,5,76.7,73.8,36.9,0,High Demand
Lucknow-Kolkata,Air,96.35416666666667,250,16,46.45175469435355,48,60.07262731481482,4927.34375,8939.895833333334,1,Low Demand
Lucknow-Lokmanyatilak,Rail,254.0,254,254,0.0,1,31.75,1412.0,706.0,0,High Demand
Lucknow-Mumbai,Air,90.75,209,13,49.551039903876436,28,59.05148809523809,3911.5178571428573,8985.535714285714,1,Low Demand
Lucknow-Nagpur,Air,68.02857142857142,144,20,36.98448459611592,35,50.590476190476195,4491.642857142857,10671.0,1,Low Demand
Lucknow-New Delhi,Rail,200.33333333333334,348,101,130.4006646199832,3,40.06666666666666,500.3333333333333,250.16666666666666,0,High Demand
Lucknow-Partapgarh Jn,Rail,86.0,86,86,0.0,1,43.0,173.0,86.5,0,High Demand
Lucknow-Patna,Air,91.16666666666667,201,31,43.54919655200545,42,59.80462962962962,3685.3571428571427,9033.5,1,Low Demand
Lucknow-Prayagrajsangam,Rail,134.66666666666666,161,93,36.50114153466071,3,67.33333333333333,207.33333333333334,103.66666666666667,0,High Demand
Lucknow-Pune,Air,89.54761904761905,243,15,49.95275933243835,42,62.240806878306884,3873.5714285714284,8877.166666666666,1,Low Demand
Lucknow-Rahimabad,Rail,87.0,87,87,0.0,1,43.5,37.0,30.0,0,High Demand
Lucknow-Raipur,Air,92.70270270270271,212,25,48.84832811017342,37,62.011936936936934,4186.824324324324,9517.027027027027,1,Low Demand
Lucknow-Sabarmati Bg,Rail,169.0,169,169,0.0,1,21.125,1296.0,648.0,0,High Demand
Lucknow-Saharanpur,Rail,341.0,341,341,0.0,1,68.2,518.0,259.0,0,High Demand
Lucknow-Shahjehanpur,Rail,69.0,69,69,0.0,1,34.5,164.0,82.0,0,High Demand
Lucknow-Sultanpur Jn,Rail,114.5,116,113,2.1213203435596424,2,57.24999999999999,140.0,70.0,0,High Demand
Lucknow-Surat,Air,88.58536585365853,238,18,48.967834141278956,41,55.22059620596205,4300.792682926829,9460.780487804877,1,Low Demand
Lucknow-Varanasi,Air,72.32432432432432,176,17,36.650037179042876,37,51.82935435435436,4069.662162162162,9271.18918918919,1,Low Demand
Lucknow-Varanasi Jn,Rail,197.5,318,115,87.5870995067196,6,81.0,299.3333333333333,149.66666666666666,0,High Demand
Lucknow-Virangana Lakshmibai(Jhanshi,Rail,137.0,186,88,69.29646455628166,2,68.5,293.0,146.5,0,High Demand
Lucknow-Yasvantpur Jn,Rail,421.0,468,374,66.46803743153546,2,52.625,2464.0,1232.0,0,High Demand
Ludhiana Jn-Ambala Cant Jn,Rail,131.0,144,118,18.384776310850235,2,65.5,114.0,57.0,0,High Demand
Ludhiana Jn-Bhiwani,Rail,98.0,98,98,0.0,1,49.0,270.0,135.0,0,High Demand
Ludhiana Jn-Chheharta,Rail,96.0,96,96,0.0,1,48.0,142.0,71.0,0,High Demand
Ludhiana Jn-Churu,Rail,222.0,222,222,0.0,1,100.0,338.0,169.0,0,High Demand
Ludhiana Jn-Firozpur Cantt Jn,Rail,156.33333333333334,201,92,57.09932865921748,3,78.0,124.0,62.0,0,High Demand
Ludhiana Jn-Hisar,Rail,86.5,107,66,28.991378028648448,2,43.25,210.0,105.0,0,High Demand
Ludhiana Jn-Jakhal Jn,Rail,64.0,64,64,0.0,1,32.0,128.0,64.0,0,High Demand
Ludhiana Jn-Lohian Khas Jn,Rail,99.0,99,99,0.0,1,49.5,77.0,38.5,0,High Demand
Lumding Jn-Guwahati,Rail,195.0,195,195,0.0,1,97.5,181.0,90.5,0,High Demand
Lumding Jn-Tinsukia Jn,Rail,294.0,375,213,114.5512985522207,2,100.0,336.0,168.0,0,High Demand
Maa Belha Devi Dham Pratapgarh Jn-Banaras,Rail,207.0,207,207,0.0,1,100.0,130.0,65.0,0,High Demand
Maa Belha Devi Dham Pratapgarh Jn-Bhopal  Jn,Rail,409.0,409,409,0.0,1,81.8,759.0,379.5,0,High Demand
Maa Belha Devi Dham Pratapgarh Jn-Delhi,Rail,290.0,290,290,0.0,1,57.99999999999999,660.0,330.0,0,High Demand
Maa Belha Devi Dham Pratapgarh Jn-Kanpur Central,Rail,330.0,330,330,0.0,1,100.0,247.0,123.5,0,High Demand
Maa Belha Devi Dham Pratapgarh Jn-Lokmanyatilak,Rail,445.0,445,445,0.0,1,55.625,1586.0,793.0,0,High Demand
Maa Belha Devi Dham Pratapgarh Jn-Varanasi Jn,Rail,56.0,56,56,0.0,1,28.000000000000004,128.0,64.0,0,High Demand
Machelipatnam-Bidar,Rail,251.0,251,251,0.0,1,50.2,592.0,296.0,0,High Demand
Machelipatnam-Dharmavaram Jn,Rail,302.5,392,213,126.572113832392,2,60.5,715.5,357.75,0,High Demand
Machelipatnam-Gudivada Jn,Rail,136.0,209,66,71.54718722633336,3,66.5,37.0,30.0,0,High Demand
Machelipatnam-Sainagar Shirdi,Rail,150.0,150,150,0.0,1,18.75,1206.0,603.0,0,High Demand
Machelipatnam-Tirupati,Rail,296.0,296,296,0.0,1,59.199999999999996,467.0,233.5,0,High Demand
Machelipatnam-Vijayawada Jn,Rail,157.4,205,84,48.690861565595654,5,78.2,81.0,40.5,0,High Demand
Machelipatnam-Visakhapatnam,Rail,197.0,258,136,86.2670273047588,2,84.0,372.0,186.0,0,High Demand
Machelipatnam-Yasvantpur Jn,Rail,419.0,419,419,0.0,1,83.8,778.0,389.0,0,High Demand
Macherla-Guntur Jn,Rail,251.5,349,154,137.88582233137677,2,88.5,130.0,65.0,0,High Demand
Macherla-Nadikude Jn,Rail,236.0,274,198,53.74011537017761,2,99.5,35.0,30.0,0,High Demand
Macherla-Vijayawada Jn,Rail,135.0,135,135,0.0,1,67.5,163.0,81.5,0,High Demand
Madan Mahal-Rani Kamlapati(Bhopal,Rail,276.0,276,276,0.0,1,100.0,335.0,167.5,0,High Demand
Madar Jn (Ajmer-Darbhanga Jn,Rail,506.0,506,506,0.0,1,63.24999999999999,1313.0,656.5,0,High Demand
Madar Jn (Ajmer-Kolkata,Rail,329.0,329,329,0.0,1,41.125,1986.0,993.0,0,High Demand
Madar Jn (Ajmer-Rewari,Rail,102.0,102,102,0.0,1,51.0,289.0,144.5,0,High Demand
Madar Jn (Ajmer-Udaipur City,Rail,168.0,168,168,0.0,1,84.0,306.0,153.0,0,High Demand
Madgaon-Bandra Terminus,Rail,195.0,195,195,0.0,1,39.0,801.0,400.5,0,High Demand
Madgaon-C Shivaji Maharaj T,Rail,267.4,327,180,55.83278606696966,5,53.48,765.0,382.5,0,High Demand
Madgaon-Chandigarh,Rail,195.0,195,195,0.0,1,24.375,2367.0,1183.5,0,High Demand
Madgaon-Ernakulam Jn,Rail,281.0,281,281,0.0,1,56.2,846.0,423.0,0,High Demand
Madgaon-Lokmanyatilak,Rail,383.0,409,357,36.76955262170047,2,76.6,750.0,375.0,0,High Demand
Madgaon-Mangalore Central,Rail,217.8,361,104,100.50721367145744,5,60.779999999999994,390.6,195.3,0,High Demand
Madgaon-Ratnagiri,Rail,92.5,129,56,51.61879502661797,2,46.25,241.5,120.75,0,High Demand
Madgaon-Sawantwadi Road,Rail,146.0,146,146,0.0,1,73.0,111.0,55.5,0,High Demand
Madhupur Jn-Anand Vihar Terminal,Rail,353.0,453,236,109.49429208867465,3,44.125,1236.3333333333333,618.1666666666666,0,High Demand
Madhupur Jn-Giridih,Rail,169.6,335,105,94.42086633790224,5,71.3,38.0,30.0,0,High Demand
Madhupur Jn-Koderma,Rail,144.0,144,144,0.0,1,72.0,137.0,68.5,0,High Demand
Madhupur Jn-Ranchi,Rail,270.0,270,270,0.0,1,100.0,349.0,174.5,0,High Demand
Madurai Jn-Bangalore Cant,Rail,235.0,235,235,0.0,1,47.0,586.0,293.0,0,High Demand
Madurai Jn-Bodinayakkanur,Rail,78.0,78,78,0.0,1,39.0,84.0,42.0,0,High Demand
Madurai Jn-Chandigarh,Rail,453.0,483,423,42.42640687119285,2,56.625,3108.0,1554.0,0,High Demand
Madurai Jn-Chennai Egmore,Rail,402.0,444,338,56.32051136131489,3,80.39999999999999,497.0,248.5,0,High Demand
Madurai Jn-Coimbatore Jn,Rail,118.0,118,118,0.0,1,59.0,233.0,116.5,0,High Demand
Madurai Jn-Dindigul Jn,Rail,98.0,98,98,0.0,1,49.0,66.0,33.0,0,High Demand
Madurai Jn-Guruvayur,Rail,335.0,335,335,0.0,1,67.0,519.0,259.5,0,High Demand
Madurai Jn-Hazrat Nizamuddin,Rail,305.0,305,305,0.0,1,38.125,2681.0,1340.5,0,High Demand
Madurai Jn-Lokmanyatilak,Rail,359.5,425,294,92.63098833543772,2,44.9375,1709.0,854.5,0,High Demand
Madurai Jn-Mgr Chennai Ctr,Rail,543.0,543,543,0.0,1,100.0,559.0,279.5,0,High Demand
Madurai Jn-Punalur,Rail,125.0,125,125,0.0,1,25.0,410.0,205.0,0,High Demand
Madurai Jn-Rameswaram,Rail,101.66666666666667,160,48,56.145643939074496,3,50.833333333333336,161.0,80.5,0,High Demand
Madurai Jn-Sengottai,Rail,118.5,154,83,50.204581464244875,2,59.25,173.0,86.5,0,High Demand
Madurai Jn-Tambaram,Rail,446.0,446,446,0.0,1,89.2,536.0,268.0,0,High Demand
Maharajganj-Duraundha Jn,Rail,132.66666666666666,195,81,57.74368652357878,3,66.33333333333333,6.0,30.0,0,High Demand
Mahbubnagar-Kacheguda,Rail,141.0,204,78,89.09545442950498,2,69.5,106.0,53.0,0,High Demand
Mahbubnagar-Mirzapalli,Rail,112.0,112,112,0.0,1,56.00000000000001,183.0,91.5,0,High Demand
Mahbubnagar-Visakhapatnam,Rail,404.0,404,404,0.0,1,80.80000000000001,808.0,404.0,0,High Demand
Mahesana Jn-Ahmedabad Mg,Rail,142.33333333333334,191,82,36.51666286322816,6,71.16666666666667,69.16666666666667,34.583333333333336,0,High Demand
Mahesana Jn-Bhildi Jn,Rail,82.0,82,82,0.0,1,41.0,91.0,45.5,0,High Demand
Mahesana Jn-Patan,Rail,117.33333333333333,182,60,61.3297100379036,3,58.666666666666664,40.333333333333336,30.0,0,High Demand
Mahesana Jn-Viramgam Jn,Rail,187.5,202,173,20.506096654409877,2,93.25,65.0,32.5,0,High Demand
Maheshamunda-Koderma,Rail,86.0,86,86,0.0,1,43.0,110.0,55.0,0,High Demand
Mahipur-Khurda Road Jn,Rail,164.0,211,117,66.46803743153546,2,79.25,77.0,38.5,0,High Demand
Mahoba-Khajuraho,Rail,150.0,156,144,8.48528137423857,2,75.0,64.0,32.0,0,High Demand
Mahuva Jn-Bandra Terminus,Rail,335.0,404,211,107.61505470890214,3,67.0,881.0,440.5,0,High Demand
Mahuva Jn-Bhavnagar Terminus,Rail,134.0,187,81,74.95331880577403,2,67.0,201.0,100.5,0,High Demand
Mahuva Jn-Dhola Jn,Rail,76.0,76,76,0.0,1,38.0,152.0,76.0,0,High Demand
Mahuva Jn-Rajula City,Rail,165.0,165,165,0.0,1,82.5,38.0,30.0,0,High Demand
Mahuva Jn-Surat,Rail,276.0,368,184,130.10764773832474,2,55.199999999999996,630.0,315.0,0,High Demand
Mailani-Bahraich,Rail,194.0,205,174,17.349351572897472,3,95.66666666666667,205.66666666666666,102.83333333333333,0,High Demand
Mailani-Bichia,Rail,174.0,174,174,0.0,1,87.0,107.0,53.5,0,High Demand
Mailani-Daliganj Jn,Rail,130.0,151,109,29.698484809834994,2,65.0,187.0,93.5,0,High Demand
Mailani-Lucknow Ne,Rail,193.0,193,193,0.0,1,96.5,184.0,92.0,0,High Demand
Mailani-Nanpara Jn,Rail,77.0,80,74,4.242640687119285,2,38.5,171.0,85.5,0,High Demand
Mailani-Palia Kalan,Rail,146.0,146,146,0.0,1,73.0,30.0,30.0,0,High Demand
Mailani-Pilibhit Jn,Rail,147.25,212,73,53.66230387472064,8,72.875,67.0,33.5,0,High Demand
Mailani-Sitapur Jn,Rail,54.666666666666664,65,49,8.962886439832502,3,27.333333333333332,105.33333333333333,52.666666666666664,0,High Demand
Mailani-Tikunia,Rail,140.0,203,74,64.55230437405004,3,69.5,78.0,39.0,0,High Demand
Mainpuri-Agra Cantt,Rail,83.0,83,83,0.0,1,41.5,192.0,96.0,0,High Demand
Mairabari-Guwahati,Rail,158.0,158,158,0.0,1,79.0,160.0,80.0,0,High Demand
Maishashan-Silchar,Rail,139.5,176,103,51.61879502661797,2,69.75,62.0,31.0,0,High Demand
Makrana Jn-Parvatsar City,Rail,121.0,121,121,0.0,1,60.5,21.0,30.0,0,High Demand
Maksi-Indore Jn Bg,Rail,187.0,187,187,0.0,1,93.5,75.0,37.5,0,High Demand
Malda Court-Balurghat,Rail,176.0,176,176,0.0,1,88.0,106.0,53.0,0,High Demand
Malda Court-Katihar Jn,Rail,113.5,182,45,96.87362902255701,2,56.75,90.0,45.0,0,High Demand
Malda Town-Anand Vihar Terminal,Rail,412.0,412,412,0.0,1,51.5,1409.0,704.5,0,High Demand
Malda Town-Azimganj,Rail,132.0,132,132,0.0,1,66.0,117.0,58.5,0,High Demand
Malda Town-Balurghat,Rail,165.0,165,165,0.0,1,82.5,106.0,53.0,0,High Demand
Malda Town-Barddhaman,Rail,111.0,111,111,0.0,1,55.50000000000001,233.0,116.5,0,High Demand
Malda Town-Digha F S,Rail,222.0,222,222,0.0,1,44.4,653.0,326.5,0,High Demand
Malda Town-Gomtinagar (Lucknow,Rail,253.0,253,253,0.0,1,50.6,941.0,470.5,0,High Demand
Malda Town-Howrah Jn,Rail,164.0,211,111,50.269274910227224,3,80.16666666666667,337.0,168.5,0,High Demand
Malda Town-Katihar Jn,Rail,56.0,56,56,0.0,1,28.000000000000004,91.0,45.5,0,High Demand
Malda Town-Kiul Jn,Rail,345.0,345,345,0.0,1,100.0,277.0,138.5,0,High Demand
Malda Town-Nabadwip Dham,Rail,177.0,177,177,0.0,1,88.5,226.0,113.0,0,High Demand
Malda Town-New Delhi,Rail,136.0,136,136,0.0,1,17.0,1422.0,711.0,0,High Demand
Malda Town-New Jalpaiguri,Rail,164.5,237,92,102.5304832720494,2,73.0,233.0,116.5,0,High Demand
Malda Town-Patna Jn,Rail,110.0,110,110,0.0,1,55.00000000000001,400.0,200.0,0,High Demand
Malda Town-Sahibganj  Jn,Rail,154.0,196,112,59.39696961966999,2,77.0,103.5,51.75,0,High Demand
Malda Town-Sealdah,Rail,198.0,198,198,0.0,1,99.0,347.0,173.5,0,High Demand
Malsar-Miyagam Karjan Jn,Rail,47.0,47,47,0.0,1,23.5,38.0,30.0,0,High Demand
Mandapam-Bhubaneswar,Rail,343.0,343,343,0.0,1,42.875,1892.0,946.0,0,High Demand
Mandapam-Firozpur Cantt Jn,Rail,208.0,208,208,0.0,1,26.0,3547.0,1773.5,0,High Demand
Mandla Fort-Nainpur Jn,Rail,103.66666666666667,128,59,38.7341365378568,3,51.833333333333336,42.0,30.0,0,High Demand
Mandsor-Kota Jn,Rail,198.0,218,178,28.284271247461902,2,94.5,275.5,137.75,0,High Demand
Mandsor-Udaipur City,Rail,174.0,174,174,0.0,1,87.0,219.0,109.5,0,High Demand
Manduadih-Allahabad City,Rail,242.0,331,131,101.79882121124979,3,88.5,118.0,59.0,0,High Demand
Manduadih-Udhna Jn (Surat,Rail,330.0,330,330,0.0,1,41.25,1372.0,686.0,0,High Demand
Manendragarh-Ambikapur,Rail,134.0,134,134,0.0,1,67.0,146.0,73.0,0,High Demand
Mangalore Central-Coimbatore Jn,Rail,251.0,356,50,174.12926233117742,3,50.199999999999996,405.3333333333333,202.66666666666666,0,High Demand
Mangalore Central-Kabakaputtur,Rail,124.0,143,105,26.870057685088806,2,62.0,49.0,30.0,0,High Demand
Mangalore Central-Kanniyakumari,Rail,427.0,427,427,0.0,1,85.39999999999999,720.0,360.0,0,High Demand
Mangalore Central-Kannur (Cannanore,Rail,156.5,205,108,68.58935777509511,2,77.0,131.0,65.5,0,High Demand
Mangalore Central-Karwar,Rail,248.0,248,248,0.0,1,100.0,269.0,134.5,0,High Demand
Mangalore Central-Kozhikkode (Calicut,Rail,114.5,135,94,28.991378028648448,2,57.25,221.0,110.5,0,High Demand
Mangalore Central-Lokmanyatilak,Rail,379.0,379,379,0.0,1,47.375,1186.0,593.0,0,High Demand
Mangalore Central-Madgaon,Rail,196.0,319,100,91.27431182978046,5,53.779999999999994,390.6,195.3,0,High Demand
Mangalore Central-Mgr Chennai Ctr,Rail,366.0,366,366,0.0,1,73.2,902.0,451.0,0,High Demand
Mangalore Central-Pondicherry,Rail,234.5,286,183,72.8319984622144,2,46.9,831.5,415.75,0,High Demand
Mangalore Central-Rameswaram,Rail,228.0,228,228,0.0,1,45.6,757.0,378.5,0,High Demand
Mangalore Central-Santragachi Jn,Rail,247.0,247,247,0.0,1,30.875000000000004,2487.0,1243.5,0,High Demand
Mangalore Central-Shmata Vd Katra,Rail,175.0,175,175,0.0,1,21.875,3690.0,1845.0,0,High Demand
Mangalore Central-Subrahmanya Road,Rail,107.5,190,56,60.544749290641775,4,53.75,91.75,45.875,0,High Demand
Mangalore Central-Thiruvananthapuram Central,Rail,244.4,366,129,99.02676405901587,5,48.88,625.0,312.5,0,High Demand
Mangalore Central-Vijayapura,Rail,374.0,374,374,0.0,1,74.8,843.0,421.5,0,High Demand
Mangalore Central-Yasvantpur Jn,Rail,260.0,260,260,0.0,1,52.0,845.0,422.5,0,High Demand
Mangalore Jn-C Shivaji Maharaj T,Rail,225.0,225,225,0.0,1,28.125,1196.0,598.0,0,High Demand
Mangalore Jn-Nagarcoil Jn,Rail,174.0,174,174,0.0,1,34.8,706.0,353.0,0,High Demand
Mangalore Jn-Thiruvananthapuram North,Rail,270.0,270,270,0.0,1,54.0,612.0,306.0,0,High Demand
Mangalore Jn-Tirunelveli,Rail,254.0,254,254,0.0,1,50.8,754.0,377.0,0,High Demand
Mangalore Jn-Yasvantpur Jn,Rail,184.0,194,174,14.142135623730951,2,36.8,413.0,206.5,0,High Demand
Manihari-Jaynagar,Rail,330.0,330,330,0.0,1,100.0,397.0,198.5,0,High Demand
Manikpur Jn-Hazrat Nizamuddin,Rail,225.0,225,225,0.0,1,45.0,695.0,347.5,0,High Demand
Manikpur Jn-Jhansi Jn,Rail,206.0,206,206,0.0,1,100.0,292.0,146.0,0,High Demand
Manikpur Jn-Kanpur Central,Rail,156.0,186,126,42.42640687119285,2,78.0,243.5,121.75,0,High Demand
Manikpur Jn-Satna,Rail,133.75,195,52,70.41957587678775,4,66.875,77.5,38.75,0,High Demand
Manikpur Jn-Virangana Lakshmibai(Jhanshi,Rail,154.0,154,154,0.0,1,77.0,292.0,146.0,0,High Demand
Maninagar-Vadodara Jn,Rail,137.0,137,137,0.0,1,68.5,95.0,47.5,0,High Demand
Mankapur Jn-Ayodhya Cantt,Rail,123.5,195,52,101.1162697096763,2,61.75,46.0,30.0,0,High Demand
Mankapur Jn-Ayodhya Dham Jn,Rail,143.0,191,109,42.7551166528639,3,71.5,39.0,30.0,0,High Demand
Mankapur Jn-Faizabad Jn,Rail,79.0,79,79,0.0,1,39.5,46.0,30.0,0,High Demand
Mankapur Jn-Prayagrajsangam,Rail,305.0,305,305,0.0,1,100.0,199.0,99.5,0,High Demand
Manmad Jn-C Shivaji Maharaj T,Rail,144.0,144,144,0.0,1,72.0,261.0,130.5,0,High Demand
Manmad Jn-Dharmabad,Rail,126.0,126,126,0.0,1,25.2,422.0,211.0,0,High Demand
Manmad Jn-H Sahib Nanded,Rail,321.0,321,321,0.0,1,100.0,349.0,174.5,0,High Demand
Manmad Jn-Igatpuri,Rail,179.0,179,179,0.0,1,89.5,124.0,62.0,0,High Demand
Manmad Jn-Kacheguda,Rail,170.0,170,170,0.0,1,34.0,626.0,313.0,0,High Demand
Manmad Jn-Lokmanyatilak,Rail,334.0,334,334,0.0,1,100.0,245.0,122.5,0,High Demand
Manmad Jn-Nagarsol,Rail,138.0,138,138,0.0,1,69.0,22.0,30.0,0,High Demand
Mannargudi-Bhagat Ki Kothi (Jodhpur,Rail,294.0,294,294,0.0,1,36.75,2866.0,1433.0,0,High Demand
Mannargudi-Chennai Egmore,Rail,160.0,160,160,0.0,1,80.0,357.0,178.5,0,High Demand
Mannargudi-Coimbatore Jn,Rail,208.0,208,208,0.0,1,100.0,335.0,167.5,0,High Demand
Mannargudi-Jodhpur Jn,Rail,252.0,252,252,0.0,1,31.5,2863.0,1431.5,0,High Demand
Mannargudi-Mayiladuturai Jn,Rail,143.0,143,143,0.0,1,71.5,76.0,38.0,0,High Demand
Mannargudi-Thiruvarur Jn,Rail,114.0,114,114,0.0,1,56.99999999999999,38.0,30.0,0,High Demand
Mannargudi-Tirupati,Rail,320.0,320,320,0.0,1,64.0,463.0,231.5,0,High Demand
Manuguru-C Sahumaharaj T Kolhapur,Rail,240.0,240,240,0.0,1,30.0,1327.0,663.5,0,High Demand
Manuguru-Secunderabad Jn,Rail,260.0,370,168,102.19589032832974,3,94.66666666666667,331.0,165.5,0,High Demand
Mariani Jn-Alipur Duar Jn,Rail,184.0,184,184,0.0,1,36.8,674.0,337.0,0,High Demand
Mariani Jn-Dimapur,Rail,92.0,92,92,0.0,1,46.0,155.0,77.5,0,High Demand
Mariani Jn-Guwahati,Rail,266.5,335,198,96.87362902255701,2,53.3,405.0,202.5,0,High Demand
Marikuppam-Bangarapet,Rail,145.66666666666666,190,84,55.08478313775351,3,72.83333333333333,16.0,30.0,0,High Demand
Marikuppam-Krishnarajapurm,Rail,92.66666666666667,121,53,35.388321990924254,3,46.333333333333336,72.0,36.0,0,High Demand
Marikuppam-Ksr Bengaluru,Rail,140.75,212,47,68.91238398623767,4,68.875,86.0,43.0,0,High Demand
Markapur Road-Tenali Jn,Rail,169.0,169,169,0.0,1,84.5,169.0,84.5,0,High Demand
Marwar Jn-Ajmer Jn,Rail,208.0,208,208,0.0,1,100.0,140.0,70.0,0,High Demand
Marwar Jn-Jaipur,Rail,167.0,167,167,0.0,1,83.5,274.0,137.0,0,High Demand
Marwar Jn-Khambli Ghat,Rail,168.0,168,168,0.0,1,84.0,47.0,30.0,0,High Demand
Marwar Jn-Mavli Jn,Rail,91.0,91,91,0.0,1,45.5,151.0,75.5,0,High Demand
Masrakh-Duraundha Jn,Rail,134.0,147,121,18.384776310850235,2,67.0,58.0,30.0,0,High Demand
Masrakh-Thawe Jn,Rail,51.0,51,51,0.0,1,25.5,88.0,44.0,0,High Demand
Massagram-Bankura,Rail,155.4,214,95,48.26282213049709,5,76.3,118.0,59.0,0,High Demand
Matheran-Aman Lodge,Rail,133.1,305,50,77.99351824920383,10,61.3,4.3,30.0,0,High Demand
Matheran-Neral Jn.,Rail,143.33333333333334,189,92,48.747649515985216,3,71.66666666666667,20.0,30.0,0,High Demand
Mathura Jn-Alwar Jn,Rail,58.0,58,58,0.0,1,28.999999999999996,123.0,61.5,0,High Demand
Mathura Jn-Barmer,Rail,144.0,144,144,0.0,1,28.799999999999997,796.0,398.0,0,High Demand
Mathura Jn-Bhiwani,Rail,125.5,178,73,74.24621202458749,2,62.75,280.0,140.0,0,High Demand
Mathura Jn-Chhapra,Rail,272.5,368,177,135.0573952066306,2,54.5,881.0,440.5,0,High Demand
Mathura Jn-Ghaziabad,Rail,66.0,66,66,0.0,1,33.0,164.0,82.0,0,High Demand
Mathura Jn-Howrah Jn,Rail,206.0,206,206,0.0,1,25.75,1457.0,728.5,0,High Demand
Mathura Jn-Jaipur,Rail,95.0,95,95,0.0,1,47.5,274.0,137.0,0,High Demand
Mathura Jn-Mainpuri,Rail,134.0,134,134,0.0,1,67.0,245.0,122.5,0,High Demand
Mathura Jn-New Delhi,Rail,135.0,135,135,0.0,1,67.5,141.0,70.5,0,High Demand
Mathura Jn-Ratlam Jn,Rail,145.0,145,145,0.0,1,28.999999999999996,593.0,296.5,0,High Demand
Mathura Jn-Sawai Madhopur,Rail,168.0,168,168,0.0,1,84.0,216.0,108.0,0,High Demand
Mau Jn-Anand Vihar Terminal,Rail,265.3333333333333,437,164,149.4735205089294,3,53.06666666666667,859.6666666666666,429.8333333333333,0,High Demand
Mau Jn-Chhapra,Rail,205.0,205,205,0.0,1,100.0,134.0,67.0,0,High Demand
Mau Jn-Chhapra Kachehri,Rail,211.0,211,211,0.0,1,100.0,179.0,89.5,0,High Demand
Mau Jn-Dohrighat,Rail,168.0,168,168,0.0,1,84.0,43.0,30.0,0,High Demand
Mau Jn-Lokmanyatilak,Rail,432.0,432,432,0.0,1,54.0,1594.0,797.0,0,High Demand
Mau Jn-Lucknow Ne,Rail,218.0,218,218,0.0,1,43.6,401.0,200.5,0,High Demand
Mau Jn-Prayagrajrambag,Rail,117.0,117,117,0.0,1,58.5,215.0,107.5,0,High Demand
Mavli Jn-Bari Sadri,Rail,143.0,143,143,0.0,1,71.5,82.0,41.0,0,High Demand
Mavli Jn-Marwar Jn,Rail,69.0,69,69,0.0,1,34.5,151.0,75.5,0,High Demand
Mayiladuturai Jn-Coimbatore Jn,Rail,282.0,282,282,0.0,1,100.0,362.0,181.0,0,High Demand
Mayiladuturai Jn-Karaikkudi Jn,Rail,204.0,204,204,0.0,1,100.0,188.0,94.0,0,High Demand
Mayiladuturai Jn-Mannargudi,Rail,118.0,126,110,11.313708498984761,2,59.0,76.0,38.0,0,High Demand
Mayiladuturai Jn-Salem Jn,Rail,368.0,368,368,0.0,1,100.0,281.0,140.5,0,High Demand
Mayiladuturai Jn-Sengottai,Rail,148.0,148,148,0.0,1,29.599999999999998,454.0,227.0,0,High Demand
Mayiladuturai Jn-Thanjavur,Rail,165.0,209,121,62.22539674441618,2,80.25,70.0,35.0,0,High Demand
Mayiladuturai Jn-Thiruvarur Jn,Rail,136.0,163,111,24.535688292770594,4,68.0,38.75,30.0,0,High Demand
Mayiladuturai Jn-Tiruchchirappalli Jn,Rail,172.0,294,104,105.88673193559238,3,70.33333333333333,120.0,60.0,0,High Demand
Mayiladuturai Jn-Villupuram Jn,Rail,137.0,166,66,40.52159917870962,5,68.5,122.0,61.0,0,High Demand
Mecheda-Digha F S,Rail,154.0,178,130,33.94112549695428,2,77.0,131.5,65.75,0,High Demand
Medak-Kacheguda,Rail,91.0,91,91,0.0,1,45.5,104.0,52.0,0,High Demand
Medchal-H Sahib Nanded,Rail,64.0,64,64,0.0,1,32.0,244.0,122.0,0,High Demand
Medchal-Kacheguda,Rail,125.0,125,125,0.0,1,62.5,33.0,30.0,0,High Demand
Meerut Cant-Rewari,Rail,54.0,54,54,0.0,1,27.0,160.0,80.0,0,High Demand
Meerut Cant-Shri Ganganagar,Rail,251.0,251,251,0.0,1,50.2,587.0,293.5,0,High Demand
Meerut City Jn-Ambala Cant Jn,Rail,93.0,93,93,0.0,1,46.5,195.0,97.5,0,High Demand
Meerut City Jn-Ghaziabad,Rail,146.0,146,146,0.0,1,73.0,47.0,30.0,0,High Demand
Meerut City Jn-Khurja Jn,Rail,104.0,132,63,36.29049462324811,3,52.0,93.0,46.5,0,High Demand
Meerut City Jn-Lucknow Ne,Rail,340.0,340,340,0.0,1,68.0,459.0,229.5,0,High Demand
Meerut City Jn-Mandsor,Rail,435.0,435,435,0.0,1,87.0,804.0,402.0,0,High Demand
Meerut City Jn-Subedarganj (Prayagraj Jn,Rail,216.0,216,216,0.0,1,43.2,637.0,318.5,0,High Demand
Meerut City Jn-Varanasi Jn,Rail,345.0,345,345,0.0,1,69.0,783.0,391.5,0,High Demand
Mendipathar-Guwahati,Rail,153.5,205,102,72.8319984622144,2,75.5,129.0,64.5,0,High Demand
Merta Road Jn-Bikaner Jn,Rail,294.0,294,294,0.0,1,100.0,173.0,86.5,0,High Demand
Mettupalaiyam-Coimbatore Jn,Rail,166.0,172,160,8.48528137423857,2,83.0,41.0,30.0,0,High Demand
Mettupalaiyam-Mgr Chennai Ctr,Rail,414.0,414,414,0.0,1,82.8,532.0,266.0,0,High Demand
Mettupalaiyam-Podanur Jn,Rail,92.66666666666667,148,52,49.652123150307816,3,46.333333333333336,47.0,30.0,0,High Demand
Mettupalaiyam-Tuticorin,Rail,152.0,152,152,0.0,1,30.4,428.0,214.0,0,High Demand
Mettupalaiyam-Udagamandalam,Rail,65.0,65,65,0.0,1,32.5,46.0,30.0,0,High Demand
Mettur Dam-Erode Jn,Rail,143.0,143,143,0.0,1,71.5,102.0,51.0,0,High Demand
Mgr Chennai Central Suburban-Arakkonam,Rail,135.33333333333334,314,60,104.03396881147361,6,57.25,70.0,35.0,0,High Demand
Mgr Chennai Central Suburban-Avadi,Rail,217.33333333333334,334,124,106.92676621563626,3,86.33333333333333,22.0,30.0,0,High Demand
Mgr Chennai Central Suburban-Sullurupeta,Rail,160.0,195,135,31.22498999199199,3,80.0,82.0,41.0,0,High Demand
Mgr Chennai Central Suburban-Tiruchanur,Rail,155.0,155,155,0.0,1,77.5,143.0,71.5,0,High Demand
Mgr Chennai Ctr-Ahmedabad Jn,Rail,348.5,530,145,162.38739688370728,4,43.5625,1766.75,883.375,0,High Demand
Mgr Chennai Ctr-Alleppey,Rail,234.0,234,234,0.0,1,46.800000000000004,759.0,379.5,0,High Demand
Mgr Chennai Ctr-Arakkonam,Rail,119.0,119,119,0.0,1,59.5,69.0,34.5,0,High Demand
Mgr Chennai Ctr-Ashokapuram,Rail,246.5,249,244,3.5355339059327378,2,49.3,505.0,252.5,0,High Demand
Mgr Chennai Ctr-Bhagat Ki Kothi (Jodhpur,Rail,349.0,349,349,0.0,1,43.625,2351.0,1175.5,0,High Demand
Mgr Chennai Ctr-Bhubaneswar,Rail,454.5,491,418,51.61879502661797,2,56.8125,1223.0,611.5,0,High Demand
Mgr Chennai Ctr-Bilaspur Jn,Rail,486.0,486,486,0.0,1,60.75000000000001,1412.0,706.0,0,High Demand
Mgr Chennai Ctr-Bitragunta,Rail,288.0,288,288,0.0,1,100.0,210.0,105.0,0,High Demand
Mgr Chennai Ctr-Bodinayakkanur,Rail,245.0,245,245,0.0,1,49.0,648.0,324.0,0,High Demand
Mgr Chennai Ctr-C Shivaji Maharaj T,Rail,481.0,481,481,0.0,1,60.12499999999999,1284.0,642.0,0,High Demand
Mgr Chennai Ctr-Charlapalli (Secunderabad,Rail,174.0,174,174,0.0,1,34.8,693.0,346.5,0,High Demand
Mgr Chennai Ctr-Coimbatore Jn,Rail,241.83333333333334,342,160,65.76143753497689,6,48.36666666666667,497.0,248.5,0,High Demand
Mgr Chennai Ctr-Ekta Nagar,Rail,205.0,205,205,0.0,1,25.624999999999996,1710.0,855.0,0,High Demand
Mgr Chennai Ctr-Erode Jn,Rail,177.0,177,177,0.0,1,88.5,396.0,198.0,0,High Demand
Mgr Chennai Ctr-Hazrat Nizamuddin,Rail,405.5,664,147,365.57420587344507,2,50.6875,2180.0,1090.0,0,High Demand
Mgr Chennai Ctr-Howrah Jn,Rail,307.0,425,189,166.87720036002523,2,38.375,1662.0,831.0,0,High Demand
Mgr Chennai Ctr-Hubballi Jn,Rail,297.25,414,176,123.09176793487586,4,59.45,802.25,401.125,0,High Demand
Mgr Chennai Ctr-Jaipur,Rail,471.0,471,471,0.0,1,58.875,2189.0,1094.5,0,High Demand
Mgr Chennai Ctr-Jolarpettai,Rail,260.0,260,260,0.0,1,100.0,214.0,107.0,0,High Demand
Mgr Chennai Ctr-Kanniyakumari,Rail,328.0,328,328,0.0,1,65.60000000000001,900.0,450.0,0,High Demand
Mgr Chennai Ctr-Ksr Bengaluru,Rail,287.4,473,137,124.82507760862798,5,93.7,362.0,181.0,0,High Demand
Mgr Chennai Ctr-Lokmanyatilak,Rail,404.5,543,266,195.86857838867365,2,50.5625,1268.0,634.0,0,High Demand
Mgr Chennai Ctr-Lucknow Ne,Rail,371.0,371,371,0.0,1,46.375,2096.0,1048.0,0,High Demand
Mgr Chennai Ctr-Madurai Jn,Rail,491.0,491,491,0.0,1,98.2,559.0,279.5,0,High Demand
Mgr Chennai Ctr-Mangalore Central,Rail,153.0,172,134,26.870057685088806,2,30.6,889.0,444.5,0,High Demand
Mgr Chennai Ctr-Mettupalaiyam,Rail,195.0,195,195,0.0,1,39.0,532.0,266.0,0,High Demand
Mgr Chennai Ctr-Mysore Jn,Rail,276.6666666666667,482,101,132.38680699626633,6,55.333333333333336,500.0,250.0,0,High Demand
Mgr Chennai Ctr-Nagarsol,Rail,304.0,304,304,0.0,1,38.0,1369.0,684.5,0,High Demand
Mgr Chennai Ctr-Narasapur,Rail,390.0,390,390,0.0,1,78.0,655.0,327.5,0,High Demand
Mgr Chennai Ctr-New Delhi,Rail,406.0,406,406,0.0,1,50.74999999999999,2192.0,1096.0,0,High Demand
Mgr Chennai Ctr-New Jalpaiguri,Rail,520.0,520,520,0.0,1,65.0,2296.0,1148.0,0,High Demand
Mgr Chennai Ctr-Palakkad,Rail,233.0,233,233,0.0,1,46.6,672.0,336.0,0,High Demand
Mgr Chennai Ctr-Puri,Rail,339.0,339,339,0.0,1,42.375,1247.0,623.5,0,High Demand
Mgr Chennai Ctr-Sainagar Shirdi,Rail,223.0,223,223,0.0,1,27.875,1392.0,696.0,0,High Demand
Mgr Chennai Ctr-Santragachi Jn,Rail,349.0,349,349,0.0,1,43.625,1654.0,827.0,0,High Demand
Mgr Chennai Ctr-Shalimar,Rail,422.0,436,408,19.79898987322333,2,52.75,1652.5,826.25,0,High Demand
Mgr Chennai Ctr-Shivamogga Town,Rail,397.0,397,397,0.0,1,79.4,633.0,316.5,0,High Demand
Mgr Chennai Ctr-Shmata Vd Katra,Rail,398.0,398,398,0.0,1,49.75,2882.0,1441.0,0,High Demand
Mgr Chennai Ctr-Thiruvananthapuram Central,Rail,311.25,477,195,119.6839588248985,4,62.25,911.75,455.875,0,High Demand
Mgr Chennai Ctr-Tirupati,Rail,273.0,329,181,80.29943959953893,3,96.83333333333333,151.0,75.5,0,High Demand
Mgr Chennai Ctr-Vijayawada Jn,Rail,371.5,403,340,44.54772721475249,2,74.30000000000001,442.5,221.25,0,High Demand
Mgr Chennai Ctr-Visakhapatnam,Rail,408.0,408,408,0.0,2,81.6,780.0,390.0,0,High Demand
Mgr Chennai Ctr-Yasvantpur Jn,Rail,218.0,218,218,0.0,1,100.0,369.0,184.5,0,High Demand
Mhow-Akola Jn,Rail,94.0,94,94,0.0,1,47.0,292.0,146.0,0,High Demand
Mhow-Khandwa,Rail,94.0,94,94,0.0,1,47.0,117.0,58.5,0,High Demand
Mhow-Sanawad,Rail,129.0,129,129,0.0,1,64.5,63.0,31.5,0,High Demand
Midnapore-Adra Jn,Rail,184.0,184,184,0.0,1,92.0,155.0,77.5,0,High Demand
Miraj Jn-Belagavi,Rail,118.5,168,78,37.107950630558946,4,59.25,137.0,68.5,0,High Demand
Miraj Jn-Bikaner Jn,Rail,584.0,584,584,0.0,1,73.0,1646.0,823.0,0,High Demand
Miraj Jn-Castle Rock,Rail,156.0,213,99,80.61017305526642,2,74.75,211.0,105.5,0,High Demand
Miraj Jn-Hazrat Nizamuddin,Rail,385.0,385,385,0.0,1,48.125,1799.0,899.5,0,High Demand
Miraj Jn-Hubballi Jn,Rail,195.0,340,92,129.22461065911554,3,74.16666666666667,278.0,139.0,0,High Demand
Miraj Jn-Londa Jn,Rail,91.5,100,83,12.020815280171307,2,45.75,188.5,94.25,0,High Demand
Miraj Jn-Parli Vaijnath,Rail,160.0,160,160,0.0,1,32.0,437.0,218.5,0,High Demand
Mirylaguda-Kacheguda,Rail,155.5,169,142,19.091883092036785,2,77.75,154.0,77.0,0,High Demand
Mirylaguda-Nadikude Jn,Rail,44.0,44,44,0.0,1,22.0,38.0,30.0,0,High Demand
Mirzapalli-Bodhan,Rail,156.0,156,156,0.0,1,78.0,114.0,57.0,0,High Demand
Mirzapalli-Kacheguda,Rail,205.0,205,205,0.0,1,100.0,77.0,38.5,0,High Demand
Miyagam Karjan Jn-Choranda Jn,Rail,197.0,197,197,0.0,1,98.5,9.0,30.0,0,High Demand
Miyagam Karjan Jn-Dabhoi Jn,Rail,104.0,135,73,43.840620433565945,2,52.0,36.0,30.0,0,High Demand
Miyagam Karjan Jn-Malsar,Rail,103.0,103,103,0.0,1,51.5,38.0,30.0,0,High Demand
Miyagam Karjan Jn-Moti Koral,Rail,113.5,126,101,17.67766952966369,2,56.75,29.5,30.0,0,High Demand
Moga-New Delhi,Rail,386.0,386,386,0.0,1,100.0,398.0,199.0,0,High Demand
Mokameh Jn-Howrah Jn,Rail,229.5,307,152,109.60155108391487,2,45.9,455.0,227.5,0,High Demand
Mokameh Jn-Jasidih Jn,Rail,82.0,82,82,0.0,1,41.0,132.0,66.0,0,High Demand
Mokameh Jn-Kiul Jn,Rail,108.5,143,74,48.79036790187178,2,54.25,34.0,30.0,0,High Demand
Mokameh Jn-Patna Jn,Rail,63.0,97,44,29.512709126747414,3,31.5,89.0,44.5,0,High Demand
Mookambika Road-Kasaragod,Rail,150.0,150,150,0.0,1,75.0,224.0,112.0,0,High Demand
Moradabad-Bareilly,Rail,162.0,179,145,24.041630560342615,2,81.0,110.0,55.0,0,High Demand
Moradabad-Chandausi Jn,Rail,132.0,132,132,0.0,1,66.0,44.0,30.0,0,High Demand
Moradabad-Delhi,Rail,171.5,219,124,67.17514421272202,2,81.0,161.0,80.5,0,High Demand
Moradabad-Gajraula Jn,Rail,106.0,106,106,0.0,1,53.0,53.0,30.0,0,High Demand
Moradabad-Ghaziabad,Rail,198.0,198,198,0.0,1,99.0,141.0,70.5,0,High Demand
Moradabad-Hapur,Rail,101.0,101,101,0.0,1,50.5,104.0,52.0,0,High Demand
Moradabad-Kashipur,Rail,168.0,197,139,41.012193308819754,2,84.0,49.0,30.0,0,High Demand
Moradabad-Lal Kuan,Rail,150.0,194,106,62.22539674441618,2,75.0,100.5,50.25,0,High Demand
Moradabad-Najibabad Jn,Rail,83.0,83,83,0.0,1,41.5,160.0,80.0,0,High Demand
Moradabad-Ramnagar,Rail,96.0,144,53,47.714428286071566,4,48.0,76.0,38.0,0,High Demand
Moradabad-Saharanpur,Rail,62.0,62,62,0.0,1,31.0,193.0,96.5,0,High Demand
Moradabad-Sambahal Hatim Sarai,Rail,156.0,156,156,0.0,1,78.0,47.0,30.0,0,High Demand
Moti Koral-Miyagam Karjan Jn,Rail,184.5,193,176,12.020815280171307,2,92.25,29.5,30.0,0,High Demand
Mtyr C Tushar M-Bhavnagar Terminus,Rail,176.0,176,176,0.0,1,22.0,1842.0,921.0,0,High Demand
Mtyr C Tushar M-Delhi S Rohilla,Rail,226.0,226,226,0.0,1,45.2,631.0,315.5,0,High Demand
Mtyr C Tushar M-Durg,Rail,455.0,455,455,0.0,1,56.875,1911.0,955.5,0,High Demand
Mtyr C Tushar M-Subedarganj (Prayagraj Jn,Rail,417.0,417,417,0.0,1,52.125,1263.0,631.5,0,High Demand
Mumbai Central-Ahmedabad Jn,Rail,334.6666666666667,400,225,95.55277773740194,3,66.93333333333334,491.0,245.5,0,High Demand
Mumbai Central-Firozpur Cantt Jn,Rail,221.0,221,221,0.0,1,27.625,1772.0,886.0,0,High Demand
Mumbai Central-Hapa,Rail,404.0,404,404,0.0,1,80.80000000000001,814.0,407.0,0,High Demand
Mumbai Central-Hisar,Rail,504.0,504,504,0.0,1,63.0,1511.0,755.5,0,High Demand
Mumbai Central-Indore Jn Bg,Rail,568.0,568,568,0.0,1,100.0,829.0,414.5,0,High Demand
Mumbai Central-Nandurbar,Rail,211.0,211,211,0.0,1,42.199999999999996,423.0,211.5,0,High Demand
Mumbai Central-Porbandar,Rail,148.0,148,148,0.0,1,29.599999999999998,955.0,477.5,0,High Demand
Mumbai Central-Surat,Rail,245.0,245,245,0.0,1,100.0,263.0,131.5,0,High Demand
Mumbai Central-Valsad,Rail,117.0,117,117,0.0,1,58.5,194.0,97.0,0,High Demand
Mumbai Central-Vapi,Rail,48.0,48,48,0.0,1,24.0,168.0,84.0,0,High Demand
Mumbai Central-Veraval,Rail,169.0,169,169,0.0,1,33.800000000000004,923.0,461.5,0,High Demand
Mumbai-Ahmedabad,Air,89.52272727272727,215,27,45.311576957136396,44,60.698484848484846,4624.772727272727,8647.227272727272,1,Low Demand
Mumbai-Bangalore,Air,93.78260869565217,183,23,40.76981561906612,23,54.74408212560386,4235.217391304348,9788.826086956522,1,Low Demand
Mumbai-Bhubaneswar,Air,85.0,167,19,36.28153800488617,41,58.304945799458,4300.792682926829,9391.121951219513,1,Low Demand
Mumbai-Chennai,Air,76.74418604651163,171,19,37.03864971264464,43,52.24638242894057,4160.058139534884,10481.558139534884,1,Low Demand
Mumbai-Cochin,Air,80.59375,178,24,41.04903391657191,32,53.19227430555556,3649.6875,8897.8125,1,Low Demand
Mumbai-Delhi,Air,94.95833333333333,237,15,47.55689015714169,48,58.78211805555555,4252.65625,8906.416666666666,1,Low Demand
Mumbai-Goa,Air,79.66666666666667,192,18,41.36918044763626,45,55.23012345679012,4218.833333333333,9345.333333333334,1,Low Demand
Mumbai-Guwahati,Air,79.55319148936171,161,18,39.955305742595364,47,59.81903073286052,3947.074468085106,9123.851063829787,1,Low Demand
Mumbai-Hyderabad,Air,82.06666666666666,216,19,46.17577610447467,30,54.13861111111111,3480.75,8600.1,1,Low Demand
Mumbai-Indore,Air,77.68181818181819,196,15,43.93852615118385,44,54.08169191919192,3668.5227272727275,10022.65909090909,1,Low Demand
Mumbai-Jaipur,Air,83.41666666666667,168,23,40.78191125627005,36,56.95756172839506,4894.583333333333,8595.694444444445,1,Low Demand
Mumbai-Kolkata,Air,97.3265306122449,262,20,50.726138789213834,49,55.93004535147392,3968.112244897959,9403.163265306122,1,Low Demand
Mumbai-Lucknow,Air,77.51428571428572,173,14,44.03165400733714,35,52.62746031746032,4593.642857142857,9065.085714285715,1,Low Demand
Mumbai-Nagpur,Air,79.51351351351352,248,25,43.247749859014256,37,53.515765765765764,4827.77027027027,10150.216216216217,1,Low Demand
Mumbai-Patna,Air,83.38709677419355,156,22,38.13544057641119,31,48.56738351254481,4849.112903225807,9195.354838709678,1,Low Demand
Mumbai-Pune,Air,81.21739130434783,282,20,46.669958476032406,46,51.315157004830915,4282.336956521739,9726.934782608696,1,Low Demand
Mumbai-Raipur,Air,86.81818181818181,215,30,40.73012297486431,44,54.44154040404041,4766.761363636364,9498.431818181818,1,Low Demand
Mumbai-Surat,Air,78.85714285714286,179,18,44.184201899310025,35,55.95777777777778,4407.857142857143,9819.885714285714,1,Low Demand
Mumbai-Varanasi,Air,83.04761904761905,162,23,38.82917709909391,42,52.88088624338624,4098.214285714285,9735.690476190477,1,Low Demand
Munabao-Barmer,Rail,147.0,147,147,0.0,1,73.5,119.0,59.5,0,High Demand
Munabao-Bhagat Ki Kothi (Jodhpur,Rail,223.0,223,223,0.0,1,100.0,325.0,162.5,0,High Demand
Murdeshwar-Kacheguda,Rail,505.0,505,505,0.0,1,63.125,1753.0,876.5,0,High Demand
Murdeshwar-Smvt Bengaluru,Rail,174.0,174,174,0.0,1,34.8,737.0,368.5,0,High Demand
Muri-Dhanbad Jn,Rail,80.0,80,80,0.0,1,40.0,102.0,51.0,0,High Demand
Murkeongselek-Dekargaon,Rail,185.0,266,104,114.5512985522207,2,76.0,357.0,178.5,0,High Demand
Murkeongselek-Guwahati,Rail,374.0,374,374,0.0,1,74.8,498.0,249.0,0,High Demand
Murkeongselek-Rangiya Jn,Rail,143.0,165,121,31.11269837220809,2,28.6,454.5,227.25,0,High Demand
Murtajapur-Achalpur,Rail,215.0,215,215,0.0,1,100.0,76.0,38.0,0,High Demand
Murtajapur-Yavatmal,Rail,77.0,77,77,0.0,1,38.5,112.0,56.0,0,High Demand
Mustapha Chak-Bankura,Rail,135.5,164,107,40.30508652763321,2,67.75,115.0,57.5,0,High Demand
Muzaffarpur Jn-Anand Vihar Terminal,Rail,421.0,474,368,74.95331880577403,2,52.625,1060.0,530.0,0,High Demand
Muzaffarpur Jn-Bandra Terminus,Rail,485.0,485,485,0.0,1,60.62499999999999,2152.0,1076.0,0,High Demand
Muzaffarpur Jn-Bhagalpur,Rail,113.0,113,113,0.0,1,56.49999999999999,241.0,120.5,0,High Demand
Muzaffarpur Jn-Charlapalli (Secunderabad,Rail,191.0,191,191,0.0,1,23.875,1892.0,946.0,0,High Demand
Muzaffarpur Jn-Dehradun,Rail,473.0,473,473,0.0,1,59.12500000000001,1124.0,562.0,0,High Demand
Muzaffarpur Jn-Hadapsar (Pune,Rail,508.0,508,508,0.0,1,63.5,1822.0,911.0,0,High Demand
Muzaffarpur Jn-Howrah Jn,Rail,368.0,368,368,0.0,1,73.6,547.0,273.5,0,High Demand
Muzaffarpur Jn-Kolkata,Rail,302.0,302,302,0.0,1,60.4,566.0,283.0,0,High Demand
Muzaffarpur Jn-Narkatiaganj Jn,Rail,165.5,207,98,48.638119481191566,4,81.875,159.0,79.5,0,High Demand
Muzaffarpur Jn-Patliputra,Rail,168.0,168,168,0.0,1,84.0,74.0,37.0,0,High Demand
Muzaffarpur Jn-Porbandar,Rail,490.0,490,490,0.0,1,61.25000000000001,2445.0,1222.5,0,High Demand
Muzaffarpur Jn-Prayagraj Jn,Rail,213.0,267,159,76.36753236814714,2,42.6,665.0,332.5,0,High Demand
Muzaffarpur Jn-Raxaul Jn,Rail,112.66666666666667,178,56,61.46001410131089,3,56.333333333333336,130.0,65.0,0,High Demand
Muzaffarpur Jn-Sabarmati Bg,Rail,363.0,363,363,0.0,1,45.375,1750.0,875.0,0,High Demand
Muzaffarpur Jn-Samastipur Jn,Rail,52.5,56,49,4.949747468305833,2,26.25,52.0,30.0,0,High Demand
Muzaffarpur Jn-Sealdah,Rail,239.0,239,239,0.0,1,47.8,570.0,285.0,0,High Demand
Muzaffarpur Jn-Smvt Bengaluru,Rail,201.0,201,201,0.0,1,25.124999999999996,2701.0,1350.5,0,High Demand
Muzaffarpur Jn-Surat,Rail,481.0,481,481,0.0,1,60.12499999999999,2139.0,1069.5,0,High Demand
Muzaffarpur Jn-Valsad,Rail,212.0,212,212,0.0,1,26.5,1863.0,931.5,0,High Demand
Mysore Jn-Ajmer Jn,Rail,236.0,236,236,0.0,1,29.5,2291.0,1145.5,0,High Demand
Mysore Jn-Arsikere Jn,Rail,112.5,135,90,31.81980515339464,2,56.25,167.0,83.5,0,High Demand
Mysore Jn-Bagalkot,Rail,364.0,364,364,0.0,1,45.5,1015.0,507.5,0,High Demand
Mysore Jn-Belagavi,Rail,194.33333333333334,336,116,122.91596044994863,3,38.86666666666667,703.6666666666666,351.8333333333333,0,High Demand
Mysore Jn-Chamarajanagar,Rail,114.5,167,67,40.93490767873633,4,57.25,60.0,30.0,0,High Demand
Mysore Jn-Cuddalore Port Jn,Rail,326.0,326,326,0.0,1,65.2,756.0,378.0,0,High Demand
Mysore Jn-Dadar,Rail,411.0,411,411,0.0,1,51.37500000000001,1212.0,606.0,0,High Demand
Mysore Jn-Darbhanga Jn,Rail,192.0,192,192,0.0,1,24.0,3040.0,1520.0,0,High Demand
Mysore Jn-Hazrat Nizamuddin,Rail,130.0,130,130,0.0,1,16.25,2619.0,1309.5,0,High Demand
Mysore Jn-Howrah Jn,Rail,420.0,420,420,0.0,1,52.5,2111.0,1055.5,0,High Demand
Mysore Jn-Hubballi Jn,Rail,333.0,333,333,0.0,1,66.60000000000001,679.0,339.5,0,High Demand
Mysore Jn-Jaipur,Rail,367.0,367,367,0.0,1,45.875,2486.0,1243.0,0,High Demand
Mysore Jn-Ksr Bengaluru,Rail,244.44444444444446,350,51,109.8363681927702,9,86.55555555555556,138.55555555555554,69.27777777777777,0,High Demand
Mysore Jn-Mgr Chennai Ctr,Rail,234.66666666666666,378,120,93.99929077746633,6,46.93333333333333,500.0,250.0,0,High Demand
Mysore Jn-Nanajangud Town,Rail,197.0,197,197,0.0,1,98.5,25.0,30.0,0,High Demand
Mysore Jn-Pandharpur,Rail,217.0,217,217,0.0,1,27.125,1096.0,548.0,0,High Demand
Mysore Jn-Renigunta Jn,Rail,284.0,297,271,18.384776310850235,2,56.8,504.0,252.0,0,High Demand
Mysore Jn-Sainagar Shirdi,Rail,480.0,480,480,0.0,1,60.0,1427.0,713.5,0,High Demand
Mysore Jn-Shivamogga Town,Rail,153.5,234,73,113.84419177103415,2,68.25,274.5,137.25,0,High Demand
Mysore Jn-Talguppa,Rail,306.25,397,196,82.86283847419179,4,94.35,406.75,203.375,0,High Demand
Mysore Jn-Thiruvananthapuram North,Rail,321.0,321,321,0.0,1,64.2,975.0,487.5,0,High Demand
Mysore Jn-Tuticorin,Rail,150.0,150,150,0.0,1,30.0,783.0,391.5,0,High Demand
Mysore Jn-Udaipur City,Rail,230.0,230,230,0.0,1,28.749999999999996,2264.0,1132.0,0,High Demand
Mysore Jn-Varanasi Jn,Rail,161.0,166,156,7.0710678118654755,2,20.125,2706.0,1353.0,0,High Demand
Mysore Jn-Yasvantpur Jn,Rail,121.5,131,112,13.435028842544403,2,60.75,294.5,147.25,0,High Demand
Nabadwip Dham-Balurghat,Rail,192.0,192,192,0.0,1,96.0,333.0,166.5,0,High Demand
Nabadwip Dham-Malda Town,Rail,166.0,166,166,0.0,1,83.0,227.0,113.5,0,High Demand
Nadiad Jn-Bhadran,Rail,57.0,57,57,0.0,1,28.499999999999996,60.0,30.0,0,High Demand
Nadiad Jn-Petlad Jn,Rail,91.0,91,91,0.0,1,45.5,37.0,30.0,0,High Demand
Nadikude Jn-Kacheguda,Rail,77.0,77,77,0.0,1,38.5,192.0,96.0,0,High Demand
Nadikude Jn-Macherla,Rail,94.5,144,45,70.0035713374682,2,47.25,35.0,30.0,0,High Demand
Nadikude Jn-Mirylaguda,Rail,211.0,211,211,0.0,1,100.0,38.0,30.0,0,High Demand
Nagarcoil Jn-Charlapalli (Secunderabad,Rail,362.0,362,362,0.0,1,45.25,1488.0,744.0,0,High Demand
Nagarcoil Jn-Chennai Egmore,Rail,408.0,408,408,0.0,1,81.6,727.0,363.5,0,High Demand
Nagarcoil Jn-Coimbatore Jn,Rail,290.5,338,243,67.17514421272202,2,58.10000000000001,536.0,268.0,0,High Demand
Nagarcoil Jn-Gandhidham Jn,Rail,257.0,257,257,0.0,1,32.125,2644.0,1322.0,0,High Demand
Nagarcoil Jn-Kacheguda,Rail,515.0,515,515,0.0,1,64.375,1495.0,747.5,0,High Demand
Nagarcoil Jn-Kanniyakumari,Rail,141.5,143,140,2.1213203435596424,2,70.75,15.5,30.0,0,High Demand
Nagarcoil Jn-Kollam Jn,Rail,66.0,66,66,0.0,1,33.0,135.0,67.5,0,High Demand
Nagarcoil Jn-Kottayam,Rail,178.0,178,178,0.0,1,89.0,231.0,115.5,0,High Demand
Nagarcoil Jn-Mangalore Jn,Rail,216.0,216,216,0.0,1,43.2,706.0,353.0,0,High Demand
Nagarcoil Jn-New Jalpaiguri,Rail,431.0,431,431,0.0,1,53.87499999999999,3122.0,1561.0,0,High Demand
Nagarcoil Jn-Shalimar,Rail,389.0,389,389,0.0,1,48.625,2583.0,1291.5,0,High Demand
Nagarcoil Jn-Smvt Bengaluru,Rail,275.0,275,275,0.0,1,55.00000000000001,664.0,332.0,0,High Demand
Nagarcoil Jn-Tambaram,Rail,358.0,368,348,14.142135623730951,2,71.6,766.0,383.0,0,High Demand
Nagarcoil Jn-Thiruvananthapuram North,Rail,104.0,104,104,0.0,2,52.0,77.0,38.5,0,High Demand
Nagarsol-H Sahib Nanded,Rail,110.0,110,110,0.0,1,55.00000000000001,325.0,162.5,0,High Demand
Nagarsol-Kacheguda,Rail,286.5,408,165,171.82694782833104,2,57.3,601.5,300.75,0,High Demand
Nagarsol-Mgr Chennai Ctr,Rail,145.0,145,145,0.0,1,18.125,1369.0,684.5,0,High Demand
Nagarsol-Narasapur,Rail,288.3333333333333,442,166,140.64257297608478,3,36.041666666666664,1066.6666666666667,533.3333333333334,0,High Demand
Nagbhir Junction (Ng-Itwari Jn(Ng,Rail,149.75,196,48,68.49026694842608,4,74.875,105.0,52.5,0,High Demand
Nagda Jn-Bina Jn,Rail,227.5,235,220,10.606601717798213,2,45.5,428.0,214.0,0,High Demand
Nagda Jn-Indore Jn Bg,Rail,168.0,168,168,0.0,1,84.0,137.0,68.5,0,High Demand
Nagda Jn-Kota Jn,Rail,108.0,108,108,0.0,1,54.0,225.0,112.5,0,High Demand
Nagda Jn-Ratlam Jn,Rail,149.0,149,149,0.0,1,74.5,41.0,30.0,0,High Demand
Nagda Jn-Ujjain Jn,Rail,129.0,181,77,73.53910524340094,2,64.5,55.0,30.0,0,High Demand
Nagpur-Ahmedabad,Air,75.15,173,19,40.09127406818417,40,57.389374999999994,5208.375,9220.175,1,Low Demand
Nagpur-Ahmedabad Jn,Rail,345.0,345,345,0.0,1,69.0,957.0,478.5,0,High Demand
Nagpur-Amla Jn,Rail,125.66666666666667,180,94,47.26873526268006,3,62.833333333333336,167.0,83.5,0,High Demand
Nagpur-Amritsar Jn,Rail,515.0,515,515,0.0,1,64.375,1544.0,772.0,0,High Demand
Nagpur-Bangalore,Air,86.6046511627907,165,23,40.20432311206377,43,62.670671834625324,4269.767441860465,8968.348837209302,1,Low Demand
Nagpur-Bhubaneswar,Air,93.1025641025641,244,37,42.10312831969845,39,61.43689458689458,4488.653846153846,8787.615384615385,1,Low Demand
Nagpur-Bhusaval Jn,Rail,137.0,174,100,52.32590180780452,2,42.4,498.0,249.0,0,High Demand
Nagpur-Bilaspur Jn,Rail,339.0,339,339,0.0,1,67.80000000000001,413.0,206.5,0,High Demand
Nagpur-C Sahumaharaj T Kolhapur,Rail,460.0,460,460,0.0,1,57.49999999999999,1038.0,519.0,0,High Demand
Nagpur-C Shivaji Maharaj T,Rail,358.5,388,329,41.71930009000631,2,71.7,837.0,418.5,0,High Demand
Nagpur-Chennai,Air,89.36585365853658,172,24,39.0760515517887,41,61.102574525745254,4303.90243902439,8830.439024390244,1,Low Demand
Nagpur-Cochin,Air,74.5,153,25,32.900626430391796,42,54.83756613756614,4031.4285714285716,10560.714285714286,1,Low Demand
Nagpur-Delhi,Air,83.3157894736842,166,21,39.60760591928251,38,59.83311403508772,4449.078947368421,8512.21052631579,1,Low Demand
Nagpur-Dr Ambedkar Ngr (Mhow,Rail,169.0,169,169,0.0,1,33.800000000000004,634.0,317.0,0,High Demand
Nagpur-Goa,Air,88.48484848484848,169,23,43.213945385229245,33,62.32937710437711,4168.863636363636,9140.272727272728,1,Low Demand
Nagpur-Guwahati,Air,92.45238095238095,214,15,42.62210715794145,42,57.487830687830694,4213.571428571428,9697.880952380952,1,Low Demand
Nagpur-Hyderabad,Air,76.38888888888889,156,24,35.84113979196674,36,50.48109567901234,4203.958333333333,8897.194444444445,1,Low Demand
Nagpur-Indore,Air,93.92307692307692,182,17,42.83775057696106,39,61.31623931623932,3769.423076923077,9967.641025641025,1,Low Demand
Nagpur-Indore Jn Bg,Rail,321.0,359,283,53.74011537017761,2,64.19999999999999,650.0,325.0,0,High Demand
Nagpur-Itarsi Jn,Rail,155.0,155,155,0.0,1,77.5,300.0,150.0,0,High Demand
Nagpur-Jaipur,Air,74.89473684210526,160,22,38.45586411802511,38,55.64912280701754,4318.223684210527,9523.421052631578,1,Low Demand
Nagpur-Jaipur,Rail,299.5,338,261,54.44722215136416,2,37.4375,1343.5,671.75,0,High Demand
Nagpur-Kolkata,Air,79.37837837837837,190,17,40.543770141629615,37,49.754579579579584,4200.608108108108,10496.027027027027,1,Low Demand
Nagpur-Lucknow,Air,90.72727272727273,194,20,46.38482291698622,44,58.92948232323233,4236.477272727273,9092.977272727272,1,Low Demand
Nagpur-Mumbai,Air,90.93939393939394,237,17,48.88247346566264,33,55.11321548821549,3917.7272727272725,9396.969696969696,1,Low Demand
Nagpur-Patna,Air,84.21621621621621,173,26,45.59918075234778,37,59.18941441441441,4066.2162162162163,9323.18918918919,1,Low Demand
Nagpur-Pune,Air,93.9375,259,26,58.78826825031477,32,63.251302083333336,5191.640625,9248.0,1,Low Demand
Nagpur-Pune Jn,Rail,411.3333333333333,431,390,20.55075018906447,3,82.26666666666667,884.0,442.0,0,High Demand
Nagpur-Raipur,Air,93.21621621621621,291,25,55.40915244049645,37,60.45945945945946,4183.378378378378,8684.837837837838,1,Low Demand
Nagpur-Rewa,Rail,206.0,206,206,0.0,1,41.199999999999996,781.0,390.5,0,High Demand
Nagpur-Secunderabad Jn,Rail,307.0,307,307,0.0,1,61.4,578.0,289.0,0,High Demand
Nagpur-Shahdol,Rail,369.0,369,369,0.0,1,73.8,630.0,315.0,0,High Demand
Nagpur-Surat,Air,80.11111111111111,156,15,38.70384091517664,36,56.25462962962963,4349.166666666667,9257.5,1,Low Demand
Nagpur-Varanasi,Air,88.16279069767442,242,18,47.90860854772302,43,59.74547803617571,3819.0697674418607,8955.860465116279,1,Low Demand
Nagpur-Wardha Jn,Rail,110.0,164,56,76.36753236814714,2,55.0,78.5,39.25,0,High Demand
Naharlagun-Anand Vihar Terminal,Rail,482.0,482,482,0.0,1,60.25,2108.0,1054.0,0,High Demand
Naharlagun-Guwahati,Rail,376.0,376,376,0.0,1,100.0,333.0,166.5,0,High Demand
Naharlagun-Tinsukia Jn,Rail,258.0,310,206,73.53910524340094,2,100.0,225.0,112.5,0,High Demand
Nainpur Jn-Chhindwara Jn,Rail,89.5,133,46,61.518289963229634,2,44.75,139.0,69.5,0,High Demand
Nainpur Jn-Chiraidongri,Rail,126.0,126,126,0.0,1,63.0,19.0,30.0,0,High Demand
Nainpur Jn-Indore Jn Bg,Rail,150.0,150,150,0.0,1,30.0,701.0,350.5,0,High Demand
Nainpur Jn-Jabalpur,Rail,96.0,109,83,18.384776310850235,2,48.0,123.0,61.5,0,High Demand
Nainpur Jn-Mandla Fort,Rail,113.66666666666667,162,62,50.083264004389065,3,56.833333333333336,42.0,30.0,0,High Demand
Najibabad Jn-Gajraula Jn,Rail,172.5,196,149,33.23401871576773,2,86.25,106.0,53.0,0,High Demand
Najibabad Jn-Howrah Jn,Rail,421.0,421,421,0.0,1,52.625,1436.0,718.0,0,High Demand
Najibabad Jn-Kotdwara,Rail,107.6,177,53,49.94797293184179,5,53.8,24.0,30.0,0,High Demand
Najibabad Jn-Moradabad,Rail,123.0,123,123,0.0,1,61.5,160.0,80.0,0,High Demand
Nakaha Jungle-Daliganj Jn,Rail,115.0,115,115,0.0,1,57.49999999999999,332.0,166.0,0,High Demand
Nakaha Jungle-Nautanwa,Rail,112.5,165,60,74.24621202458749,2,56.25,76.0,38.0,0,High Demand
Nalhati Jn-Azimganj,Rail,73.0,73,73,0.0,1,36.5,45.0,30.0,0,High Demand
Nanajangud Town-Mysore Jn,Rail,198.0,198,198,0.0,1,99.0,25.0,30.0,0,High Demand
Nandol Dahegam-Ahmedabad Mg,Rail,132.0,183,81,72.12489168102785,2,66.0,28.0,30.0,0,High Demand
Nandurbar-Bhusaval Jn,Rail,107.0,107,107,0.0,1,53.5,175.0,87.5,0,High Demand
Nandurbar-Borivali,Rail,369.0,369,369,0.0,1,100.0,386.0,193.0,0,High Demand
Nandurbar-Surat,Rail,119.0,119,119,0.0,1,59.5,160.0,80.0,0,High Demand
Nandurbar-Udhna Jn (Surat,Rail,44.0,44,44,0.0,1,22.0,156.0,78.0,0,High Demand
Nangal Dam-Ambala Cant Jn,Rail,140.0,188,98,45.2990066116245,3,70.0,161.33333333333334,80.66666666666667,0,High Demand
Nangal Dam-Amritsar Jn,Rail,341.0,341,341,0.0,1,100.0,287.0,143.5,0,High Demand
Nangal Dam-Daulatpur Chowk,Rail,175.0,175,175,0.0,1,87.5,59.0,30.0,0,High Demand
Nangal Dam-Kolkata,Rail,516.0,516,516,0.0,1,64.5,1803.0,901.5,0,High Demand
Nanpara Jn-Bahraich,Rail,189.0,189,189,0.0,1,94.5,35.0,30.0,0,High Demand
Nanpara Jn-Mailani,Rail,126.5,166,87,55.86143571373726,2,63.25,171.0,85.5,0,High Demand
Narangi-Agartala,Rail,339.0,339,339,0.0,1,67.80000000000001,562.0,281.0,0,High Demand
Narasapur-Bhimavaram Jn,Rail,194.0,194,194,0.0,1,97.0,29.0,30.0,0,High Demand
Narasapur-Charlapalli (Secunderabad,Rail,352.0,352,352,0.0,1,70.39999999999999,439.0,219.5,0,High Demand
Narasapur-Dharmavaram Jn,Rail,227.0,227,227,0.0,1,45.4,794.0,397.0,0,High Demand
Narasapur-Guntur Jn,Rail,190.33333333333334,260,114,73.22795458930513,3,85.16666666666667,171.66666666666666,85.83333333333333,0,High Demand
Narasapur-Hubballi Jn,Rail,442.0,442,442,0.0,1,88.4,831.0,415.5,0,High Demand
Narasapur-Lingampalli,Rail,327.0,327,327,0.0,1,65.4,474.0,237.0,0,High Demand
Narasapur-Mgr Chennai Ctr,Rail,385.0,385,385,0.0,1,77.0,655.0,327.5,0,High Demand
Narasapur-Nagarsol,Rail,340.0,412,213,110.31319050775387,3,42.5,1066.6666666666667,533.3333333333334,0,High Demand
Narasapur-Nidadavolu Jn,Rail,180.0,235,101,70.14983962918234,3,83.5,75.66666666666667,37.833333333333336,0,High Demand
Narasapur-Rajamundry,Rail,176.0,176,176,0.0,1,88.0,100.0,50.0,0,High Demand
Narasapur-Tirupati,Rail,129.5,148,111,26.16295090390226,2,25.9,524.0,262.0,0,High Demand
Narasapur-Vijayawada Jn,Rail,181.5,243,120,86.97413408594535,2,80.0,139.0,69.5,0,High Demand
Narasapur-Visakhapatnam,Rail,334.0,334,334,0.0,1,100.0,300.0,150.0,0,High Demand
Narkatiaganj Jn-Barhni,Rail,59.0,59,59,0.0,1,29.5,263.0,131.5,0,High Demand
Narkatiaganj Jn-Danapur,Rail,101.0,101,101,0.0,1,50.5,318.0,159.0,0,High Demand
Narkatiaganj Jn-Gawnaha,Rail,164.0,182,146,25.45584412271571,2,82.0,23.0,30.0,0,High Demand
Narkatiaganj Jn-Gorakhpur,Rail,73.0,73,73,0.0,1,36.5,150.0,75.0,0,High Demand
Narkatiaganj Jn-Gorakhpur Cant,Rail,151.33333333333334,170,141,16.19670748434179,3,75.66666666666667,147.0,73.5,0,High Demand
Narkatiaganj Jn-Muzaffarpur Jn,Rail,135.5,211,86,58.06031346797914,4,66.375,159.0,79.5,0,High Demand
Narkatiaganj Jn-Raxaul Jn,Rail,120.66666666666667,174,93,46.198845584422706,3,60.333333333333336,41.0,30.0,0,High Demand
Narkatiaganj Jn-Sagauli Jn,Rail,307.0,307,307,0.0,1,100.0,59.0,30.0,0,High Demand
Narkher-Badnera Jn,Rail,99.5,117,82,24.748737341529164,2,49.75,138.0,69.0,0,High Demand
Narkher-Kacheguda,Rail,220.0,220,220,0.0,1,44.0,731.0,365.5,0,High Demand
Narkher-New Amravati,Rail,210.0,210,210,0.0,1,100.0,133.0,66.5,0,High Demand
Narpatganj-Amritsar Jn,Rail,427.0,427,427,0.0,1,53.37499999999999,1666.0,833.0,0,High Demand
Narwana Jn-Jind Jn,Rail,147.0,147,147,0.0,1,73.5,34.0,30.0,0,High Demand
Natesar-Fatuha,Rail,152.0,152,152,0.0,1,76.0,62.0,31.0,0,High Demand
Nathdwara-Okha,Rail,369.0,369,369,0.0,1,46.125,1125.0,562.5,0,High Demand
Nautanwa-Chhapra,Rail,230.0,230,230,0.0,1,100.0,262.0,131.0,0,High Demand
Nautanwa-Gorakhpur,Rail,160.0,191,112,42.15447781671598,3,80.0,81.0,40.5,0,High Demand
Nautanwa-Nakaha Jungle,Rail,117.0,172,62,77.78174593052023,2,58.5,76.0,38.0,0,High Demand
Nawadah-Patna Jn,Rail,127.0,127,127,0.0,1,63.5,162.0,81.0,0,High Demand
Nawashahr Doaba Jn-Jalandhar City,Rail,212.0,212,212,0.0,1,100.0,57.0,30.0,0,High Demand
Nelamangala-Ksr Bengaluru,Rail,190.0,190,190,0.0,1,95.0,27.0,30.0,0,High Demand
Nellore-Chennai,Bus,33.4,59,10,11.919293822093291,70,62.32857142857143,346.08828571428575,458.69857142857137,1,Low Demand
Nellore-Sullurupeta,Rail,99.0,150,56,47.50789408087881,3,49.5,93.0,46.5,0,High Demand
Nellore-Vijayawada Jn,Rail,90.0,90,90,0.0,1,45.0,254.0,127.0,0,High Demand
Nepalganj Road-Bahraich,Rail,143.0,143,143,0.0,1,71.5,54.0,30.0,0,High Demand
Neral Jn.-Matheran,Rail,149.33333333333334,197,58,79.12226825194873,3,74.66666666666667,20.0,30.0,0,High Demand
New Alipurduar-Sealdah,Rail,287.0,351,223,90.50966799187809,2,57.39999999999999,714.5,357.25,0,High Demand
New Amravati-Narkher,Rail,126.0,126,126,0.0,1,63.0,133.0,66.5,0,High Demand
New Bongaigaon-Guwahati,Rail,137.8,211,49,70.56698944974201,5,67.4,172.2,86.1,0,High Demand
New Delhi-Agra Cantt,Rail,183.0,183,183,0.0,1,91.5,195.0,97.5,0,High Demand
New Delhi-Aligarh Jn,Rail,180.5,218,143,53.033008588991066,2,85.75,132.0,66.0,0,High Demand
New Delhi-Amb  Andaura,Rail,170.0,170,170,0.0,1,34.0,437.0,218.5,0,High Demand
New Delhi-Amritsar Jn,Rail,253.4,474,107,146.89894485665988,5,50.68,447.4,223.7,0,High Demand
New Delhi-Ballia,Rail,433.0,433,433,0.0,1,86.6,898.0,449.0,0,High Demand
New Delhi-Banaras,Rail,432.0,479,385,66.46803743153546,2,86.4,755.5,377.75,0,High Demand
New Delhi-Bhubaneswar,Rail,440.0,440,440,0.0,1,55.00000000000001,1729.0,864.5,0,High Demand
New Delhi-Chandigarh,Rail,211.0,211,211,0.0,1,100.0,266.0,133.0,0,High Demand
New Delhi-Daulatpur Chowk,Rail,229.0,229,229,0.0,1,45.800000000000004,454.0,227.0,0,High Demand
New Delhi-Daurai (Ajmer,Rail,289.0,289,289,0.0,1,57.8,450.0,225.0,0,High Demand
New Delhi-Dehradun,Rail,204.33333333333334,342,126,119.60072463548595,3,78.5,308.3333333333333,154.16666666666666,0,High Demand
New Delhi-Dibrugarh,Rail,631.5,748,515,164.75588001646557,2,78.9375,2384.0,1192.0,0,High Demand
New Delhi-Dr Ambedkar Ngr (Mhow,Rail,183.0,183,183,0.0,1,36.6,845.0,422.5,0,High Demand
New Delhi-Firozpur Cantt Jn,Rail,315.0,315,315,0.0,1,63.0,453.0,226.5,0,High Demand
New Delhi-Gaya Jn,Rail,286.0,286,286,0.0,1,57.199999999999996,989.0,494.5,0,High Demand
New Delhi-Ghaziabad,Rail,134.5,204,83,41.73727350941841,8,67.0,26.0,30.0,0,High Demand
New Delhi-Godda,Rail,474.0,474,474,0.0,1,59.25,1325.0,662.5,0,High Demand
New Delhi-Guwahati,Rail,363.0,363,363,0.0,1,45.375,1968.0,984.0,0,High Demand
New Delhi-Hisar,Rail,101.0,101,101,0.0,1,50.5,181.0,90.5,0,High Demand
New Delhi-Howrah Jn,Rail,302.0,407,197,148.49242404917499,2,37.75,1488.5,744.25,0,High Demand
New Delhi-Indore Jn Bg,Rail,245.0,245,245,0.0,1,49.0,824.0,412.0,0,High Demand
New Delhi-Islampur,Rail,164.0,164,164,0.0,1,20.5,1065.0,532.5,0,High Demand
New Delhi-Jaynagar,Rail,373.0,373,373,0.0,1,46.625,1236.0,618.0,0,High Demand
New Delhi-Jind Jn,Rail,154.0,154,154,0.0,1,77.0,128.0,64.0,0,High Demand
New Delhi-Kalka,Rail,271.0,362,180,128.69343417595164,2,95.0,303.0,151.5,0,High Demand
New Delhi-Kanpur Central,Rail,168.0,226,110,82.02438661763951,2,33.6,439.5,219.75,0,High Demand
New Delhi-Kasganj,Rail,285.5,327,244,58.68986283848344,2,100.0,361.0,180.5,0,High Demand
New Delhi-Kathgodam,Rail,261.0,261,261,0.0,1,100.0,281.0,140.5,0,High Demand
New Delhi-Kosi Kalan,Rail,102.0,102,102,0.0,1,51.0,100.0,50.0,0,High Demand
New Delhi-Ksr Bengaluru,Rail,193.0,193,193,0.0,1,24.125,2406.0,1203.0,0,High Demand
New Delhi-Kurukshetra Jn,Rail,120.5,144,97,33.23401871576773,2,60.25,157.0,78.5,0,High Demand
New Delhi-Lalit Gram,Rail,409.0,449,369,56.568542494923804,2,51.125,1376.0,688.0,0,High Demand
New Delhi-Lohian Khas Jn,Rail,161.0,161,161,0.0,1,32.2,437.0,218.5,0,High Demand
New Delhi-Lucknow,Rail,269.6666666666667,363,210,81.8677795798404,3,53.93333333333333,500.3333333333333,250.16666666666666,0,High Demand
New Delhi-Lucknow Ne,Rail,459.0,459,459,0.0,1,91.8,512.0,256.0,0,High Demand
New Delhi-Malda Town,Rail,492.0,492,492,0.0,1,61.5,1422.0,711.0,0,High Demand
New Delhi-Manduadih,Rail,122.0,122,122,0.0,1,24.4,797.0,398.5,0,High Demand
New Delhi-Mgr Chennai Ctr,Rail,206.0,210,202,5.656854249492381,2,25.75,2180.5,1090.25,0,High Demand
New Delhi-Moga,Rail,190.0,190,190,0.0,1,95.0,398.0,199.0,0,High Demand
New Delhi-Palwal,Rail,135.5,212,75,59.45670693874661,6,66.75,56.0,30.0,0,High Demand
New Delhi-Panipat Jn,Rail,92.0,92,92,0.0,1,46.0,89.0,44.5,0,High Demand
New Delhi-Pondicherry,Rail,225.0,225,225,0.0,1,28.125,2384.0,1192.0,0,High Demand
New Delhi-Prayagraj Jn,Rail,250.0,361,139,156.97770542341354,2,50.0,634.5,317.25,0,High Demand
New Delhi-Rajendranagar T,Rail,173.0,173,173,0.0,1,34.599999999999994,1000.0,500.0,0,High Demand
New Delhi-Rajgir,Rail,453.0,453,453,0.0,1,56.625,1103.0,551.5,0,High Demand
New Delhi-Ranchi,Rail,612.0,612,612,0.0,1,76.5,1343.0,671.5,0,High Demand
New Delhi-Rani Kamlapati(Bhopal,Rail,534.0,534,534,0.0,1,100.0,707.0,353.5,0,High Demand
New Delhi-Rohtak Jn,Rail,119.33333333333333,153,83,35.07610772781572,3,59.666666666666664,71.66666666666667,35.833333333333336,0,High Demand
New Delhi-Shakurbasti ( Delhi,Rail,113.0,159,67,65.05382386916237,2,56.5,22.0,30.0,0,High Demand
New Delhi-Shmata Vd Katra,Rail,340.75,406,204,92.9780440032305,4,68.15,655.0,327.5,0,High Demand
New Delhi-Silchar,Rail,373.0,373,373,0.0,1,46.625,2350.0,1175.0,0,High Demand
New Delhi-Sogaria (Kota,Rail,304.0,304,304,0.0,1,60.8,467.0,233.5,0,High Demand
New Delhi-Sonipat,Rail,210.0,210,210,0.0,1,100.0,44.0,30.0,0,High Demand
New Delhi-Thiruvananthapuram Central,Rail,187.0,187,187,0.0,1,23.375,3033.0,1516.5,0,High Demand
New Delhi-Varanasi Jn,Rail,353.0,414,234,103.06793875885944,3,70.6,769.0,384.5,0,High Demand
New Delhi-Virangana Lakshmibai(Jhanshi,Rail,373.0,373,373,0.0,1,74.6,410.0,205.0,0,High Demand
New Delhi-Visakhapatnam,Rail,235.0,235,235,0.0,1,29.375,2101.0,1050.5,0,High Demand
New Jalpaiguri-Alipur Duar Jn,Rail,155.5,197,114,58.68986283848344,2,77.75,168.5,84.25,0,High Demand
New Jalpaiguri-Amritsar Jn,Rail,219.0,219,219,0.0,1,27.375,1828.0,914.0,0,High Demand
New Jalpaiguri-Anand Vihar Terminal,Rail,339.0,339,339,0.0,1,42.375,1488.0,744.0,0,High Demand
New Jalpaiguri-Ara,Rail,106.0,106,106,0.0,1,21.2,565.0,282.5,0,High Demand
New Jalpaiguri-Bongaigaon,Rail,336.0,336,336,0.0,1,100.0,257.0,128.5,0,High Demand
New Jalpaiguri-Darjeeling,Rail,157.5,197,118,55.86143571373726,2,78.75,88.0,44.0,0,High Demand
New Jalpaiguri-Dhaka Cantt,Rail,129.0,129,129,0.0,1,25.8,595.0,297.5,0,High Demand
New Jalpaiguri-Digha F S,Rail,220.0,220,220,0.0,1,44.0,776.0,388.0,0,High Demand
New Jalpaiguri-Guwahati,Rail,169.0,224,114,77.78174593052023,2,33.800000000000004,409.0,204.5,0,High Demand
New Jalpaiguri-Haldibari,Rail,143.0,206,80,89.09545442950498,2,70.0,57.0,30.0,0,High Demand
New Jalpaiguri-Howrah Jn,Rail,339.0,389,289,70.71067811865476,2,67.8,561.0,280.5,0,High Demand
New Jalpaiguri-Kurseong,Rail,155.0,155,155,0.0,1,77.5,56.0,30.0,0,High Demand
New Jalpaiguri-Malda Town,Rail,179.0,182,176,4.242640687119285,2,89.5,233.0,116.5,0,High Demand
New Jalpaiguri-Mgr Chennai Ctr,Rail,443.0,443,443,0.0,1,55.375,2296.0,1148.0,0,High Demand
New Jalpaiguri-Nagarcoil Jn,Rail,374.0,374,374,0.0,1,46.75,3102.0,1551.0,0,High Demand
New Jalpaiguri-Patna Jn,Rail,281.0,281,281,0.0,1,56.2,471.0,235.5,0,High Demand
New Jalpaiguri-Rangiya Jn,Rail,80.0,80,80,0.0,1,40.0,364.0,182.0,0,High Demand
New Jalpaiguri-Tiruchchirappalli Jn,Rail,353.0,353,353,0.0,1,44.125,2619.0,1309.5,0,High Demand
New Jalpaiguri-Udaipur City,Rail,377.0,377,377,0.0,1,47.125,2231.0,1115.5,0,High Demand
New Tinsukia-Amritsar Jn,Rail,394.0,394,394,0.0,1,49.25,2828.0,1414.0,0,High Demand
New Tinsukia-Rangiya Jn,Rail,195.0,195,195,0.0,1,39.0,597.0,298.5,0,High Demand
New Tinsukia-Smvt Bengaluru,Rail,509.0,509,509,0.0,1,63.625,3568.0,1784.0,0,High Demand
New Tinsukia-Tambaram,Rail,380.0,380,380,0.0,1,47.5,3213.0,1606.5,0,High Demand
Nidadavolu Jn-Bhimavaram Jn,Rail,106.5,122,91,21.920310216782973,2,53.25,45.0,30.0,0,High Demand
Nidadavolu Jn-Narasapur,Rail,201.25,324,101,108.27549738206393,4,77.625,75.25,37.625,0,High Demand
Nilambur Road-Kottayam,Rail,145.0,180,110,49.49747468305833,2,72.5,232.0,116.0,0,High Demand
Nilambur Road-Palakkad,Rail,176.0,176,176,0.0,1,88.0,110.0,55.0,0,High Demand
Nilambur Road-Shoranur Jn,Rail,138.16666666666666,203,72,45.132767106246284,6,68.83333333333333,67.0,33.5,0,High Demand
Nilambur Road-Thiruvananthapuram North,Rail,139.0,139,139,0.0,1,69.5,387.0,193.5,0,High Demand
Nimtita-Azimganj,Rail,47.0,47,47,0.0,1,23.5,55.0,30.0,0,High Demand
Nimtita-Katwa Jn,Rail,195.0,195,195,0.0,1,97.5,128.0,64.0,0,High Demand
Nizamabad-Bodhan,Rail,73.0,73,73,0.0,1,36.5,26.0,30.0,0,High Demand
Nizamabad-H Sahib Nanded,Rail,138.0,138,138,0.0,1,69.0,109.0,54.5,0,High Demand
Nizamabad-Kacheguda,Rail,83.5,95,72,16.263455967290593,2,41.75,165.0,82.5,0,High Demand
Nizamabad-Pandharpur,Rail,224.0,321,127,137.17871555019022,2,44.8,540.0,270.0,0,High Demand
Nizamabad-Pune Jn,Rail,120.0,131,109,15.556349186104045,2,24.0,773.5,386.75,0,High Demand
Nizamabad-Tirupati,Rail,219.0,219,219,0.0,1,43.8,890.0,445.0,0,High Demand
North Lakhimpur-Guwahati,Rail,272.0,272,272,0.0,1,100.0,344.0,172.0,0,High Demand
Nsc Bose Itwari-Balaghat Jn,Rail,88.0,88,88,0.0,1,44.0,187.0,93.5,0,High Demand
Nsc Bose Itwari-Bilaspur Jn,Rail,201.0,201,201,0.0,1,40.2,409.0,204.5,0,High Demand
Nsc Bose Itwari-Chhindwara Jn,Rail,193.5,197,190,4.949747468305833,2,96.75,142.0,71.0,0,High Demand
Nsc Bose Itwari-Gondia Jn,Rail,152.0,184,120,45.254833995939045,2,76.0,126.0,63.0,0,High Demand
Nsc Bose Itwari-Korba,Rail,256.0,256,256,0.0,1,51.2,499.0,249.5,0,High Demand
Nsc Bose Itwari-Raipur Jn,Rail,78.0,78,78,0.0,1,39.0,298.0,149.0,0,High Demand
Nsc Bose Itwari-Ramtek,Rail,131.0,137,125,8.48528137423857,2,65.5,38.0,30.0,0,High Demand
Nsc Bose Itwari-Rewa,Rail,259.5,354,165,133.64318164425748,2,51.9,625.5,312.75,0,High Demand
Nsc Bose Itwari-Tatanagar Jn,Rail,267.0,267,267,0.0,1,53.400000000000006,878.0,439.0,0,High Demand
Nsc Bose Itwari-Tirodi,Rail,69.0,69,69,0.0,1,34.5,125.0,62.5,0,High Demand
Nurpur Road-Baijnath Paprola,Rail,140.33333333333334,172,119,27.970222261064233,3,70.16666666666667,143.0,71.5,0,High Demand
Okha-Ahmedabad Jn,Rail,311.5,400,223,125.15790027001891,2,62.3,499.0,249.5,0,High Demand
Okha-Banaras,Rail,429.0,429,429,0.0,1,53.625,2031.0,1015.5,0,High Demand
Okha-Bhavnagar Terminus,Rail,233.5,389,78,219.9102089490163,2,46.699999999999996,538.0,269.0,0,High Demand
Okha-Bilaspur Jn,Rail,338.0,338,338,0.0,1,42.25,1868.0,934.0,0,High Demand
Okha-Dadar Wr,Rail,256.0,256,256,0.0,1,51.2,985.0,492.5,0,High Demand
Okha-Dehradun,Rail,167.0,167,167,0.0,1,20.875,1680.0,840.0,0,High Demand
Okha-Ernakulam Jn,Rail,425.0,425,425,0.0,1,53.125,2557.0,1278.5,0,High Demand
Okha-Gorakhpur,Rail,268.0,268,268,0.0,1,33.5,2296.0,1148.0,0,High Demand
Okha-Guwahati,Rail,430.0,430,430,0.0,1,53.75,3225.0,1612.5,0,High Demand
Okha-Jaipur,Rail,370.0,376,364,8.48528137423857,2,46.25,1056.0,528.0,0,High Demand
Okha-Nathdwara,Rail,366.0,366,366,0.0,1,45.75,1125.0,562.5,0,High Demand
Okha-Puri,Rail,153.0,153,153,0.0,1,19.125,2776.0,1388.0,0,High Demand
Okha-Rajkot Jn,Rail,68.0,68,68,0.0,1,34.0,252.0,126.0,0,High Demand
Okha-Rameswaram,Rail,242.0,242,242,0.0,1,30.25,3154.0,1577.0,0,High Demand
Okha-Shalimar,Rail,346.0,346,346,0.0,1,43.25,2584.0,1292.0,0,High Demand
Okha-Tuticorin,Rail,204.0,204,204,0.0,1,25.5,2735.0,1367.5,0,High Demand
Okha-Veraval,Rail,375.0,375,375,0.0,1,75.0,437.0,218.5,0,High Demand
Okha-Viramgam Jn,Rail,182.0,182,182,0.0,1,36.4,430.0,215.0,0,High Demand
Old Malda-Singhabad,Rail,171.0,171,171,0.0,1,85.5,24.0,30.0,0,High Demand
Omkareshwar Rd-Dr Ambedkar Ngr (Mhow,Rail,111.33333333333333,162,51,56.12783029240782,3,55.666666666666664,58.0,30.0,0,High Demand
Ongole-Hyderabad,Bus,38.75757575757576,58,21,8.47269025672957,66,74.61803030303031,344.36727272727273,503.1068181818182,1,Low Demand
Ongole-Vijayawada Jn,Rail,65.0,65,65,0.0,1,32.5,138.0,69.0,0,High Demand
Pachora Jn-Jamner,Rail,129.0,143,115,19.79898987322333,2,64.5,56.0,30.0,0,High Demand
Palakkad-Ernakulam Jn,Rail,62.0,62,62,0.0,1,31.0,151.0,75.5,0,High Demand
Palakkad-Nilambur Road,Rail,213.0,213,213,0.0,1,100.0,110.0,55.0,0,High Demand
Palakkad-Pollachi Jn,Rail,187.0,187,187,0.0,1,93.5,58.0,30.0,0,High Demand
Palakkad-Tiruchendur,Rail,208.0,244,172,50.91168824543142,2,41.599999999999994,461.5,230.75,0,High Demand
Palakkad-Tuticorin,Rail,400.0,400,400,0.0,1,80.0,540.0,270.0,0,High Demand
Palanpur Jn-Bhagat Ki Kothi (Jodhpur,Rail,300.0,300,300,0.0,1,100.0,346.0,173.0,0,High Demand
Palanpur Jn-Bhuj,Rail,311.0,333,289,31.11269837220809,2,100.0,359.0,179.5,0,High Demand
Palanpur Jn-Gandhidham Jn,Rail,208.5,220,197,16.263455967290593,2,99.25,301.0,150.5,0,High Demand
Palasa-Bhubaneswar,Rail,165.0,165,165,0.0,1,82.5,240.0,120.0,0,High Demand
Palasa-Cuttack,Rail,140.5,164,117,33.23401871576773,2,70.25,267.0,133.5,0,High Demand
Palasa-Gunupur,Rail,168.0,168,168,0.0,1,84.0,115.0,57.5,0,High Demand
Palasa-Visakhapatnam,Rail,163.5,191,136,38.890872965260115,2,81.75,203.0,101.5,0,High Demand
Paldhi-Udhna Jn (Surat,Rail,232.0,232,232,0.0,1,100.0,295.0,147.5,0,High Demand
Palghat Town-Coimbatore Jn,Rail,189.0,189,189,0.0,1,94.5,58.0,30.0,0,High Demand
Palghat Town-Erode Jn,Rail,203.0,203,203,0.0,1,100.0,159.0,79.5,0,High Demand
Palghat Town-Tiruchchirappalli Jn,Rail,354.0,354,354,0.0,1,100.0,300.0,150.0,0,High Demand
Palia Kalan-Aishbagh Mg,Rail,171.0,171,171,0.0,1,85.5,222.0,111.0,0,High Demand
Palia Kalan-Mailani,Rail,119.0,119,119,0.0,1,59.5,30.0,30.0,0,High Demand
Palitana-Bandra Terminus,Rail,318.0,318,318,0.0,1,63.6,785.0,392.5,0,High Demand
Palitana-Bhavnagar Terminus,Rail,80.5,137,59,37.72267222772003,4,40.25,48.0,30.0,0,High Demand
Palwal-Agra Cantt,Rail,58.0,58,58,0.0,1,28.999999999999996,137.0,68.5,0,High Demand
Palwal-Delhi,Rail,162.0,162,162,0.0,1,81.0,57.0,30.0,0,High Demand
Palwal-Ghaziabad,Rail,150.25,213,81,56.55307241874662,4,73.5,81.5,40.75,0,High Demand
Palwal-Hazrat Nizamuddin,Rail,55.0,55,55,0.0,1,27.500000000000004,47.0,30.0,0,High Demand
Palwal-New Delhi,Rail,120.33333333333333,158,68,46.75824347998258,3,60.166666666666664,56.0,30.0,0,High Demand
Palwal-Shakurbasti ( Delhi,Rail,122.0,201,54,62.68572405261026,5,60.9,67.4,33.7,0,High Demand
Pandharpur-C Shivaji Maharaj T,Rail,148.0,148,148,0.0,1,29.599999999999998,429.0,214.5,0,High Demand
Pandharpur-Mysore Jn,Rail,401.0,401,401,0.0,1,50.125,1096.0,548.0,0,High Demand
Pandharpur-Nizamabad,Rail,213.0,224,202,15.556349186104045,2,42.60000000000001,539.5,269.75,0,High Demand
Pandharpur-Yasvantpur Jn,Rail,190.0,190,190,0.0,1,38.0,880.0,440.0,0,High Demand
Panipat Jn-Ambala Cant Jn,Rail,170.0,208,96,64.09368143584827,3,82.66666666666667,109.0,54.5,0,High Demand
Panipat Jn-Delhi,Rail,74.5,101,48,37.476659402887016,2,37.25,88.0,44.0,0,High Demand
Panipat Jn-Ghaziabad,Rail,88.5,126,51,53.033008588991066,2,44.25,115.0,57.5,0,High Demand
Panipat Jn-New Delhi,Rail,90.0,109,71,19.0,3,45.0,89.0,44.5,0,High Demand
Panipat Jn-Rohtak Jn,Rail,92.0,92,92,0.0,1,46.0,71.0,35.5,0,High Demand
Pankidham-Lucknow Ne,Rail,60.0,60,60,0.0,1,30.0,87.0,43.5,0,High Demand
Panskura-Digha F S,Rail,137.83333333333334,201,66,53.33447915435817,6,68.83333333333333,119.16666666666667,59.583333333333336,0,High Demand
Panvel-Alipur Duar Jn,Rail,149.0,149,149,0.0,1,18.625,2377.0,1188.5,0,High Demand
Panvel-Dahanu Road,Rail,152.0,152,152,0.0,1,76.0,136.0,68.0,0,High Demand
Panvel-Diva Jn,Rail,136.0,146,126,14.142135623730951,2,68.0,26.5,30.0,0,High Demand
Panvel-H Sahib Nanded,Rail,121.0,121,121,0.0,1,24.2,677.0,338.5,0,High Demand
Panvel-Pune Jn,Rail,194.0,194,194,0.0,1,97.0,120.0,60.0,0,High Demand
Panvel-Vasai Road,Rail,104.0,133,75,41.012193308819754,2,52.0,65.0,32.5,0,High Demand
Paradeep-Cuttack,Rail,115.0,192,55,70.06425622241343,3,57.5,83.0,41.5,0,High Demand
Paradeep-Kendujhargarh,Rail,188.0,188,188,0.0,1,94.0,238.0,119.0,0,High Demand
Paradeep-Puri,Rail,146.0,146,146,0.0,1,73.0,173.0,86.5,0,High Demand
Paradeep-Santragachi Jn,Rail,346.0,346,346,0.0,1,69.19999999999999,487.0,243.5,0,High Demand
Paradeep-Visakhapatnam,Rail,405.0,405,405,0.0,1,81.0,554.0,277.0,0,High Demand
Parbhani Jn-H Sahib Nanded,Rail,159.0,186,132,38.18376618407357,2,79.5,58.5,30.0,0,High Demand
Parli Vaijnath-Adilabad,Rail,152.0,152,152,0.0,1,76.0,316.0,158.0,0,High Demand
Parli Vaijnath-Akola Jn,Rail,222.0,339,105,165.46298679765212,2,76.25,300.0,150.0,0,High Demand
Parli Vaijnath-Miraj Jn,Rail,105.0,105,105,0.0,1,21.0,437.0,218.5,0,High Demand
Parli Vaijnath-Purna Jn,Rail,132.0,209,55,108.89444430272832,2,63.75,92.0,46.0,0,High Demand
Parli Vaijnath-Sangli,Rail,85.0,85,85,0.0,1,17.0,455.0,227.5,0,High Demand
Partapgarh Jn-Lucknow,Rail,157.0,157,157,0.0,1,78.5,173.0,86.5,0,High Demand
Partapgarh Jn-Rae Bareli Jn,Rail,319.0,319,319,0.0,1,100.0,95.0,47.5,0,High Demand
Parvatsar City-Makrana Jn,Rail,171.0,171,171,0.0,1,85.5,21.0,30.0,0,High Demand
Patal Pani-Kalkund,Rail,126.0,126,126,0.0,1,63.0,10.0,30.0,0,High Demand
Patan-Ahmedabad Jn,Rail,192.0,192,192,0.0,1,96.0,111.0,55.5,0,High Demand
Patan-Mahesana Jn,Rail,115.0,173,47,63.592452382338585,3,57.5,40.333333333333336,30.0,0,High Demand
Pathankot Jn-Amritsar Jn,Rail,174.0,292,55,96.8607247546703,4,75.5,107.0,53.5,0,High Demand
Pathankot Jn-Baijnath Paprola,Rail,145.0,145,145,0.0,1,72.5,144.0,72.0,0,High Demand
Pathankot Jn-Delhi,Rail,145.0,145,145,0.0,1,28.999999999999996,554.0,277.0,0,High Demand
Pathankot Jn-Delhi S Rohilla,Rail,272.0,272,272,0.0,1,54.400000000000006,493.0,246.5,0,High Demand
Pathankot Jn-Jalandhar City,Rail,71.0,71,71,0.0,1,35.5,116.0,58.0,0,High Demand
Pathankot Jn-Jawalamukhi Road,Rail,191.0,191,191,0.0,1,95.5,93.0,46.5,0,High Demand
Patiala-Ambala Cant Jn,Rail,192.0,192,192,0.0,1,96.0,53.0,30.0,0,High Demand
Patliputra-Bagaha,Rail,315.0,315,315,0.0,1,100.0,275.0,137.5,0,High Demand
Patliputra-Ballia,Rail,202.0,202,202,0.0,1,100.0,129.0,64.5,0,High Demand
Patliputra-Bapudm Motihari,Rail,277.0,277,277,0.0,1,100.0,154.0,77.0,0,High Demand
Patliputra-Barauni Jn,Rail,81.0,81,81,0.0,1,40.5,108.0,54.0,0,High Demand
Patliputra-Darbhanga Jn,Rail,140.5,152,129,16.263455967290593,2,70.25,206.5,103.25,0,High Demand
Patliputra-Gaya Jn,Rail,77.0,77,77,0.0,1,38.5,104.0,52.0,0,High Demand
Patliputra-Gorakhpur,Rail,201.0,230,173,28.513154858766505,3,95.5,325.3333333333333,162.66666666666666,0,High Demand
Patliputra-Lokmanyatilak,Rail,285.0,285,285,0.0,1,35.625,1691.0,845.5,0,High Demand
Patliputra-Lucknow Ne,Rail,354.5,385,324,43.1335136523794,2,70.9,522.0,261.0,0,High Demand
Patliputra-Muzaffarpur Jn,Rail,58.0,58,58,0.0,1,28.999999999999996,74.0,37.0,0,High Demand
Patliputra-Patna Jn,Rail,46.0,46,46,0.0,1,23.0,13.0,30.0,0,High Demand
Patliputra-Purnea Court,Rail,287.0,287,287,0.0,1,100.0,313.0,156.5,0,High Demand
Patliputra-Saharsa Jn,Rail,96.0,96,96,0.0,1,48.0,218.0,109.0,0,High Demand
Patliputra-Udaipur City,Rail,171.0,171,171,0.0,1,21.375,1567.0,783.5,0,High Demand
Patna Jn-Ahmedabad Jn,Rail,255.0,255,255,0.0,1,31.874999999999996,1660.0,830.0,0,High Demand
Patna Jn-Anand Vihar Terminal,Rail,450.0,450,450,0.0,1,90.0,985.0,492.5,0,High Demand
Patna Jn-Ara,Rail,133.5,199,68,92.63098833543772,2,66.75,49.0,30.0,0,High Demand
Patna Jn-Banaras,Rail,449.0,449,449,0.0,1,100.0,233.0,116.5,0,High Demand
Patna Jn-Bandra Terminus,Rail,409.0,475,343,93.33809511662427,2,51.125,1845.0,922.5,0,High Demand
Patna Jn-Barauni Jn,Rail,145.5,163,128,24.748737341529164,2,72.75,121.0,60.5,0,High Demand
Patna Jn-Barka Kana,Rail,281.0,281,281,0.0,1,56.2,494.0,247.0,0,High Demand
Patna Jn-Bhabua Road,Rail,181.0,190,172,12.727922061357855,2,90.5,218.5,109.25,0,High Demand
Patna Jn-Buxar,Rail,168.5,213,124,62.932503525602726,2,81.0,118.0,59.0,0,High Demand
Patna Jn-C Shivaji Maharaj T,Rail,399.0,399,399,0.0,1,49.875,1710.0,855.0,0,High Demand
Patna Jn-Dd Upadhyaya Jn,Rail,191.0,305,122,80.23714850367004,4,82.375,208.0,104.0,0,High Demand
Patna Jn-Deoghar,Rail,73.0,73,73,0.0,1,36.5,227.0,113.5,0,High Demand
Patna Jn-Dhanbad Jn,Rail,186.5,226,147,55.86143571373726,2,86.75,329.5,164.75,0,High Demand
Patna Jn-Dumka,Rail,220.0,220,220,0.0,1,100.0,338.0,169.0,0,High Demand
Patna Jn-Gaya Jn,Rail,131.53333333333333,214,45,55.76464146836451,15,65.23333333333333,92.0,46.0,0,High Demand
Patna Jn-Gomtinagar (Lucknow,Rail,337.0,337,337,0.0,1,67.4,544.0,272.0,0,High Demand
Patna Jn-Hatia,Rail,183.0,183,183,0.0,1,36.6,542.0,271.0,0,High Demand
Patna Jn-Howrah Jn,Rail,329.0,332,326,4.242640687119285,2,65.80000000000001,532.0,266.0,0,High Demand
Patna Jn-Indore Jn Bg,Rail,287.0,294,280,9.899494936611665,2,35.875,1379.0,689.5,0,High Demand
Patna Jn-Islampur,Rail,169.0,214,134,33.80335289089925,4,82.75,65.5,32.75,0,High Demand
Patna Jn-Jammu Tawi,Rail,369.0,369,369,0.0,1,46.125,1508.0,754.0,0,High Demand
Patna Jn-Jasidih Jn,Rail,241.5,303,180,86.97413408594535,2,95.0,221.0,110.5,0,High Demand
Patna Jn-Jaynagar,Rail,181.66666666666666,270,122,78.05340052382941,3,79.16666666666667,258.6666666666667,129.33333333333334,0,High Demand
Patna Jn-Jhajha,Rail,148.0,148,148,0.0,1,74.0,177.0,88.5,0,High Demand
Patna Jn-Katihar Jn,Rail,114.0,114,114,0.0,1,56.99999999999999,288.0,144.0,0,High Demand
Patna Jn-Kiul Jn,Rail,174.0,206,142,45.254833995939045,2,85.5,123.0,61.5,0,High Demand
Patna Jn-Lalit Gram,Rail,241.0,352,130,156.97770542341354,2,82.5,304.0,152.0,0,High Demand
Patna Jn-Malda Town,Rail,263.0,263,263,0.0,1,100.0,400.0,200.0,0,High Demand
Patna Jn-Mokameh Jn,Rail,123.33333333333333,207,54,77.50053763254378,3,60.5,89.0,44.5,0,High Demand
Patna Jn-Nawadah,Rail,171.0,171,171,0.0,1,85.5,162.0,81.0,0,High Demand
Patna Jn-New Jalpaiguri,Rail,165.0,165,165,0.0,1,33.0,471.0,235.5,0,High Demand
Patna Jn-Patliputra,Rail,115.0,115,115,0.0,1,57.49999999999999,13.0,30.0,0,High Demand
Patna Jn-Purnea Court,Rail,115.0,115,115,0.0,1,57.49999999999999,315.0,157.5,0,High Demand
Patna Jn-Rajgir,Rail,114.5,126,103,16.263455967290593,2,57.25,97.5,48.75,0,High Demand
Patna Jn-Ranchi,Rail,278.3333333333333,452,187,150.4670506567246,3,74.36666666666667,404.6666666666667,202.33333333333334,0,High Demand
Patna Jn-Saharsa Jn,Rail,341.0,341,341,0.0,1,100.0,222.0,111.0,0,High Demand
Patna Jn-Sasaram,Rail,216.0,216,216,0.0,1,100.0,146.0,73.0,0,High Demand
Patna Jn-Shalimar,Rail,371.0,371,371,0.0,1,74.2,546.0,273.0,0,High Demand
Patna Jn-Singrauli,Rail,297.0,304,290,9.899494936611665,2,59.39999999999999,481.0,240.5,0,High Demand
Patna Jn-Smvt Bengaluru,Rail,419.0,419,419,0.0,1,52.37500000000001,2694.0,1347.0,0,High Demand
Patna Jn-Sogaria (Kota,Rail,281.5,309,254,38.890872965260115,2,35.1875,1263.0,631.5,0,High Demand
Patna Jn-Tatanagar Jn,Rail,273.3333333333333,299,227,40.20364825899924,3,54.666666666666664,515.0,257.5,0,High Demand
Patna Jn-Thawe Jn,Rail,55.0,55,55,0.0,1,27.500000000000004,173.0,86.5,0,High Demand
Patna Jn-Varanasi Jn,Rail,198.0,198,198,0.0,1,99.0,226.0,113.0,0,High Demand
Patna-Ahmedabad,Air,88.35714285714286,191,19,43.67832605821092,42,59.41263227513228,4174.107142857143,8144.5,1,Low Demand
Patna-Bangalore,Air,80.47222222222223,149,26,36.91727130537846,36,55.30007716049383,4508.541666666667,8895.555555555555,1,Low Demand
Patna-Bhubaneswar,Air,84.85714285714286,178,25,36.79181472368576,42,61.91792328042328,4675.0,9085.214285714286,1,Low Demand
Patna-Chennai,Air,85.5952380952381,205,16,42.09979985110265,42,57.40674603174604,4505.0,9483.357142857143,1,Low Demand
Patna-Cochin,Air,93.26190476190476,213,25,48.67916844180712,42,60.727248677248674,4049.6428571428573,9958.5,1,Low Demand
Patna-Delhi,Air,93.75,247,18,58.224814574698854,32,59.05390625,4554.140625,9844.09375,1,Low Demand
Patna-Goa,Air,82.18181818181819,140,16,40.343331736290885,22,50.2635101010101,4097.386363636364,9563.318181818182,1,Low Demand
Patna-Guwahati,Air,92.07142857142857,238,27,50.716521028423095,42,57.226388888888884,4250.0,9363.404761904761,1,Low Demand
Patna-Hyderabad,Air,88.82352941176471,266,25,48.9537356622977,51,57.10969498910676,4337.5,9287.156862745098,1,Low Demand
Patna-Indore,Air,82.14893617021276,229,19,43.963907491113,47,57.79137115839243,4267.18085106383,8244.382978723404,1,Low Demand
Patna-Jaipur,Air,86.9090909090909,278,18,50.89927042096863,44,58.683964646464645,4752.272727272727,9062.65909090909,1,Low Demand
Patna-Kolkata,Air,75.36,161,14,37.56758354397223,25,53.38066666666666,4610.4,8847.88,1,Low Demand
Patna-Lucknow,Air,84.1219512195122,253,24,47.953203814735474,41,59.022018970189706,3846.768292682927,9226.951219512195,1,Low Demand
Patna-Mumbai,Air,78.62162162162163,144,19,32.54855462856083,37,52.84954954954955,5003.513513513513,9184.945945945947,1,Low Demand
Patna-Nagpur,Air,82.26829268292683,240,23,44.0709793346165,41,57.05928184281843,4823.231707317073,9139.170731707318,1,Low Demand
Patna-Pune,Air,81.775,155,29,32.34389531430258,40,53.808055555555555,4389.1875,9943.325,1,Low Demand
Patna-Raipur,Air,77.0,235,19,47.50210521650593,41,51.604607046070456,4580.670731707317,10110.634146341463,1,Low Demand
Patna-Surat,Air,85.52083333333333,235,20,48.15886369592071,48,56.90399305555556,4204.84375,9817.375,1,Low Demand
Patna-Varanasi,Air,92.29411764705883,213,30,40.68469253630434,34,55.27785947712419,4121.25,8508.058823529413,1,Low Demand
Pen-Diva Jn,Rail,169.33333333333334,197,135,31.533051443419385,3,84.66666666666667,63.0,31.5,0,High Demand
Petlad Jn-Nadiad Jn,Rail,50.0,50,50,0.0,1,25.0,37.0,30.0,0,High Demand
Phaphund-Etawah,Rail,112.5,148,77,50.204581464244875,2,56.25,56.0,30.0,0,High Demand
Phaphund-Kanpur Central,Rail,92.0,95,88,3.605551275463989,3,46.0,83.0,41.5,0,High Demand
Phaphund-Shikohabad Jn,Rail,107.0,107,107,0.0,2,53.5,109.0,54.5,0,High Demand
Phulera Jn-Jaipur,Rail,194.0,194,194,0.0,1,97.0,55.0,30.0,0,High Demand
Phulera Jn-Rewari,Rail,261.75,340,131,92.64403200782372,4,91.375,215.25,107.625,0,High Demand
Phulera Jn-Rl Jaipur,Rail,167.0,167,167,0.0,1,83.5,55.0,30.0,0,High Demand
Piduguralla-Mirylaguda,Rail,141.0,141,141,0.0,1,70.5,60.0,30.0,0,High Demand
Pilibhit Jn-Aishbagh Mg,Rail,255.0,333,177,110.30865786510141,2,94.25,259.0,129.5,0,High Demand
Pilibhit Jn-Bareilly,Rail,123.0,123,123,0.0,1,61.5,58.0,30.0,0,High Demand
Pilibhit Jn-Bareilly City,Rail,170.0,191,153,19.313207915827967,3,85.0,56.0,30.0,0,High Demand
Pilibhit Jn-Daliganj Jn,Rail,174.0,174,174,0.0,1,87.0,254.0,127.0,0,High Demand
Pilibhit Jn-Mailani,Rail,120.625,192,51,43.59533887273468,8,60.3125,67.0,33.5,0,High Demand
Pilibhit Jn-Shahjahanpur Jn,Rail,99.0,246,46,76.96232844710455,6,45.666666666666664,84.0,42.0,0,High Demand
Pilibhit Jn-Shahjehanpur,Rail,102.0,143,59,36.71511950137164,4,51.0,84.0,42.0,0,High Demand
Pilibhit Jn-Tanakpur,Rail,128.0,207,44,57.20139858430038,6,63.416666666666664,63.0,31.5,0,High Demand
Podanur Jn-Dhanbad Jn,Rail,367.0,367,367,0.0,1,45.875,2212.0,1106.0,0,High Demand
Podanur Jn-Mettupalaiyam,Rail,156.0,164,149,7.54983443527075,3,78.0,45.0,30.0,0,High Demand
Pollachi Jn-Coimbatore Jn,Rail,114.0,179,45,67.08949247087803,3,57.0,46.0,30.0,0,High Demand
Pondicherry-Bhubaneswar,Rail,356.5,426,287,98.2878425849301,2,44.5625,1423.0,711.5,0,High Demand
Pondicherry-Chennai Egmore,Rail,180.5,208,153,38.890872965260115,2,88.25,196.5,98.25,0,High Demand
Pondicherry-Dadar,Rail,355.0,355,355,0.0,1,44.375,1642.0,821.0,0,High Demand
Pondicherry-Kacheguda,Rail,386.0,386,386,0.0,1,77.2,969.0,484.5,0,High Demand
Pondicherry-Kakinada Port,Rail,234.0,234,234,0.0,1,46.800000000000004,896.0,448.0,0,High Demand
Pondicherry-Kanniyakumari,Rail,250.0,250,250,0.0,1,50.0,699.0,349.5,0,High Demand
Pondicherry-Mangalore Central,Rail,232.0,251,213,26.870057685088806,2,46.400000000000006,831.5,415.75,0,High Demand
Pondicherry-New Delhi,Rail,478.0,478,478,0.0,1,59.75,2388.0,1194.0,0,High Demand
Pondicherry-Tirupati,Rail,174.33333333333334,231,101,66.58328118479393,3,82.0,291.6666666666667,145.83333333333334,0,High Demand
Pondicherry-Villupuram Jn,Rail,146.5,171,122,34.64823227814083,2,73.25,38.0,30.0,0,High Demand
Pondicherry-Yasvantpur Jn,Rail,389.0,389,389,0.0,1,77.8,456.0,228.0,0,High Demand
Porbandar-Bhanvad,Rail,106.0,139,73,46.66904755831214,2,53.0,52.0,30.0,0,High Demand
Porbandar-Bhavnagar Terminus,Rail,223.0,223,223,0.0,1,100.0,304.0,152.0,0,High Demand
Porbandar-Dadar Wr,Rail,250.0,250,250,0.0,1,50.0,949.0,474.5,0,High Demand
Porbandar-Delhi S Rohilla,Rail,383.5,497,270,160.51323932934628,2,47.9375,1384.0,692.0,0,High Demand
Porbandar-Kanalus,Rail,96.0,96,96,0.0,1,48.0,108.0,54.0,0,High Demand
Porbandar-Kochuveli,Rail,448.0,448,448,0.0,1,56.00000000000001,2720.0,1360.0,0,High Demand
Porbandar-Mumbai Central,Rail,204.0,204,204,0.0,1,40.8,955.0,477.5,0,High Demand
Porbandar-Muzaffarpur Jn,Rail,243.0,243,243,0.0,1,30.375000000000004,2445.0,1222.5,0,High Demand
Porbandar-Rajkot Jn,Rail,153.6,215,51,65.40871501566133,5,74.7,204.2,102.1,0,High Demand
Porbandar-Santragachi Jn,Rail,175.0,175,175,0.0,1,21.875,2657.0,1328.5,0,High Demand
Porbandar-Secunderabad Jn,Rail,501.0,501,501,0.0,1,62.625,1694.0,847.0,0,High Demand
Porbandar-Shalimar,Rail,359.0,359,359,0.0,1,44.875,2548.0,1274.0,0,High Demand
Porbandar-Somnath,Rail,106.0,106,106,0.0,1,53.0,237.0,118.5,0,High Demand
Porbandar-Thiruvananthapuram North,Rail,344.0,344,344,0.0,1,43.0,2720.0,1360.0,0,High Demand
Pq Agartala-Kolkata,Rail,623.0,623,623,0.0,1,77.875,1588.0,794.0,0,High Demand
Pq Ahmedabad Jn-Asansol Jn,Rail,496.0,496,496,0.0,1,62.0,2332.0,1166.0,0,High Demand
Pq Ahmedabad Jn-Bandra Terminus,Rail,179.0,179,179,0.0,1,35.8,481.0,240.5,0,High Demand
Pq Ahmedabad Jn-Mgr Chennai Ctr,Rail,399.3333333333333,488,325,82.43987708223086,3,49.916666666666664,1725.6666666666667,862.8333333333334,0,High Demand
Pq Ahmedabad Jn-Mumbai Central,Rail,210.0,210,210,0.0,1,42.0,491.0,245.5,0,High Demand
Pq Ahmedabad Jn-Puri,Rail,400.0,400,400,0.0,1,50.0,2132.0,1066.0,0,High Demand
Pq Ahmedabad Jn-Rajgir,Rail,306.0,306,306,0.0,1,38.25,1861.0,930.5,0,High Demand
Pq Ajmer Jn-Puri,Rail,507.0,507,507,0.0,1,63.375,2476.0,1238.0,0,High Demand
Pq Allahabad Jn-Lokmanyatilak,Rail,310.0,310,310,0.0,1,38.75,1510.0,755.0,0,High Demand
Pq Amravati-Surat,Rail,257.0,257,257,0.0,1,51.4,563.0,281.5,0,High Demand
Pq Amritsar Jn-Thiruvananthapuram North,Rail,406.0,406,406,0.0,1,50.74999999999999,3597.0,1798.5,0,High Demand
Pq Anand Vihar Terminal-Agartala,Rail,172.0,172,172,0.0,1,21.5,2577.0,1288.5,0,High Demand
Pq Anand Vihar Terminal-Madhupur Jn,Rail,177.0,177,177,0.0,1,22.125,1237.0,618.5,0,High Demand
Pq Anand Vihar Terminal-Mau Jn,Rail,272.0,272,272,0.0,1,54.400000000000006,856.0,428.0,0,High Demand
Pq Anand Vihar Terminal-Puri,Rail,251.0,251,251,0.0,1,31.374999999999996,1843.0,921.5,0,High Demand
Pq Anand Vihar Terminal-Ranchi,Rail,512.0,512,512,0.0,1,64.0,1283.0,641.5,0,High Demand
Pq Anand Vihar Terminal-Sealdah,Rail,160.0,160,160,0.0,1,20.0,1440.0,720.0,0,High Demand
Pq Bandra Terminus-Ajmer Jn,Rail,460.0,460,460,0.0,1,57.49999999999999,1017.0,508.5,0,High Demand
Pq Bandra Terminus-Barmer,Rail,195.0,195,195,0.0,1,39.0,994.0,497.0,0,High Demand
Pq Bandra Terminus-Bhagat Ki Kothi (Jodhpur,Rail,361.0,361,361,0.0,1,72.2,931.0,465.5,0,High Demand
Pq Bandra Terminus-Bhuj,Rail,244.0,308,180,90.50966799187809,2,48.8,905.5,452.75,0,High Demand
Pq Bandra Terminus-Bikaner Jn,Rail,479.0,479,479,0.0,1,59.875,1213.0,606.5,0,High Demand
Pq Bandra Terminus-Chandigarh,Rail,340.0,340,340,0.0,1,42.5,1607.0,803.5,0,High Demand
Pq Bandra Terminus-Delhi S Rohilla,Rail,337.0,337,337,0.0,1,42.125,1433.0,716.5,0,High Demand
Pq Bandra Terminus-Gandhidham Jn,Rail,325.0,325,325,0.0,1,65.0,859.0,429.5,0,High Demand
Pq Bandra Terminus-Gorakhpur,Rail,491.0,491,491,0.0,1,61.375,1906.0,953.0,0,High Demand
Pq Bandra Terminus-Hazrat Nizamuddin,Rail,357.3333333333333,487,171,165.44586224301088,3,44.666666666666664,1366.0,683.0,0,High Demand
Pq Bandra Terminus-Jodhpur Jn,Rail,132.0,132,132,0.0,1,26.400000000000002,935.0,467.5,0,High Demand
Pq Bandra Terminus-Lal Kuan,Rail,254.0,254,254,0.0,1,31.75,1624.0,812.0,0,High Demand
Pq Bandra Terminus-Mahuva Jn,Rail,175.0,175,175,0.0,1,35.0,881.0,440.5,0,High Demand
Pq Bandra Terminus-Palitana,Rail,373.0,373,373,0.0,1,74.6,785.0,392.5,0,High Demand
Pq Bandra Terminus-Saharsa Jn,Rail,177.0,177,177,0.0,1,22.125,2062.0,1031.0,0,High Demand
Pq Bandra Terminus-Shmata Vd Katra,Rail,308.0,308,308,0.0,1,38.5,2028.0,1014.0,0,High Demand
Pq Bandra Terminus-Udaipur City,Rail,332.0,332,332,0.0,1,66.4,945.0,472.5,0,High Demand
Pq Bandra Terminus-Veraval,Rail,305.0,305,305,0.0,1,61.0,941.0,470.5,0,High Demand
Pq Bandra Terminus-Virangana Lakshmibai(Jhanshi,Rail,413.5,489,338,106.77312395916867,2,51.6875,1318.0,659.0,0,High Demand
Pq Bareilly-Bhuj,Rail,320.0,320,320,0.0,1,40.0,1526.0,763.0,0,High Demand
Pq Barhni-Pune Jn,Rail,383.0,383,383,0.0,1,47.875,1879.0,939.5,0,High Demand
Pq Bhiwani-Prayagraj Jn,Rail,167.0,167,167,0.0,1,33.4,800.0,400.0,0,High Demand
Pq Bhopal  Jn-Howrah Jn,Rail,457.0,457,457,0.0,1,57.125,1459.0,729.5,0,High Demand
Pq Bhopal  Jn-Jodhpur Jn,Rail,391.0,391,391,0.0,1,78.2,993.0,496.5,0,High Demand
Pq Bhuj-Dadar Wr,Rail,267.0,267,267,0.0,1,53.400000000000006,844.0,422.0,0,High Demand
Pq Bikaner Jn-Yasvantpur Jn,Rail,232.0,232,232,0.0,1,28.999999999999996,2451.0,1225.5,0,High Demand
Pq Bilaspur Jn-Bhagat Ki Kothi (Jodhpur,Rail,225.0,259,191,48.08326112068523,2,28.125,1826.0,913.0,0,High Demand
Pq Bilaspur Jn-Bikaner Jn,Rail,347.0,347,347,0.0,1,43.375,1892.0,946.0,0,High Demand
Pq Bilaspur Jn-Mgr Chennai Ctr,Rail,447.0,447,447,0.0,1,55.875,1412.0,706.0,0,High Demand
Pq C Sahumaharaj T Kolhapur-Hazrat Nizamuddin,Rail,407.0,407,407,0.0,1,50.875,1916.0,958.0,0,High Demand
Pq C Shivaji Maharaj T-C Sahumaharaj T Kolhapur,Rail,348.0,348,348,0.0,1,69.6,518.0,259.0,0,High Demand
Pq C Shivaji Maharaj T-Hazrat Nizamuddin,Rail,624.0,624,624,0.0,1,78.0,1543.0,771.5,0,High Demand
Pq C Shivaji Maharaj T-Howrah Jn,Rail,434.0,434,434,0.0,1,54.25,1968.0,984.0,0,High Demand
Pq C Shivaji Maharaj T-Hyderabad Decan,Rail,168.0,168,168,0.0,1,33.6,790.0,395.0,0,High Demand
Pq C Shivaji Maharaj T-Madgaon,Rail,153.0,153,153,0.0,1,30.599999999999998,765.0,382.5,0,High Demand
Pq C Shivaji Maharaj T-Patna Jn,Rail,503.0,503,503,0.0,1,62.875,1710.0,855.0,0,High Demand
Pq Chamarajanagar-Tirupati,Rail,291.0,291,291,0.0,1,58.199999999999996,535.0,267.5,0,High Demand
Pq Chandigarh-Ajmer Jn,Rail,137.0,137,137,0.0,1,27.400000000000002,699.0,349.5,0,High Demand
Pq Chandigarh-Thiruvananthapuram North,Rail,240.0,240,240,0.0,1,30.0,3415.0,1707.5,0,High Demand
Pq Chengalpattu Jn-Kacheguda,Rail,429.0,429,429,0.0,1,85.8,829.0,414.5,0,High Demand
Pq Chennai Egmore-Mangalore Central,Rail,152.0,152,152,0.0,1,30.4,983.0,491.5,0,High Demand
Pq Chhapra-Durg,Rail,306.0,306,306,0.0,1,38.25,1080.0,540.0,0,High Demand
Pq Coimbatore Jn-Hisar,Rail,155.0,155,155,0.0,1,19.375,3086.0,1543.0,0,High Demand
Pq Cuddapah-Visakhapatnam,Rail,447.0,447,447,0.0,1,89.4,871.0,435.5,0,High Demand
Pq Dadar-Mysore Jn,Rail,216.0,216,216,0.0,1,27.0,1212.0,606.0,0,High Demand
Pq Dadar-Pondicherry,Rail,448.0,448,448,0.0,1,56.00000000000001,1642.0,821.0,0,High Demand
Pq Dadar-Tirunelveli,Rail,250.0,250,250,0.0,1,31.25,1811.0,905.5,0,High Demand
Pq Danapur-Secunderabad Jn,Rail,284.0,284,284,0.0,1,35.5,1830.0,915.0,0,High Demand
Pq Darbhanga Jn-Ahmedabad Jn,Rail,152.0,152,152,0.0,1,19.0,1936.0,968.0,0,High Demand
Pq Darbhanga Jn-New Delhi,Rail,398.0,398,398,0.0,1,49.75,1174.0,587.0,0,High Demand
Pq Darbhanga Jn-Pune Jn,Rail,175.0,175,175,0.0,1,21.875,1942.0,971.0,0,High Demand
Pq Delhi-Kamakhya,Rail,432.0,432,432,0.0,1,54.0,2026.0,1013.0,0,High Demand
Pq Dhanbad Jn-C Sahumaharaj T Kolhapur,Rail,375.0,375,375,0.0,1,46.875,2584.0,1292.0,0,High Demand
Pq Dhanbad Jn-Firozpur Cantt Jn,Rail,381.0,381,381,0.0,1,47.625,1599.0,799.5,0,High Demand
Pq Dharmanagar-Agartala,Rail,75.0,75,75,0.0,1,37.5,139.0,69.5,0,High Demand
Pq Dibrugarh-Silchar,Rail,271.0,271,271,0.0,1,54.2,525.0,262.5,0,High Demand
Pq Dr Ambedkar Ngr (Mhow-Prayagraj Jn,Rail,258.0,258,258,0.0,1,51.6,950.0,475.0,0,High Demand
Pq Durg-Ajmer Jn,Rail,288.0,412,164,175.36248173426378,2,36.0,1400.0,700.0,0,High Demand
Pq Durg-Bhopal  Jn,Rail,178.0,178,178,0.0,1,35.6,898.0,449.0,0,High Demand
Pq Durg-Hazrat Nizamuddin,Rail,391.0,461,321,98.99494936611666,2,48.875,1276.5,638.25,0,High Demand
Pq Durg-Kanpur Central,Rail,297.0,297,297,0.0,1,59.4,886.0,443.0,0,High Demand
Pq Durg-Mtyr C Tushar M,Rail,228.5,237,220,12.020815280171307,2,28.5625,1917.5,958.75,0,High Demand
Pq Durg-Nautanwa,Rail,421.0,421,421,0.0,1,52.625,1202.0,601.0,0,High Demand
Pq Ekta Nagar-Mgr Chennai Ctr,Rail,408.0,408,408,0.0,1,51.0,1710.0,855.0,0,High Demand
Pq Ekta Nagar-Varanasi Jn,Rail,471.0,471,471,0.0,1,58.875,1615.0,807.5,0,High Demand
Pq Ernakulam Jn-Banaswadi,Rail,239.0,239,239,0.0,1,47.8,617.0,308.5,0,High Demand
Pq Ernakulam Jn-Bilaspur Jn,Rail,221.0,221,221,0.0,1,27.625,2155.0,1077.5,0,High Demand
Pq Ernakulam Jn-Hatia,Rail,466.0,466,466,0.0,1,58.25,2254.0,1127.0,0,High Demand
Pq Ernakulam Jn-Patna Jn,Rail,329.0,329,329,0.0,1,41.125,2787.0,1393.5,0,High Demand
Pq Ernakulam Jn-Smvt Bengaluru,Rail,330.0,330,330,0.0,1,66.0,616.0,308.0,0,High Demand
Pq Gandhidham Jn-Howrah Jn,Rail,461.0,461,461,0.0,1,57.62500000000001,2511.0,1255.5,0,High Demand
Pq Gandhidham Jn-Khurda Road Jn,Rail,395.0,395,395,0.0,1,49.375,2241.0,1120.5,0,High Demand
Pq Gandhidham Jn-Ksr Bengaluru,Rail,339.0,339,339,0.0,1,42.375,1961.0,980.5,0,High Demand
Pq Gandhidham Jn-Shmata Vd Katra,Rail,160.0,160,160,0.0,1,20.0,2035.0,1017.5,0,High Demand
Pq Gandhidham Jn-Tirunelveli,Rail,239.0,241,237,2.8284271247461903,2,29.875,2707.5,1353.75,0,High Demand
Pq Gandhinagar Capital-Mumbai Central,Rail,158.0,158,158,0.0,1,31.6,521.0,260.5,0,High Demand
Pq Gaya Jn-Mgr Chennai Ctr,Rail,218.0,218,218,0.0,1,27.250000000000004,2073.0,1036.5,0,High Demand
Pq Gorakhpur-Bandra Terminus,Rail,233.0,233,233,0.0,1,29.125,1977.0,988.5,0,High Demand
Pq Gorakhpur-Jammu Tawi,Rail,377.0,377,377,0.0,1,47.125,1248.0,624.0,0,High Demand
Pq Gorakhpur-Ranchi,Rail,298.0,298,298,0.0,1,59.599999999999994,788.0,394.0,0,High Demand
Pq Guwahati-Bikaner Jn,Rail,222.0,222,222,0.0,1,27.750000000000004,2332.0,1166.0,0,High Demand
Pq Guwahati-Dibrugarh,Rail,426.0,426,426,0.0,1,85.2,506.0,253.0,0,High Demand
Pq Guwahati-Kolkata,Rail,558.0,558,558,0.0,1,69.75,1027.0,513.5,0,High Demand
Pq Guwahati-Murkeongselek,Rail,326.0,326,326,0.0,1,65.2,498.0,249.0,0,High Demand
Pq Guwahati-Naharlagun,Rail,237.0,237,237,0.0,1,100.0,333.0,166.5,0,High Demand
Pq Gwalior Jn-Balrampur,Rail,191.0,191,191,0.0,1,38.2,952.0,476.0,0,High Demand
Pq Hadapsar (Pune-Jodhpur Jn,Rail,440.0,440,440,0.0,1,55.00000000000001,1096.0,548.0,0,High Demand
Pq Hadapsar (Pune-Muzaffarpur Jn,Rail,446.0,446,446,0.0,1,55.75,1822.0,911.0,0,High Demand
Pq Haldibari-Kolkata,Rail,410.0,410,410,0.0,1,82.0,620.0,310.0,0,High Demand
Pq Hapa-Shmata Vd Katra,Rail,425.0,425,425,0.0,1,53.125,2058.0,1029.0,0,High Demand
Pq Hatia-Smvt Bengaluru,Rail,344.0,344,344,0.0,1,43.0,1886.0,943.0,0,High Demand
Pq Hazrat Nizamuddin-Bandra Terminus,Rail,339.0,339,339,0.0,1,42.375,1366.0,683.0,0,High Demand
Pq Hazrat Nizamuddin-C Shivaji Maharaj T,Rail,667.0,667,667,0.0,1,83.375,1536.0,768.0,0,High Demand
Pq Hazrat Nizamuddin-Dadar Wr,Rail,569.0,569,569,0.0,1,71.125,1371.0,685.5,0,High Demand
Pq Hazrat Nizamuddin-Ksr Bengaluru,Rail,437.5,488,387,71.4177848998413,2,54.6875,2329.5,1164.75,0,High Demand
Pq Hazrat Nizamuddin-Madgaon,Rail,286.0,286,286,0.0,1,35.75,2094.0,1047.0,0,High Demand
Pq Hazrat Nizamuddin-Mumbai Central,Rail,182.0,182,182,0.0,1,22.75,1377.0,688.5,0,High Demand
Pq Hazrat Nizamuddin-Thiruvananthapuram Central,Rail,569.0,569,569,0.0,1,71.125,3149.0,1574.5,0,High Demand
Pq Hazrat Nizamuddin-Yasvantpur Jn,Rail,309.0,309,309,0.0,1,38.625,2605.0,1302.5,0,High Demand
Pq Howrah Jn-Agra Cantt,Rail,292.0,292,292,0.0,1,36.5,1403.0,701.5,0,High Demand
Pq Howrah Jn-Barmer,Rail,469.0,469,469,0.0,1,58.62500000000001,2266.0,1133.0,0,High Demand
Pq Howrah Jn-Bikaner Jn,Rail,364.0,364,364,0.0,1,45.5,1882.0,941.0,0,High Demand
Pq Howrah Jn-C Shivaji Maharaj T,Rail,372.0,442,302,98.99494936611666,2,46.5,1968.0,984.0,0,High Demand
Pq Howrah Jn-Dehradun,Rail,269.0,292,246,32.526911934581186,2,33.625,1587.0,793.5,0,High Demand
Pq Howrah Jn-Gandhidham Jn,Rail,467.0,467,467,0.0,1,58.375,2511.0,1255.5,0,High Demand
Pq Howrah Jn-Guwahati,Rail,129.0,129,129,0.0,1,16.125,1020.0,510.0,0,High Demand
Pq Howrah Jn-Indore Jn Bg,Rail,339.0,339,339,0.0,1,42.375,1734.0,867.0,0,High Demand
Pq Howrah Jn-Jodhpur Jn,Rail,414.0,414,414,0.0,1,51.74999999999999,1815.0,907.5,0,High Demand
Pq Howrah Jn-Lal Kuan,Rail,431.0,431,431,0.0,1,53.87499999999999,1298.0,649.0,0,High Demand
Pq Howrah Jn-Tirupati,Rail,215.0,215,215,0.0,1,26.875,1617.0,808.5,0,High Demand
Pq Indore Jn Bg-Asarva Jn (Ahmedabad,Rail,322.0,322,322,0.0,1,64.4,774.0,387.0,0,High Demand
Pq Indore Jn Bg-Bhagat Ki Kothi (Jodhpur,Rail,425.0,425,425,0.0,1,85.0,915.0,457.5,0,High Demand
Pq Indore Jn Bg-Bikaner Jn,Rail,132.0,132,132,0.0,1,26.400000000000002,961.0,480.5,0,High Demand
Pq Indore Jn Bg-Charlapalli (Secunderabad,Rail,338.0,338,338,0.0,1,42.25,1578.0,789.0,0,High Demand
Pq Indore Jn Bg-Jodhpur Jn,Rail,130.0,130,130,0.0,1,26.0,737.0,368.5,0,High Demand
Pq Indore Jn Bg-Puri,Rail,510.0,510,510,0.0,1,63.74999999999999,1601.0,800.5,0,High Demand
Pq Indore Jn Bg-Thiruvananthapuram North,Rail,443.0,443,443,0.0,1,55.375,2644.0,1322.0,0,High Demand
Pq Indore Jn Bg-Varanasi Jn,Rail,335.0,454,216,168.2914139223983,2,41.875,1111.0,555.5,0,High Demand
Pq Islampur-New Delhi,Rail,261.0,261,261,0.0,1,32.625,1065.0,532.5,0,High Demand
Pq Jabalpur-Kota Jn,Rail,281.0,281,281,0.0,1,56.2,655.0,327.5,0,High Demand
Pq Jabalpur-Rewa,Rail,90.0,90,90,0.0,1,45.0,239.0,119.5,0,High Demand
Pq Jaipur-Mumbai Central,Rail,272.0,272,272,0.0,1,34.0,1159.0,579.5,0,High Demand
Pq Jammu Tawi-Delhi S Rohilla,Rail,542.0,542,542,0.0,1,100.0,578.0,289.0,0,High Demand
Pq Jammu Tawi-New Delhi,Rail,367.0,367,367,0.0,1,73.4,577.0,288.5,0,High Demand
Pq Jamnagar-Bandra Terminus,Rail,403.0,403,403,0.0,1,80.60000000000001,812.0,406.0,0,High Demand
Pq Jamnagar-Shmata Vd Katra,Rail,391.0,391,391,0.0,1,48.875,2067.0,1033.5,0,High Demand
Pq Jamnagar-Tirunelveli,Rail,407.0,407,407,0.0,1,50.875,2735.0,1367.5,0,High Demand
Pq Jasidih Jn-Smvt Bengaluru,Rail,366.0,366,366,0.0,1,45.75,2310.0,1155.0,0,High Demand
Pq Jaynagar-Anand Vihar Terminal,Rail,316.5,381,252,91.21677477306463,2,39.5625,1252.0,626.0,0,High Demand
Pq Jaynagar-Lokmanyatilak,Rail,135.0,135,135,0.0,1,16.875,1948.0,974.0,0,High Demand
Pq Jaynagar-New Delhi,Rail,301.0,301,301,0.0,1,37.625,1236.0,618.0,0,High Demand
Pq Jaynagar-Puri,Rail,338.0,338,338,0.0,1,42.25,1004.0,502.0,0,High Demand
Pq Jodhpur Jn-Bandra Terminus,Rail,382.0,382,382,0.0,1,76.4,936.0,468.0,0,High Demand
Pq Jodhpur Jn-Mannargudi,Rail,264.0,264,264,0.0,1,33.0,2859.0,1429.5,0,High Demand
Pq Jodhpur Jn-Puri,Rail,504.0,504,504,0.0,1,63.0,2433.0,1216.5,0,High Demand
Pq Jodhpur Jn-Tiruchchirappalli Jn,Rail,475.0,475,475,0.0,1,59.375,2814.0,1407.0,0,High Demand
Pq Jogbani-Siliguru Town,Rail,280.0,280,280,0.0,1,100.0,314.0,157.0,0,High Demand
Pq Kakinada Port-Lokmanyatilak,Rail,501.0,501,501,0.0,1,62.625,1299.0,649.5,0,High Demand
Pq Kamakhya-Anand Vihar Terminal,Rail,446.0,446,446,0.0,1,55.75,1856.0,928.0,0,High Demand
Pq Kamakhya-Gomtinagar (Lucknow,Rail,443.0,443,443,0.0,1,55.375,1406.0,703.0,0,High Demand
Pq Kamakhya-Lokmanyatilak,Rail,317.0,317,317,0.0,1,39.625,2932.0,1466.0,0,High Demand
Pq Kamakhya-Ranchi,Rail,217.0,217,217,0.0,1,27.125,1215.0,607.5,0,High Demand
Pq Kanniyakumari-Banaras,Rail,154.0,154,154,0.0,1,19.25,2768.0,1384.0,0,High Demand
Pq Kanniyakumari-Howrah Jn,Rail,432.0,432,432,0.0,1,54.0,2408.0,1204.0,0,High Demand
Pq Kanniyakumari-Pune Jn,Rail,475.0,475,475,0.0,1,59.375,1945.0,972.5,0,High Demand
Pq Kanpur Central-Amritsar Jn,Rail,261.0,261,261,0.0,1,52.2,898.0,449.0,0,High Demand
Pq Kanpur Central-Durg,Rail,238.0,238,238,0.0,1,47.599999999999994,884.0,442.0,0,High Demand
Pq Kanpur Central-Valsad,Rail,143.0,143,143,0.0,1,17.875,1305.0,652.5,0,High Demand
Pq Katihar Jn-Tatanagar Jn,Rail,225.0,225,225,0.0,1,45.0,592.0,296.0,0,High Demand
Pq Khajuraho-Indore Jn Bg,Rail,183.0,183,183,0.0,1,36.6,630.0,315.0,0,High Demand
Pq Khongsang-Agartala,Rail,255.0,255,255,0.0,1,100.0,348.0,174.0,0,High Demand
Pq Kolkata-Gorakhpur,Rail,265.0,265,265,0.0,1,53.0,859.0,429.5,0,High Demand
Pq Kolkata-Gwalior Jn,Rail,466.0,466,466,0.0,1,58.25,1535.0,767.5,0,High Demand
Pq Kolkata-Nangal Dam,Rail,178.0,178,178,0.0,1,22.25,1803.0,901.5,0,High Demand
Pq Kolkata-Udaipur City,Rail,190.0,190,190,0.0,1,23.75,2130.0,1065.0,0,High Demand
Pq Kollam Jn-Chennai Egmore,Rail,332.5,380,285,67.17514421272202,2,66.5,862.0,431.0,0,High Demand
Pq Korba-Thiruvananthapuram North,Rail,388.0,388,388,0.0,1,48.5,2511.0,1255.5,0,High Demand
Pq Korba-Yasvantpur Jn,Rail,397.0,397,397,0.0,1,49.625,1607.0,803.5,0,High Demand
Pq Kota Jn-Jabalpur,Rail,386.0,386,386,0.0,1,77.2,655.0,327.5,0,High Demand
Pq Kota Jn-Patna Jn,Rail,399.0,399,399,0.0,1,49.875,1283.0,641.5,0,High Demand
Pq Kota Jn-Shmata Vd Katra,Rail,289.0,289,289,0.0,1,36.125,1136.0,568.0,0,High Demand
Pq Ksr Bengaluru-Hazrat Nizamuddin,Rail,641.0,641,641,0.0,1,80.125,2294.0,1147.0,0,High Demand
Pq Lokmanyatilak-Agartala,Rail,367.0,483,251,164.04877323527901,2,45.875,3148.0,1574.0,0,High Demand
Pq Lokmanyatilak-Agra Cantt,Rail,458.0,458,458,0.0,1,57.25,1340.0,670.0,0,High Demand
Pq Lokmanyatilak-Ayodhya Cantt,Rail,359.0,475,243,164.04877323527901,2,44.875,1589.5,794.75,0,High Demand
Pq Lokmanyatilak-Banaras,Rail,164.0,164,164,0.0,1,20.5,1499.0,749.5,0,High Demand
Pq Lokmanyatilak-Bareilly,Rail,144.0,144,144,0.0,1,18.0,1606.0,803.0,0,High Demand
Pq Lokmanyatilak-Bhatni Jn,Rail,556.0,556,556,0.0,1,69.5,1765.0,882.5,0,High Demand
Pq Lokmanyatilak-Chhapra,Rail,325.0,325,325,0.0,1,40.625,1772.0,886.0,0,High Demand
Pq Lokmanyatilak-Coimbatore Jn,Rail,147.0,147,147,0.0,1,18.375,1501.0,750.5,0,High Demand
Pq Lokmanyatilak-Gaya Jn,Rail,330.0,330,330,0.0,1,41.25,1999.0,999.5,0,High Demand
Pq Lokmanyatilak-Gonda Jn,Rail,134.0,134,134,0.0,1,16.75,1887.0,943.5,0,High Demand
Pq Lokmanyatilak-Gorakhpur,Rail,427.3333333333333,512,286,123.19632029136802,3,53.416666666666664,1759.3333333333333,879.6666666666666,0,High Demand
Pq Lokmanyatilak-Guwahati,Rail,336.0,336,336,0.0,1,42.0,2735.0,1367.5,0,High Demand
Pq Lokmanyatilak-Haridwar Jn,Rail,203.0,203,203,0.0,1,25.374999999999996,1778.0,889.0,0,High Demand
Pq Lokmanyatilak-Hatia,Rail,130.0,130,130,0.0,1,16.25,1706.0,853.0,0,High Demand
Pq Lokmanyatilak-Jaynagar,Rail,454.0,454,454,0.0,1,56.75,1948.0,974.0,0,High Demand
Pq Lokmanyatilak-Kakinada Port,Rail,152.0,152,152,0.0,1,19.0,1299.0,649.5,0,High Demand
Pq Lokmanyatilak-Khurda Road Jn,Rail,439.0,439,439,0.0,1,54.87499999999999,1839.0,919.5,0,High Demand
Pq Lokmanyatilak-Lucknow,Rail,383.0,383,383,0.0,1,47.875,1420.0,710.0,0,High Demand
Pq Lokmanyatilak-Madurai Jn,Rail,246.0,343,149,137.17871555019022,2,30.75,1709.0,854.5,0,High Demand
Pq Lokmanyatilak-Mau Jn,Rail,273.0,273,273,0.0,1,34.125,1594.0,797.0,0,High Demand
Pq Lokmanyatilak-Mgr Chennai Ctr,Rail,200.5,259,142,82.73149339882606,2,25.0625,1268.0,634.0,0,High Demand
Pq Lokmanyatilak-Patliputra,Rail,452.0,452,452,0.0,1,56.49999999999999,1691.0,845.5,0,High Demand
Pq Lokmanyatilak-Prayagraj Jn,Rail,503.0,503,503,0.0,1,62.875,1348.0,674.0,0,High Demand
Pq Lokmanyatilak-Secunderabad Jn,Rail,560.0,560,560,0.0,1,100.0,773.0,386.5,0,High Demand
Pq Lokmanyatilak-Shalimar,Rail,299.5,368,231,96.87362902255701,2,37.4375,2014.5,1007.25,0,High Demand
Pq Lokmanyatilak-Sitapur Jn,Rail,409.0,409,409,0.0,1,51.125,1505.0,752.5,0,High Demand
Pq Lokmanyatilak-Visakhapatnam,Rail,388.0,388,388,0.0,1,48.5,1504.0,752.0,0,High Demand
Pq Madgaon-C Shivaji Maharaj T,Rail,357.0,357,357,0.0,1,71.39999999999999,765.0,382.5,0,High Demand
Pq Madgaon-Hapa,Rail,424.0,424,424,0.0,1,53.0,1531.0,765.5,0,High Demand
Pq Madgaon-Hazrat Nizamuddin,Rail,497.0,497,497,0.0,1,62.125,2094.0,1047.0,0,High Demand
Pq Madurai Jn-Bikaner Jn,Rail,550.0,550,550,0.0,1,68.75,3071.0,1535.5,0,High Demand
Pq Madurai Jn-Kacheguda,Rail,398.0,398,398,0.0,1,49.75,1293.0,646.5,0,High Demand
Pq Malda Town-Smvt Bengaluru,Rail,168.0,168,168,0.0,1,21.0,2264.0,1132.0,0,High Demand
Pq Malda Town-Surat,Rail,416.0,416,416,0.0,1,52.0,2126.0,1063.0,0,High Demand
Pq Mandsor-Meerut City Jn,Rail,397.0,397,397,0.0,1,79.4,804.0,402.0,0,High Demand
Pq Manduadih-New Delhi,Rail,181.0,181,181,0.0,1,36.199999999999996,797.0,398.5,0,High Demand
Pq Mangalore Central-Chennai Egmore,Rail,444.0,444,444,0.0,1,88.8,983.0,491.5,0,High Demand
Pq Mangalore Central-Mgr Chennai Ctr,Rail,311.0,314,308,4.242640687119285,2,62.2,889.0,444.5,0,High Demand
Pq Mgr Chennai Ctr-Chhapra,Rail,347.0,347,347,0.0,1,43.375,2341.0,1170.5,0,High Demand
Pq Mgr Chennai Ctr-Gaya Jn,Rail,464.0,464,464,0.0,1,57.99999999999999,2073.0,1036.5,0,High Demand
Pq Mgr Chennai Ctr-Hazrat Nizamuddin,Rail,560.0,560,560,0.0,1,70.0,2180.0,1090.0,0,High Demand
Pq Mgr Chennai Ctr-Lokmanyatilak,Rail,561.0,561,561,0.0,1,70.125,1268.0,634.0,0,High Demand
Pq Mgr Chennai Ctr-Mangalore Central,Rail,328.0,328,328,0.0,1,65.60000000000001,902.0,451.0,0,High Demand
Pq Mgr Chennai Ctr-New Delhi,Rail,230.0,230,230,0.0,1,28.749999999999996,2188.0,1094.0,0,High Demand
Pq Mumbai Central-Ahmedabad Jn,Rail,270.6666666666667,382,201,97.42860633989041,3,54.13333333333333,491.0,245.5,0,High Demand
Pq Mumbai Central-Gandhinagar Capital,Rail,271.0,271,271,0.0,1,54.2,521.0,260.5,0,High Demand
Pq Mumbai Central-Hazrat Nizamuddin,Rail,371.0,540,202,239.00209204105306,2,46.375,1377.0,688.5,0,High Demand
Pq Mumbai Central-Indore Jn Bg,Rail,369.0,369,369,0.0,1,73.8,829.0,414.5,0,High Demand
Pq Mumbai Central-Jaipur,Rail,397.0,397,397,0.0,1,49.625,1159.0,579.5,0,High Demand
Pq Mumbai Central-New Delhi,Rail,221.0,221,221,0.0,1,27.625,1384.0,692.0,0,High Demand
Pq Nagarcoil Jn-Lokmanyatilak,Rail,221.0,233,209,16.97056274847714,2,27.625,1903.5,951.75,0,High Demand
Pq Nagpur-Ahmedabad Jn,Rail,228.0,228,228,0.0,1,45.6,957.0,478.5,0,High Demand
Pq Naharlagun-Sukhovi,Rail,144.0,144,144,0.0,1,28.799999999999997,579.0,289.5,0,High Demand
Pq Nautanwa-Durg,Rail,353.5,383,324,41.71930009000631,2,44.1875,1176.5,588.25,0,High Demand
Pq New Delhi-Banaras,Rail,393.0,393,393,0.0,1,78.60000000000001,797.0,398.5,0,High Demand
Pq New Delhi-Bhubaneswar,Rail,333.3333333333333,466,202,132.0050504084345,3,41.666666666666664,1813.3333333333333,906.6666666666666,0,High Demand
Pq New Delhi-Bilaspur Jn,Rail,371.0,371,371,0.0,1,46.375,1502.0,751.0,0,High Demand
Pq New Delhi-Darbhanga Jn,Rail,210.0,210,210,0.0,1,26.25,1172.0,586.0,0,High Demand
Pq New Delhi-Dibrugarh,Rail,675.0,675,675,0.0,1,84.375,2434.0,1217.0,0,High Demand
Pq New Delhi-Howrah Jn,Rail,371.0,493,213,143.42942515397598,3,46.375,1503.6666666666667,751.8333333333334,0,High Demand
Pq New Delhi-Hyderabad Decan,Rail,285.0,285,285,0.0,1,35.625,1677.0,838.5,0,High Demand
Pq New Delhi-Jammu Tawi,Rail,488.0,488,488,0.0,1,97.6,576.0,288.0,0,High Demand
Pq New Delhi-Mumbai Central,Rail,507.0,507,507,0.0,1,63.375,1384.0,692.0,0,High Demand
Pq New Delhi-Rajendranagar T,Rail,131.0,133,129,2.8284271247461903,2,16.375,1003.0,501.5,0,High Demand
Pq New Delhi-Ranchi,Rail,504.6666666666667,596,373,116.84319977359974,3,63.083333333333336,1267.3333333333333,633.6666666666666,0,High Demand
Pq New Delhi-Sabarmati Bg,Rail,614.0,614,614,0.0,1,100.0,929.0,464.5,0,High Demand
Pq New Delhi-Sealdah,Rail,146.0,146,146,0.0,1,18.25,1454.0,727.0,0,High Demand
Pq New Jalpaiguri-Anand Vihar Terminal,Rail,334.0,334,334,0.0,1,41.75,1488.0,744.0,0,High Demand
Pq New Tinsukia-Silchar,Rail,244.0,244,244,0.0,1,48.8,566.0,283.0,0,High Demand
Pq Palakkad-Mgr Chennai Ctr,Rail,107.0,107,107,0.0,1,21.4,672.0,336.0,0,High Demand
Pq Panvel-Gorakhpur,Rail,344.0,344,344,0.0,1,43.0,1756.0,878.0,0,High Demand
Pq Patliputra-Chandigarh,Rail,323.3333333333333,415,175,129.6469565139627,3,40.416666666666664,1167.6666666666667,583.8333333333334,0,High Demand
Pq Patna Jn-Ernakulam Jn,Rail,427.0,491,305,105.69768209379049,3,53.375,2940.6666666666665,1470.3333333333333,0,High Demand
Pq Patna Jn-Puri,Rail,356.0,356,356,0.0,1,71.2,931.0,465.5,0,High Demand
Pq Patna Jn-Purna Jn,Rail,136.0,136,136,0.0,1,17.0,1816.0,908.0,0,High Demand
Pq Patna Jn-Vasco Da Gama,Rail,295.0,295,295,0.0,1,36.875,2418.0,1209.0,0,High Demand
Pq Pondicherry-Howrah Jn,Rail,530.0,530,530,0.0,1,66.25,1920.0,960.0,0,High Demand
Pq Pune Jn-Banaras,Rail,169.0,169,169,0.0,1,21.125,1531.0,765.5,0,High Demand
Pq Pune Jn-Bhubaneswar,Rail,508.0,508,508,0.0,1,63.5,1702.0,851.0,0,High Demand
Pq Pune Jn-Bilaspur Jn,Rail,268.0,268,268,0.0,1,33.5,1297.0,648.5,0,High Demand
Pq Pune Jn-Ernakulam Jn,Rail,338.0,338,338,0.0,1,42.25,1663.0,831.5,0,High Demand
Pq Pune Jn-Hazrat Nizamuddin,Rail,541.0,541,541,0.0,1,67.625,1520.0,760.0,0,High Demand
Pq Pune Jn-Jammu Tawi,Rail,439.0,439,439,0.0,1,54.87499999999999,2174.0,1087.0,0,High Demand
Pq Pune Jn-Santragachi Jn,Rail,155.0,155,155,0.0,1,19.375,2064.0,1032.0,0,High Demand
Pq Radhikapur-Anand Vihar Terminal,Rail,423.0,423,423,0.0,1,52.87500000000001,1420.0,710.0,0,High Demand
Pq Rajgir-Lokmanyatilak,Rail,470.0,470,470,0.0,1,58.75,1793.0,896.5,0,High Demand
Pq Rameswaram-Chennai Egmore,Rail,357.0,357,357,0.0,1,71.39999999999999,665.0,332.5,0,High Demand
Pq Rameswaram-Tambaram,Rail,278.0,278,278,0.0,1,55.60000000000001,640.0,320.0,0,High Demand
Pq Ranchi-New Delhi,Rail,365.0,365,365,0.0,1,45.625,1307.0,653.5,0,High Demand
Pq Ratlam Jn-Bhind,Rail,298.0,298,298,0.0,1,59.599999999999994,763.0,381.5,0,High Demand
Pq Ratlam Jn-Gwalior Jn,Rail,108.0,108,108,0.0,1,21.6,681.0,340.5,0,High Demand
Pq Ratlam Jn-Virangana Lakshmibai(Jhanshi,Rail,189.0,189,189,0.0,1,37.8,778.0,389.0,0,High Demand
Pq Rewa-Chirmiri,Rail,378.0,378,378,0.0,1,75.6,401.0,200.5,0,High Demand
Pq Rewa-Jabalpur,Rail,138.0,138,138,0.0,1,69.0,239.0,119.5,0,High Demand
Pq Rourkela-Jagdalpur,Rail,327.0,327,327,0.0,1,65.4,750.0,375.0,0,High Demand
Pq Sabarmati Bg-Firozpur Cantt Jn,Rail,180.0,180,180,0.0,1,22.5,1160.0,580.0,0,High Demand
Pq Sabarmati Bg-Lucknow,Rail,427.0,427,427,0.0,1,53.37499999999999,1301.0,650.5,0,High Demand
Pq Sabarmati Bg-Thawe Jn,Rail,507.0,507,507,0.0,1,63.375,1704.0,852.0,0,High Demand
Pq Sabarmati Bg-Varanasi Jn,Rail,481.0,481,481,0.0,1,60.12499999999999,1697.0,848.5,0,High Demand
Pq Saharsa Jn-Amritsar Jn,Rail,332.0,332,332,0.0,1,41.5,1716.0,858.0,0,High Demand
Pq Sainagar Shirdi-Howrah Jn,Rail,362.0,362,362,0.0,1,45.25,1792.0,896.0,0,High Demand
Pq Santragachi Jn-Ajmer Jn,Rail,131.0,131,131,0.0,1,16.375,1991.0,995.5,0,High Demand
Pq Santragachi Jn-Anand Vihar Terminal,Rail,454.0,454,454,0.0,1,56.75,1572.0,786.0,0,High Demand
Pq Santragachi Jn-Pune Jn,Rail,515.0,515,515,0.0,1,64.375,2063.0,1031.5,0,High Demand
Pq Sealdah-Alipur Duar Jn,Rail,148.0,148,148,0.0,1,29.599999999999998,748.0,374.0,0,High Demand
Pq Sealdah-Anand Vihar Terminal,Rail,235.0,235,235,0.0,1,29.375,1440.0,720.0,0,High Demand
Pq Sealdah-Jammu Tawi,Rail,422.0,422,422,0.0,1,52.75,1945.0,972.5,0,High Demand
Pq Secunderabad Jn-Bhubaneswar New,Rail,325.0,325,325,0.0,1,40.625,1147.0,573.5,0,High Demand
Pq Shalimar-Visakhapatnam,Rail,382.0,382,382,0.0,1,76.4,880.0,440.0,0,High Demand
Pq Shmata Vd Katra-Bandra Terminus,Rail,296.0,296,296,0.0,1,37.0,2028.0,1014.0,0,High Demand
Pq Shri Ganganagar-H Sahib Nanded,Rail,207.0,207,207,0.0,1,25.874999999999996,1991.0,995.5,0,High Demand
Pq Shri Ganganagar-Jhalawar City,Rail,142.0,142,142,0.0,1,17.75,1038.0,519.0,0,High Demand
Pq Silchar-Dibrugarh,Rail,167.0,167,167,0.0,1,33.4,525.0,262.5,0,High Demand
Pq Silghat Town-Tambaram,Rail,310.0,310,310,0.0,1,38.75,2964.0,1482.0,0,High Demand
Pq Tatanagar Jn-Ernakulam Jn,Rail,265.0,265,265,0.0,1,33.125,2297.0,1148.5,0,High Demand
Pq Tatanagar Jn-Jammu Tawi,Rail,223.0,223,223,0.0,1,27.875,2072.0,1036.0,0,High Demand
Pq Tatanagar Jn-Yasvantpur Jn,Rail,134.0,134,134,0.0,1,16.75,2439.0,1219.5,0,High Demand
Pq Thiruvananthapuram Central-Secunderabad Jn,Rail,165.0,199,131,48.08326112068523,2,20.625,1558.0,779.0,0,High Demand
Pq Thiruvananthapuram North-Hubballi Jn,Rail,403.0,403,403,0.0,1,50.375,1305.0,652.5,0,High Demand
Pq Thiruvananthapuram North-Lokmanyatilak,Rail,307.0,307,307,0.0,1,38.375,1808.0,904.0,0,High Demand
Pq Tirunelveli-Bilaspur Jn,Rail,519.0,519,519,0.0,1,64.875,2505.0,1252.5,0,High Demand
Pq Udhna Jn (Surat-Banaras,Rail,327.0,327,327,0.0,1,40.875,1545.0,772.5,0,High Demand
Pq Udhna Jn (Surat-Danapur,Rail,167.0,167,167,0.0,1,20.875,1594.0,797.0,0,High Demand
Pq Veraval-Indore Jn Bg,Rail,134.0,134,134,0.0,1,26.8,938.0,469.0,0,High Demand
Pq Veraval-Pune Jn,Rail,237.0,237,237,0.0,1,29.625,1066.0,533.0,0,High Demand
Pq Yasvantpur Jn-Hazrat Nizamuddin,Rail,154.0,154,154,0.0,1,19.25,2612.0,1306.0,0,High Demand
Pq Yasvantpur Jn-Howrah Jn,Rail,376.0,376,376,0.0,1,47.0,1915.0,957.5,0,High Demand
Pratap Nagar-Alirajpur,Rail,137.5,163,112,36.062445840513924,2,68.75,148.0,74.0,0,High Demand
Pratap Nagar-Chhota Udepur,Rail,85.5,126,45,57.27564927611035,2,42.75,99.0,49.5,0,High Demand
Pratap Nagar-Ekta Nagar,Rail,88.33333333333333,144,56,48.41831609353358,3,44.166666666666664,77.0,38.5,0,High Demand
Pratap Nagar-Jambusar Jn,Rail,102.0,129,75,38.18376618407357,2,51.0,51.0,30.0,0,High Demand
Pratap Nagar-Jobat,Rail,180.0,180,180,0.0,1,90.0,172.0,86.0,0,High Demand
Prayagraj Jn-Ahmedabad Jn,Rail,255.0,255,255,0.0,1,31.874999999999996,1483.0,741.5,0,High Demand
Prayagraj Jn-Anand Vihar Terminal,Rail,344.0,344,344,0.0,1,68.8,623.0,311.5,0,High Demand
Prayagraj Jn-Bhiwani,Rail,339.0,360,318,29.698484809834994,2,67.8,800.0,400.0,0,High Demand
Prayagraj Jn-Chopan,Rail,272.5,338,207,92.63098833543772,2,100.0,224.0,112.0,0,High Demand
Prayagraj Jn-Dr Ambedkar Ngr (Mhow,Rail,375.0,375,375,0.0,1,75.0,950.0,475.0,0,High Demand
Prayagraj Jn-Gorakhpur,Rail,379.0,379,379,0.0,1,75.8,500.0,250.0,0,High Demand
Prayagraj Jn-Gwalior Jn,Rail,380.0,380,380,0.0,1,76.0,489.0,244.5,0,High Demand
Prayagraj Jn-Jhansi Jn,Rail,117.0,117,117,0.0,1,58.5,398.0,199.0,0,High Demand
Prayagraj Jn-Lalgarh Jn,Rail,324.5,369,280,62.932503525602726,2,40.5625,1253.5,626.75,0,High Demand
Prayagraj Jn-Lokmanyatilak,Rail,523.0,523,523,0.0,1,65.375,1348.0,674.0,0,High Demand
Prayagraj Jn-Muzaffarpur Jn,Rail,124.5,141,108,23.33452377915607,2,24.9,665.0,332.5,0,High Demand
Prayagraj Jn-New Delhi,Rail,260.0,363,157,145.6639969244288,2,52.0,636.0,318.0,0,High Demand
Prayagrajcheoki-Itarsi Jn,Rail,250.33333333333334,412,145,142.13491243650637,3,50.06666666666666,603.3333333333334,301.6666666666667,0,High Demand
Prayagrajrambag-Ballia,Rail,206.0,206,206,0.0,1,100.0,262.0,131.0,0,High Demand
Prayagrajrambag-Banaras,Rail,173.5,216,131,60.10407640085654,2,82.75,118.0,59.0,0,High Demand
Prayagrajrambag-Howrah Jn,Rail,347.5,363,332,21.920310216782973,2,69.5,882.0,441.0,0,High Demand
Prayagrajrambag-Mau Jn,Rail,62.0,62,62,0.0,1,31.0,215.0,107.5,0,High Demand
Prayagrajsangam-Ayodhya Cantt,Rail,85.0,85,85,0.0,1,42.5,153.0,76.5,0,High Demand
Prayagrajsangam-Bareilly,Rail,222.5,231,214,12.020815280171307,2,44.5,432.0,216.0,0,High Demand
Prayagrajsangam-Basti,Rail,150.0,150,150,0.0,1,75.0,260.0,130.0,0,High Demand
Prayagrajsangam-Chandigarh,Rail,121.0,121,121,0.0,1,24.2,911.0,455.5,0,High Demand
Prayagrajsangam-Faizabad Jn,Rail,104.0,109,99,7.0710678118654755,2,52.0,153.0,76.5,0,High Demand
Prayagrajsangam-Ghazipur City,Rail,58.0,58,58,0.0,1,28.999999999999996,206.0,103.0,0,High Demand
Prayagrajsangam-Jaunpur Jn,Rail,155.5,218,93,88.38834764831844,2,73.25,110.0,55.0,0,High Demand
Prayagrajsangam-Kanpur Anwarganj,Rail,142.0,142,142,0.0,1,71.0,213.0,106.5,0,High Demand
Prayagrajsangam-Kanpur Central,Rail,90.0,90,90,0.0,1,45.0,211.0,105.5,0,High Demand
Prayagrajsangam-Khurja Jn,Rail,120.0,120,120,0.0,1,24.0,695.0,347.5,0,High Demand
Prayagrajsangam-Lucknow,Rail,124.33333333333333,206,46,80.05206639015219,3,61.166666666666664,207.33333333333334,103.66666666666667,0,High Demand
Prayagrajsangam-Mankapur Jn,Rail,112.0,112,112,0.0,1,56.00000000000001,199.0,99.5,0,High Demand
Prayagrajsangam-Saharanpur,Rail,223.0,223,223,0.0,1,44.6,770.0,385.0,0,High Demand
Prayagrajsangam-Yog N Rishikesh,Rail,370.0,370,370,0.0,1,74.0,743.0,371.5,0,High Demand
Prayahat Halt-Dumka,Rail,106.0,106,106,0.0,1,53.0,57.0,30.0,0,High Demand
Pulgaon Jn-Arvi,Rail,206.0,206,206,0.0,1,100.0,34.0,30.0,0,High Demand
Punalur-Guruvayur,Rail,76.0,76,76,0.0,1,38.0,294.0,147.0,0,High Demand
Punalur-Kanniyakumari,Rail,184.0,184,184,0.0,1,92.0,195.0,97.5,0,High Demand
Punalur-Kollam Jn,Rail,110.0,167,55,56.02677931132576,3,55.0,44.0,30.0,0,High Demand
Punalur-Madurai Jn,Rail,238.0,238,238,0.0,1,47.599999999999994,410.0,205.0,0,High Demand
Pune Jn-Ahmedabad Jn,Rail,249.0,316,171,73.12318373812782,3,49.800000000000004,635.0,317.5,0,High Demand
Pune Jn-Ajni (Nagpur,Rail,324.0,385,292,52.848841046895245,3,64.8,881.0,440.5,0,High Demand
Pune Jn-Amravati,Rail,281.0,291,272,9.539392014169456,3,56.20000000000001,753.0,376.5,0,High Demand
Pune Jn-Baramati,Rail,162.0,193,111,44.50842616853577,3,81.0,118.33333333333333,59.166666666666664,0,High Demand
Pune Jn-Barhni,Rail,243.0,243,243,0.0,1,30.375000000000004,1879.0,939.5,0,High Demand
Pune Jn-Bhagat Ki Kothi (Jodhpur,Rail,157.0,157,157,0.0,1,19.625,1087.0,543.5,0,High Demand
Pune Jn-Bhuj,Rail,232.0,232,232,0.0,1,46.400000000000006,992.0,496.0,0,High Demand
Pune Jn-C Sahumaharaj T Kolhapur,Rail,261.0,372,150,156.97770542341354,2,87.5,326.0,163.0,0,High Demand
Pune Jn-C Shivaji Maharaj T,Rail,213.0,334,103,110.7158525234756,6,78.41666666666667,191.5,95.75,0,High Demand
Pune Jn-Darbhanga Jn,Rail,374.0,374,374,0.0,1,46.75,1942.0,971.0,0,High Demand
Pune Jn-Dhule,Rail,203.0,203,203,0.0,1,40.6,436.0,218.0,0,High Demand
Pune Jn-Ernakulam Jn,Rail,361.0,361,361,0.0,1,45.125,1431.0,715.5,0,High Demand
Pune Jn-Gorakhpur,Rail,394.0,394,394,0.0,1,49.25,1753.0,876.5,0,High Demand
Pune Jn-Gwalior Jn,Rail,389.0,389,389,0.0,1,48.625,1372.0,686.0,0,High Demand
Pune Jn-Hatia,Rail,308.0,308,308,0.0,1,38.5,1769.0,884.5,0,High Demand
Pune Jn-Howrah Jn,Rail,510.5,669,352,224.15284963613556,2,63.8125,2014.5,1007.25,0,High Demand
Pune Jn-Hubballi Jn,Rail,245.0,245,245,0.0,1,49.0,558.0,279.0,0,High Demand
Pune Jn-Hyderabad Decan,Rail,416.0,416,416,0.0,1,83.2,598.0,299.0,0,High Demand
Pune Jn-Indore Jn Bg,Rail,448.0,448,448,0.0,1,89.60000000000001,969.0,484.5,0,High Demand
Pune Jn-Jaipur,Rail,159.0,159,159,0.0,1,19.875,1302.0,651.0,0,High Demand
Pune Jn-Jasidih Jn,Rail,498.0,498,498,0.0,1,62.25000000000001,1976.0,988.0,0,High Demand
Pune Jn-Kanniyakumari,Rail,233.0,233,233,0.0,1,29.125,1945.0,972.5,0,High Demand
Pune Jn-Kazipet Jn,Rail,327.0,327,327,0.0,1,40.875,1172.0,586.0,0,High Demand
Pune Jn-Lucknow Ne,Rail,474.0,502,446,39.59797974644666,2,59.25,1482.0,741.0,0,High Demand
Pune Jn-Nagpur,Rail,314.0,420,114,173.30897264711945,3,62.79999999999999,884.0,442.0,0,High Demand
Pune Jn-Nizamabad,Rail,63.0,63,63,0.0,1,12.6,771.0,385.5,0,High Demand
Pune Jn-Panvel,Rail,149.0,149,149,0.0,1,74.5,120.0,60.0,0,High Demand
Pune Jn-Rani Kamlapati(Bhopal,Rail,316.0,316,316,0.0,1,63.2,891.0,445.5,0,High Demand
Pune Jn-Secunderabad Jn,Rail,244.0,244,244,0.0,1,48.8,597.0,298.5,0,High Demand
Pune Jn-Solapur Jn,Rail,247.0,335,126,108.33743581975715,3,87.66666666666667,263.6666666666667,131.83333333333334,0,High Demand
Pune Jn-Supaul,Rail,216.5,303,130,122.32947314527271,2,27.0625,1998.0,999.0,0,High Demand
Pune Jn-Veraval,Rail,372.0,372,372,0.0,1,46.5,1066.0,533.0,0,High Demand
Pune-Ahmedabad,Air,75.20454545454545,159,24,35.813197220262545,44,52.881881313131316,4288.636363636364,9713.15909090909,1,Low Demand
Pune-Bangalore,Air,66.8,142,21,36.42461998671325,35,54.32674603174603,4608.214285714285,9780.542857142857,1,Low Demand
Pune-Bhubaneswar,Air,77.80952380952381,161,27,36.34605899744511,42,52.208862433862436,4392.678571428572,9642.738095238095,1,Low Demand
Pune-Chennai,Air,89.16666666666667,170,28,41.057103091739364,36,57.727777777777774,4342.083333333333,9259.472222222223,1,Low Demand
Pune-Cochin,Air,84.22222222222223,195,21,46.044390088108,45,54.852716049382714,4626.833333333333,8902.066666666668,1,Low Demand
Pune-Delhi,Air,85.03571428571429,237,12,45.065780845055855,28,60.52450396825397,4262.142857142857,9714.035714285714,1,Low Demand
Pune-Goa,Air,80.8076923076923,193,19,46.591002762996396,26,53.652884615384615,3869.1346153846152,9657.0,1,Low Demand
Pune-Guwahati,Air,79.05714285714286,240,16,41.94530251841491,35,51.09888888888889,4979.785714285715,9469.771428571428,1,Low Demand
Pune-Hyderabad,Air,85.66666666666667,173,20,43.318382581804066,48,55.18038194444444,3089.21875,8926.5625,1,Low Demand
Pune-Indore,Air,89.27777777777777,178,22,41.23702297077304,36,58.11381172839506,4444.791666666667,9285.944444444445,1,Low Demand
Pune-Jaipur,Air,85.15789473684211,207,18,40.10966474877209,38,54.701900584795325,3861.907894736842,10041.184210526315,1,Low Demand
Pune-Kolkata,Air,76.02631578947368,158,18,42.38465227204189,38,57.119517543859644,4066.5789473684213,9828.842105263158,1,Low Demand
Pune-Lucknow,Air,76.60377358490567,267,20,43.026977057620265,53,50.41902515723271,4310.943396226415,8947.169811320755,1,Low Demand
Pune-Mumbai,Air,82.93877551020408,246,18,44.164186170878935,49,58.25725623582766,4452.091836734694,8836.734693877552,1,Low Demand
Pune-Nagpur,Air,91.19444444444444,172,25,42.30894498090003,36,59.74760802469135,3810.8333333333335,8602.777777777777,1,Low Demand
Pune-Patna,Air,73.92592592592592,136,23,35.6855130333843,27,51.96090534979424,4292.5,9900.111111111111,1,Low Demand
Pune-Raipur,Air,87.26829268292683,192,22,43.862868345699816,41,55.89939024390244,3576.2195121951218,9412.634146341463,1,Low Demand
Pune-Surat,Air,80.5813953488372,177,15,37.970685784681656,43,53.483333333333334,4186.7441860465115,9700.790697674418,1,Low Demand
Pune-Varanasi,Air,76.65,202,16,40.985019151780264,40,52.966319444444444,4554.9375,9554.6,1,Low Demand
Puri-Ahmedabad Jn,Rail,255.66666666666666,322,168,79.18543637142713,3,31.958333333333332,2040.6666666666667,1020.3333333333334,0,High Demand
Puri-Ajmer Jn,Rail,379.0,379,379,0.0,1,47.375,2476.0,1238.0,0,High Demand
Puri-Anand Vihar Terminal,Rail,328.0,494,134,148.12832274754211,4,41.0,1824.25,912.125,0,High Demand
Puri-Angul,Rail,111.0,111,111,0.0,1,55.50000000000001,197.0,98.5,0,High Demand
Puri-Bangriposi,Rail,251.5,288,215,51.61879502661797,2,100.0,375.0,187.5,0,High Demand
Puri-Barabil,Rail,325.0,325,325,0.0,1,100.0,398.0,199.0,0,High Demand
Puri-Bhanjpur,Rail,242.0,242,242,0.0,1,100.0,341.0,170.5,0,High Demand
Puri-Cuttack,Rail,145.0,145,145,0.0,1,72.5,90.0,45.0,0,High Demand
Puri-Daspalla,Rail,209.0,209,209,0.0,1,100.0,150.0,75.0,0,High Demand
Puri-Digha F S,Rail,197.0,197,197,0.0,1,39.4,549.0,274.5,0,High Demand
Puri-Durg,Rail,392.0,392,392,0.0,1,78.4,795.0,397.5,0,High Demand
Puri-Gandhidham Jn,Rail,270.3333333333333,423,174,133.71736361943925,3,33.791666666666664,2382.0,1191.0,0,High Demand
Puri-Gunupur,Rail,214.5,341,88,178.89801564019652,2,72.0,380.0,190.0,0,High Demand
Puri-Hatia,Rail,222.0,222,222,0.0,1,44.4,691.0,345.5,0,High Demand
Puri-Howrah Jn,Rail,257.0,353,161,104.69320258100173,4,51.4,502.0,251.0,0,High Demand
Puri-Indore Jn Bg,Rail,226.5,320,133,132.22896808188437,2,28.3125,1608.0,804.0,0,High Demand
Puri-Jaleswar,Rail,129.0,129,129,0.0,1,64.5,312.0,156.0,0,High Demand
Puri-Jaynagar,Rail,338.0,338,338,0.0,1,42.25,1004.0,502.0,0,High Demand
Puri-Jodhpur Jn,Rail,304.5,431,178,178.89801564019652,2,38.0625,2435.0,1217.5,0,High Demand
Puri-Kamakhya,Rail,165.0,166,164,1.4142135623730951,2,20.625,1530.0,765.0,0,High Demand
Puri-Khurda Road Jn,Rail,126.5,173,43,61.60898202913815,4,63.25,43.75,30.0,0,High Demand
Puri-Lokmanyatilak,Rail,320.0,398,242,110.30865786510141,2,40.0,1864.0,932.0,0,High Demand
Puri-Mgr Chennai Ctr,Rail,225.0,225,225,0.0,1,28.125,1247.0,623.5,0,High Demand
Puri-Okha,Rail,520.0,520,520,0.0,1,65.0,2776.0,1388.0,0,High Demand
Puri-Paradeep,Rail,137.0,137,137,0.0,1,68.5,173.0,86.5,0,High Demand
Puri-Patna Jn,Rail,262.0,262,262,0.0,1,52.400000000000006,931.0,465.5,0,High Demand
Puri-Rourkela,Rail,210.66666666666666,256,120,78.5196366097891,3,42.13333333333333,519.6666666666666,259.8333333333333,0,High Demand
Puri-Sainagar Shirdi,Rail,341.0,435,247,132.93607486307093,2,42.625,1687.0,843.5,0,High Demand
Puri-Sambalpur,Rail,201.0,201,201,0.0,1,100.0,342.0,171.0,0,High Demand
Puri-Santragachi Jn,Rail,195.0,195,195,0.0,1,39.0,519.0,259.5,0,High Demand
Puri-Sealdah,Rail,470.0,470,470,0.0,1,94.0,522.0,261.0,0,High Demand
Puri-Shalimar,Rail,250.0,343,107,107.09248339636167,6,50.0,500.0,250.0,0,High Demand
Puri-Shri Ganganagar,Rail,386.0,386,386,0.0,1,48.25,2411.0,1205.5,0,High Demand
Puri-Sonepur,Rail,113.0,113,113,0.0,1,22.6,518.0,259.0,0,High Demand
Puri-Surat,Rail,307.0,307,307,0.0,1,38.375,1756.0,878.0,0,High Demand
Puri-Talcher,Rail,138.5,219,58,113.84419177103415,2,64.5,202.0,101.0,0,High Demand
Puri-Tirupati,Rail,136.0,136,136,0.0,1,17.0,1231.0,615.5,0,High Demand
Puri-Valsad,Rail,507.0,507,507,0.0,1,63.375,2075.0,1037.5,0,High Demand
Puri-Yasvantpur Jn,Rail,376.0,376,376,0.0,1,47.0,1503.0,751.5,0,High Demand
Puri-Yog N Rishikesh,Rail,239.0,239,239,0.0,1,29.875,2393.0,1196.5,0,High Demand
Purna Jn-Adilabad,Rail,181.5,211,152,41.71930009000631,2,88.0,225.0,112.5,0,High Demand
Purna Jn-Akola Jn,Rail,148.0,228,106,69.31089380465383,3,69.33333333333333,207.0,103.5,0,High Demand
Purna Jn-Hyderabad Decan,Rail,157.0,179,135,31.11269837220809,2,31.4,433.0,216.5,0,High Demand
Purna Jn-Parli Vaijnath,Rail,165.5,205,126,55.86143571373726,2,81.5,92.0,46.0,0,High Demand
Purna Jn-Patna Jn,Rail,292.0,292,292,0.0,1,36.5,1816.0,908.0,0,High Demand
Purnea Court-Amritsar Jn,Rail,443.0,443,443,0.0,1,55.375,1619.0,809.5,0,High Demand
Purnea Court-Hatia,Rail,228.0,228,228,0.0,1,45.6,730.0,365.0,0,High Demand
Purnea Court-Patliputra,Rail,262.0,262,262,0.0,1,100.0,313.0,156.5,0,High Demand
Purnea Court-Patna Jn,Rail,248.0,248,248,0.0,1,100.0,315.0,157.5,0,High Demand
Purnea Court-Saharsa Jn,Rail,175.0,175,175,0.0,1,87.5,95.0,47.5,0,High Demand
Purulia Jn-Adra Jn,Rail,45.0,45,45,0.0,1,22.5,39.0,30.0,0,High Demand
Purulia Jn-Anand Vihar Terminal,Rail,264.0,264,264,0.0,1,33.0,1403.0,701.5,0,High Demand
Purulia Jn-Asansol Jn,Rail,180.0,180,180,0.0,1,90.0,81.0,40.5,0,High Demand
Purulia Jn-Howrah Jn,Rail,189.25,229,157,37.24133008723865,4,89.375,319.75,159.875,0,High Demand
Purulia Jn-Jhargram,Rail,157.5,168,147,14.849242404917497,2,78.75,187.5,93.75,0,High Demand
Purulia Jn-Tirunelveli,Rail,425.0,425,425,0.0,1,53.125,2536.0,1268.0,0,High Demand
Purunakatak-Balangir,Rail,139.0,143,135,5.656854249492381,2,69.5,120.0,60.0,0,High Demand
Purunakatak-Bhubaneswar,Rail,183.0,183,183,0.0,1,36.6,518.0,259.0,0,High Demand
Pushkar Terminus-Ajmer Jn,Rail,127.0,127,127,0.0,1,63.5,31.0,30.0,0,High Demand
Qasimpur Kheri-Delhi,Rail,185.0,185,185,0.0,1,92.5,64.0,32.0,0,High Demand
Radhikapur-Howrah Jn,Rail,102.0,102,102,0.0,1,20.4,482.0,241.0,0,High Demand
Radhikapur-Katihar Jn,Rail,131.0,179,67,57.688820407423826,3,65.5,99.33333333333333,49.666666666666664,0,High Demand
Radhikapur-Kolkata,Rail,273.0,273,273,0.0,1,54.6,476.0,238.0,0,High Demand
Radhikapur-Smvt Bengaluru,Rail,378.0,378,378,0.0,1,47.25,2479.0,1239.5,0,High Demand
Rae Bareli Jn-Jaunpur Jn,Rail,271.0,271,271,0.0,1,100.0,202.0,101.0,0,High Demand
Rae Bareli Jn-Kanpur Central,Rail,108.0,138,78,42.42640687119285,2,54.0,148.0,74.0,0,High Demand
Rae Bareli Jn-Lokmanyatilak,Rail,173.0,173,173,0.0,1,21.625,1502.0,751.0,0,High Demand
Rae Bareli Jn-Raghuraj Singh,Rail,144.5,197,92,74.24621202458749,2,72.25,57.0,30.0,0,High Demand
Rae Bareli Jn-Unchahar Jn,Rail,123.5,195,52,101.1162697096763,2,61.75,38.0,30.0,0,High Demand
Raghuraj Singh-Rae Bareli Jn,Rail,120.5,138,103,24.748737341529164,2,60.25,57.0,30.0,0,High Demand
Rahimabad-Lucknow,Rail,166.0,166,166,0.0,1,83.0,38.0,30.0,0,High Demand
Raichur-Gadwal,Rail,181.0,181,181,0.0,1,90.5,57.0,30.0,0,High Demand
Raichur-Kacheguda,Rail,299.0,336,262,52.32590180780452,2,100.0,229.5,114.75,0,High Demand
Raichur-Parbhani Jn,Rail,150.0,150,150,0.0,1,30.0,620.0,310.0,0,High Demand
Raichur-Vijayapura,Rail,197.0,226,168,41.012193308819754,2,92.0,366.0,183.0,0,High Demand
Raigarh-Bilaspur Jn,Rail,109.0,138,80,41.012193308819754,2,54.5,133.0,66.5,0,High Demand
Raigarh-Gondia Jn,Rail,251.0,251,251,0.0,1,50.2,415.0,207.5,0,High Demand
Raigarh-Hazrat Nizamuddin,Rail,262.0,262,262,0.0,1,32.75,1634.0,817.0,0,High Demand
Raipur Haryana-Amb  Andaura,Rail,180.0,180,180,0.0,1,36.0,455.0,227.5,0,High Demand
Raipur Jn-Bilaspur Jn,Rail,183.0,207,159,33.94112549695428,2,89.75,115.0,57.5,0,High Demand
Raipur Jn-Dalli Rajhara,Rail,283.0,283,283,0.0,1,100.0,126.0,63.0,0,High Demand
Raipur Jn-Dongargarh,Rail,113.25,188,56,54.865745233250955,4,56.625,99.0,49.5,0,High Demand
Raipur Jn-Durg,Rail,161.8,203,98,51.77547682059529,5,80.5,37.0,30.0,0,High Demand
Raipur Jn-Gevra Road,Rail,214.0,214,214,0.0,1,100.0,212.0,106.0,0,High Demand
Raipur Jn-Jabalpur,Rail,282.0,282,282,0.0,1,56.39999999999999,411.0,205.5,0,High Demand
Raipur Jn-Junagarh Road,Rail,226.0,226,226,0.0,1,100.0,306.0,153.0,0,High Demand
Raipur Jn-Korba,Rail,247.2,301,189,46.18657813694364,5,98.9,202.0,101.0,0,High Demand
Raipur Jn-Lucknow Ne,Rail,382.0,382,382,0.0,1,76.4,923.0,461.5,0,High Demand
Raipur Jn-Nsc Bose Itwari,Rail,126.0,126,126,0.0,1,63.0,299.0,149.5,0,High Demand
Raipur Jn-Rajim,Rail,103.0,167,66,55.65069631190611,3,51.5,56.0,30.0,0,High Demand
Raipur Jn-Secunderabad Jn,Rail,172.0,172,172,0.0,1,34.4,880.0,440.0,0,High Demand
Raipur Jn-Tadoki,Rail,98.0,98,98,0.0,1,49.0,201.0,100.5,0,High Demand
Raipur Jn-Titlagarh,Rail,100.0,100,100,0.0,1,50.0,204.0,102.0,0,High Demand
Raipur Jn-Visakhapatnam,Rail,225.0,225,225,0.0,1,45.0,529.0,264.5,0,High Demand
Raipur-Ahmedabad,Air,65.15384615384616,178,16,34.68014634639375,39,53.38874643874644,4351.346153846154,9701.871794871795,1,Low Demand
Raipur-Bangalore,Air,76.11111111111111,218,21,44.38389526314876,36,57.59058641975308,4628.958333333333,9192.722222222223,1,Low Demand
Raipur-Bhubaneswar,Air,89.6086956521739,239,14,49.59591303093413,46,57.17004830917874,5108.315217391304,9403.804347826086,1,Low Demand
Raipur-Chennai,Air,69.78378378378379,211,15,44.88512196902414,37,52.95105105105105,4210.945945945946,10056.648648648648,1,Low Demand
Raipur-Cochin,Air,78.65625,153,23,32.872784483177256,32,56.787586805555556,4462.5,8380.15625,1,Low Demand
Raipur-Delhi,Air,78.66666666666667,157,23,41.31530643060203,45,51.446234567901236,4850.666666666667,10141.866666666667,1,Low Demand
Raipur-Goa,Air,81.425,177,24,36.591919732962765,40,53.42458333333333,4701.5625,9480.75,1,Low Demand
Raipur-Guwahati,Air,79.08888888888889,267,19,51.52837798120311,45,54.116481481481486,3887.3333333333335,9598.622222222222,1,Low Demand
Raipur-Hyderabad,Air,75.75,238,16,48.63824186202223,36,56.75864197530864,3608.9583333333335,9141.194444444445,1,Low Demand
Raipur-Indore,Air,78.92727272727272,180,18,36.77300466448006,55,57.16742424242425,4297.909090909091,9211.945454545454,1,Low Demand
Raipur-Jaipur,Air,84.45714285714286,218,29,43.99287566463117,35,59.832142857142856,3934.285714285714,7935.4857142857145,1,Low Demand
Raipur-Kolkata,Air,74.97142857142858,161,13,37.98257008487052,35,52.89365079365079,3774.0,9745.857142857143,1,Low Demand
Raipur-Lucknow,Air,85.7,173,23,39.061555629610154,40,54.644375000000004,4899.1875,8565.55,1,Low Demand
Raipur-Mumbai,Air,87.275,180,27,39.9249215274665,40,56.31381944444445,4918.3125,8930.6,1,Low Demand
Raipur-Nagpur,Air,76.53846153846153,195,23,37.099330504560854,39,57.68219373219373,3844.6153846153848,9398.28205128205,1,Low Demand
Raipur-Patna,Air,75.37837837837837,243,12,48.69026331559258,37,54.31238738738739,4297.094594594595,10207.45945945946,1,Low Demand
Raipur-Pune,Air,85.93333333333334,258,26,45.735106865514155,45,57.34975308641976,5372.0,9655.888888888889,1,Low Demand
Raipur-Surat,Air,82.46666666666667,236,22,40.420854203560005,45,55.71864197530864,4145.166666666667,9045.888888888889,1,Low Demand
Raipur-Varanasi,Air,78.75,210,15,48.729367757557476,40,51.84569444444445,4172.4375,10523.3,1,Low Demand
Rajahmundry-Hyderabad,Bus,39.12307692307692,59,20,9.991414583762172,65,75.42630769230769,353.6009230769231,471.8303076923077,1,Low Demand
Rajamundry-Bhimavaram Jn,Rail,252.0,252,252,0.0,1,100.0,68.0,34.0,0,High Demand
Rajamundry-Mandapam,Rail,258.0,258,258,0.0,1,32.25,1874.0,937.0,0,High Demand
Rajamundry-Vijayawada Jn,Rail,161.33333333333334,214,102,56.29683235612226,3,78.33333333333333,149.0,74.5,0,High Demand
Rajamundry-Visakhapatnam,Rail,159.0,204,114,63.63961030678928,2,78.5,201.0,100.5,0,High Demand
Rajendranagar T-Ajmer Jn,Rail,223.0,223,223,0.0,1,27.875,1304.0,652.0,0,High Demand
Rajendranagar T-Banka,Rail,263.0,263,263,0.0,1,100.0,273.0,136.5,0,High Demand
Rajendranagar T-Dibrugarh,Rail,233.0,233,233,0.0,1,29.125,1503.0,751.5,0,High Demand
Rajendranagar T-Godda,Rail,104.0,104,104,0.0,1,52.0,326.0,163.0,0,High Demand
Rajendranagar T-Howrah Jn,Rail,240.0,240,240,0.0,1,48.0,529.0,264.5,0,High Demand
Rajendranagar T-New Delhi,Rail,260.6666666666667,429,130,153.01742820127822,3,38.15833333333333,1002.0,501.0,0,High Demand
Rajendranagar T-Saharsa Jn,Rail,172.0,244,100,101.82337649086284,2,75.0,216.0,108.0,0,High Demand
Rajgir-Ahmedabad Jn,Rail,153.0,153,153,0.0,1,19.125,1861.0,930.5,0,High Demand
Rajgir-Bakhtiyarpur Jn,Rail,121.0,172,81,39.26830783214372,4,60.5,50.5,30.0,0,High Demand
Rajgir-Banaras,Rail,198.0,198,198,0.0,1,39.6,414.0,207.0,0,High Demand
Rajgir-Danapur,Rail,143.0,143,143,0.0,1,71.5,106.0,53.0,0,High Demand
Rajgir-Fatuha,Rail,174.0,174,174,0.0,1,87.0,68.0,34.0,0,High Demand
Rajgir-Howrah Jn,Rail,213.0,213,213,0.0,1,42.6,656.0,328.0,0,High Demand
Rajgir-New Delhi,Rail,281.0,281,281,0.0,1,35.125,1103.0,551.5,0,High Demand
Rajgir-Patna Jn,Rail,198.5,309,88,156.27059864222701,2,72.0,97.5,48.75,0,High Demand
Rajgir-Varanasi Jn,Rail,166.0,166,166,0.0,1,33.2,410.0,205.0,0,High Demand
Rajim-Abhanpur Jn,Rail,122.0,138,106,22.627416997969522,2,61.0,16.0,30.0,0,High Demand
Rajim-Kendri,Rail,107.0,107,107,0.0,1,53.5,22.0,30.0,0,High Demand
Rajim-Raipur Jn,Rail,81.0,109,63,24.576411454889016,3,40.5,56.0,30.0,0,High Demand
Rajkot Jn-Coimbatore Jn,Rail,310.0,310,310,0.0,1,38.75,2236.0,1118.0,0,High Demand
Rajkot Jn-Delhi S Rohilla,Rail,294.0,315,273,29.698484809834994,2,36.75,1106.0,553.0,0,High Demand
Rajkot Jn-Okha,Rail,47.0,47,47,0.0,1,23.5,252.0,126.0,0,High Demand
Rajkot Jn-Porbandar,Rail,133.2,193,94,40.84360415046644,5,66.6,205.4,102.7,0,High Demand
Rajkot Jn-Rewa,Rail,264.0,264,264,0.0,1,33.0,1601.0,800.5,0,High Demand
Rajkot Jn-Secunderabad Jn,Rail,370.5,472,269,143.54267658086914,2,46.3125,1478.0,739.0,0,High Demand
Rajkot Jn-Somnath,Rail,83.0,83,83,0.0,1,41.5,190.0,95.0,0,High Demand
Rajkot Jn-Veraval,Rail,150.0,225,100,66.14378277661477,3,70.83333333333333,185.0,92.5,0,High Demand
Rajmahal-Tinpahar Jn,Rail,135.375,209,91,50.863788690973465,8,66.75,11.0,30.0,0,High Demand
Rajpipla-Ankleshwar Jn,Rail,173.0,173,173,0.0,1,86.5,63.0,31.5,0,High Demand
Rajula City-Mahuva Jn,Rail,94.0,94,94,0.0,1,47.0,38.0,30.0,0,High Demand
Ramanagaram-Ksr Bengaluru,Rail,120.5,169,72,68.58935777509511,2,60.25,44.0,30.0,0,High Demand
Rameswaram-Ayodhya Cantt,Rail,388.5,482,295,132.22896808188437,2,48.5625,2921.0,1460.5,0,High Demand
Rameswaram-Banaras,Rail,295.0,295,295,0.0,1,36.875,2790.0,1395.0,0,High Demand
Rameswaram-Bhubaneswar,Rail,299.5,413,186,160.51323932934628,2,37.4375,1892.0,946.0,0,High Demand
Rameswaram-Chennai Egmore,Rail,318.5,410,227,129.4005409571382,2,63.7,600.0,300.0,0,High Demand
Rameswaram-Coimbatore Jn,Rail,297.0,297,297,0.0,1,59.4,506.0,253.0,0,High Demand
Rameswaram-Firozpur Cantt Jn,Rail,486.0,486,486,0.0,1,60.75000000000001,3547.0,1773.5,0,High Demand
Rameswaram-Kanniyakumari,Rail,396.0,396,396,0.0,1,79.2,407.0,203.5,0,High Demand
Rameswaram-Madurai Jn,Rail,122.33333333333333,167,53,60.87144924620519,3,61.166666666666664,161.0,80.5,0,High Demand
Rameswaram-Mangalore Central,Rail,252.0,252,252,0.0,1,50.4,757.0,378.5,0,High Demand
Rameswaram-Okha,Rail,462.0,462,462,0.0,1,57.75,3154.0,1577.0,0,High Demand
Rameswaram-Tambaram,Rail,323.0,323,323,0.0,1,64.60000000000001,618.0,309.0,0,High Demand
Rameswaram-Thiruvananthapuram Central,Rail,236.0,236,236,0.0,1,47.199999999999996,777.0,388.5,0,High Demand
Rameswaram-Tiruchchirappalli Jn,Rail,206.5,244,169,53.033008588991066,2,92.25,267.0,133.5,0,High Demand
Rameswaram-Tirupati,Rail,345.0,345,345,0.0,1,69.0,828.0,414.0,0,High Demand
Ramnagar-Agra Fort,Rail,301.0,301,301,0.0,1,60.199999999999996,440.0,220.0,0,High Demand
Ramnagar-Bandra Terminus,Rail,337.0,344,330,9.899494936611665,2,42.125,1641.0,820.5,0,High Demand
Ramnagar-Chandigarh,Rail,181.5,187,176,7.7781745930520225,2,36.3,419.0,209.5,0,High Demand
Ramnagar-Delhi,Rail,314.0,314,314,0.0,1,100.0,239.0,119.5,0,High Demand
Ramnagar-Jaisalmer,Rail,423.0,423,423,0.0,1,52.87500000000001,1217.0,608.5,0,High Demand
Ramnagar-Kasganj,Rail,169.0,169,169,0.0,1,84.5,273.0,136.5,0,High Demand
Ramnagar-Kashipur,Rail,91.0,91,91,0.0,1,45.5,27.0,30.0,0,High Demand
Ramnagar-Moradabad,Rail,129.0,164,89,37.749172176353746,3,64.5,76.0,38.0,0,High Demand
Rampur Hat-Andal Jn,Rail,117.0,117,117,0.0,1,58.5,107.0,53.5,0,High Demand
Rampur Hat-Azimganj,Rail,152.57142857142858,193,105,33.46070901249774,7,76.28571428571429,59.0,30.0,0,High Demand
Rampur Hat-Barddhaman,Rail,157.33333333333334,298,71,83.64847079694086,6,70.33333333333333,112.0,56.0,0,High Demand
Rampur Hat-Barharwa Jn,Rail,137.66666666666666,160,121,20.108041509140897,3,68.83333333333333,83.0,41.5,0,High Demand
Rampur Hat-Gaya Jn,Rail,224.0,224,224,0.0,1,44.800000000000004,439.0,219.5,0,High Demand
Rampur Hat-Howrah Jn,Rail,233.33333333333334,290,161,65.91155690266565,3,93.5,237.33333333333334,118.66666666666667,0,High Demand
Rampur Hat-Jasidih Jn,Rail,191.0,220,162,41.012193308819754,2,90.5,135.5,67.75,0,High Demand
Rampur Hat-Katwa Jn,Rail,103.5,137,70,47.37615433949868,2,51.75,132.0,66.0,0,High Demand
Rampur Hat-Sahibganj  Jn,Rail,154.75,200,96,49.03994970089862,4,77.375,137.0,68.5,0,High Demand
Rampur Hat-Sealdah,Rail,240.0,356,124,164.04877323527901,2,81.0,219.5,109.75,0,High Demand
Ramtek-Itwari (Nagpur,Rail,138.0,138,138,0.0,1,69.0,38.0,30.0,0,High Demand
Ramtek-Nsc Bose Itwari,Rail,120.0,133,107,18.384776310850235,2,60.0,38.0,30.0,0,High Demand
Ranaghat Jn-Lalgola,Rail,143.0,143,143,0.0,1,71.5,155.0,77.5,0,High Demand
Ranaghat Jn-Sealdah,Rail,93.0,93,93,0.0,1,46.5,76.0,38.0,0,High Demand
Ranchi-Anand Vihar Terminal,Rail,365.0,365,365,0.0,1,45.625,1294.0,647.0,0,High Demand
Ranchi-Ara,Rail,169.0,169,169,0.0,1,33.800000000000004,517.0,258.5,0,High Demand
Ranchi-Asansol Jn,Rail,210.0,210,210,0.0,1,100.0,196.0,98.0,0,High Demand
Ranchi-Banaras,Rail,351.0,351,351,0.0,1,70.19999999999999,575.0,287.5,0,High Demand
Ranchi-Bhagalpur,Rail,130.0,130,130,0.0,1,26.0,561.0,280.5,0,High Demand
Ranchi-Bokaro Stl City,Rail,77.0,77,77,0.0,1,38.5,113.0,56.5,0,High Demand
Ranchi-Chopan,Rail,277.5,295,260,24.748737341529164,2,76.0,432.5,216.25,0,High Demand
Ranchi-Dhanbad Jn,Rail,166.5,192,141,36.062445840513924,2,83.25,165.5,82.75,0,High Demand
Ranchi-Dumka,Rail,350.0,350,350,0.0,1,100.0,395.0,197.5,0,High Demand
Ranchi-Godda,Rail,246.5,336,157,126.572113832392,2,49.3,535.0,267.5,0,High Demand
Ranchi-Gorakhpur,Rail,315.0,315,315,0.0,1,63.0,788.0,394.0,0,High Demand
Ranchi-Howrah Jn,Rail,214.75,318,100,102.40239255017434,4,42.95,457.75,228.875,0,High Demand
Ranchi-Kamakhya,Rail,483.0,483,483,0.0,1,60.375,1215.0,607.5,0,High Demand
Ranchi-Kharagpur Jn,Rail,140.0,140,140,0.0,1,70.0,328.0,164.0,0,High Demand
Ranchi-Lohardaga Bs,Rail,130.75,175,87,36.93575503492517,4,65.375,66.0,33.0,0,High Demand
Ranchi-Lokmanyatilak,Rail,147.0,147,147,0.0,1,18.375,2011.0,1005.5,0,High Demand
Ranchi-Madhupur Jn,Rail,264.0,264,264,0.0,1,100.0,349.0,174.5,0,High Demand
Ranchi-New Delhi,Rail,270.6666666666667,463,134,171.41859097931396,3,33.833333333333336,1279.3333333333333,639.6666666666666,0,High Demand
Ranchi-Patna Jn,Rail,215.0,264,153,56.630380539071076,3,58.73333333333333,404.6666666666667,202.33333333333334,0,High Demand
Ranchi-Sasaram,Rail,354.0,354,354,0.0,1,100.0,362.0,181.0,0,High Demand
Ranchi-Tori,Rail,194.0,194,194,0.0,1,97.0,110.0,55.0,0,High Demand
Ranchi-Varanasi Jn,Rail,377.0,377,377,0.0,1,75.4,536.0,268.0,0,High Demand
Rangapara North-Dekargaon,Rail,159.0,159,159,0.0,1,79.5,21.0,30.0,0,High Demand
Rangapara North-Rangiya Jn,Rail,208.0,208,208,0.0,1,100.0,123.0,61.5,0,High Demand
Rangiya Jn-Dekargaon,Rail,159.33333333333334,175,143,16.010413278030434,3,79.66666666666667,144.0,72.0,0,High Demand
Rangiya Jn-Ledo,Rail,395.0,395,395,0.0,1,79.0,619.0,309.5,0,High Demand
Rangiya Jn-Murkeongselek,Rail,252.5,289,216,51.61879502661797,2,50.5,454.5,227.25,0,High Demand
Rangiya Jn-New Jalpaiguri,Rail,121.0,121,121,0.0,1,60.5,364.0,182.0,0,High Demand
Rangiya Jn-New Tinsukia,Rail,236.0,236,236,0.0,1,47.199999999999996,597.0,298.5,0,High Demand
Rangiya Jn-Rangapara North,Rail,95.0,95,95,0.0,1,47.5,123.0,61.5,0,High Demand
Rangiya Jn-Silchar,Rail,283.0,283,283,0.0,1,56.599999999999994,427.0,213.5,0,High Demand
Rani Kamlapati(Bhopal-Adhartal,Rail,242.0,242,242,0.0,1,100.0,339.0,169.5,0,High Demand
Rani Kamlapati(Bhopal-Hazrat Nizamuddin,Rail,289.5,391,188,143.54267658086914,2,57.900000000000006,700.0,350.0,0,High Demand
Rani Kamlapati(Bhopal-Lokmanyatilak,Rail,285.0,285,285,0.0,1,56.99999999999999,821.0,410.5,0,High Demand
Rani Kamlapati(Bhopal-Madan Mahal,Rail,245.0,245,245,0.0,1,100.0,328.0,164.0,0,High Demand
Rani Kamlapati(Bhopal-New Delhi,Rail,426.0,426,426,0.0,1,85.2,707.0,353.5,0,High Demand
Rani Kamlapati(Bhopal-Pune Jn,Rail,322.0,322,322,0.0,1,64.4,884.0,442.0,0,High Demand
Rani Kamlapati(Bhopal-Rewa,Rail,218.5,317,120,139.30003589374985,2,43.7,562.0,281.0,0,High Demand
Rani Kamlapati(Bhopal-Santragachi Jn,Rail,417.0,417,417,0.0,1,52.125,1434.0,717.0,0,High Demand
Raninagar Jalpaiguri Jn-Haldibari,Rail,179.0,179,179,0.0,1,89.5,30.0,30.0,0,High Demand
Ranuj Jn-Ahmedabad Mg,Rail,139.0,168,110,41.012193308819754,2,69.5,133.0,66.5,0,High Demand
Ratlam Jn-Agra Fort,Rail,120.0,120,120,0.0,1,24.0,696.0,348.0,0,High Demand
Ratlam Jn-Bhilwara,Rail,274.0,274,274,0.0,1,100.0,243.0,121.5,0,High Demand
Ratlam Jn-Dahod,Rail,158.0,179,137,29.698484809834994,2,79.0,113.0,56.5,0,High Demand
Ratlam Jn-Kota Jn,Rail,120.0,124,116,5.656854249492381,2,60.0,268.0,134.0,0,High Demand
Ratlam Jn-Mathura Jn,Rail,71.0,71,71,0.0,1,14.2,593.0,296.5,0,High Demand
Ratlam Jn-Nagda Jn,Rail,96.0,96,96,0.0,1,48.0,41.0,30.0,0,High Demand
Ratlam Jn-Udaipur City,Rail,151.0,151,151,0.0,1,75.5,303.0,151.5,0,High Demand
Ratlam Jn-Ujjain Jn,Rail,108.0,108,108,0.0,1,54.0,96.0,48.0,0,High Demand
Ratlam New-Agra Fort,Rail,188.0,188,188,0.0,1,37.6,696.0,348.0,0,High Demand
Ratnagiri-Diva Jn,Rail,171.0,171,171,0.0,1,85.5,309.0,154.5,0,High Demand
Ratnagiri-Madgaon,Rail,183.5,274,93,127.9863273947651,2,73.25,245.0,122.5,0,High Demand
Raxaul Jn-Anand Vihar Terminal,Rail,394.75,489,166,153.29356368310664,4,52.45625,1179.5,589.75,0,High Demand
Raxaul Jn-Darbhanga Jn,Rail,163.0,163,163,0.0,1,81.5,153.0,76.5,0,High Demand
Raxaul Jn-Howrah Jn,Rail,179.5,240,119,85.55992052357225,2,35.9,696.0,348.0,0,High Demand
Raxaul Jn-Hyderabad Decan,Rail,329.0,329,329,0.0,1,41.125,2073.0,1036.5,0,High Demand
Raxaul Jn-Jogbani,Rail,252.0,252,252,0.0,1,100.0,312.0,156.0,0,High Demand
Raxaul Jn-Lokmanyatilak,Rail,256.25,365,182,81.87948461000472,4,32.03125,1942.25,971.125,0,High Demand
Raxaul Jn-Muzaffarpur Jn,Rail,167.33333333333334,182,142,22.030282189144405,3,83.66666666666667,130.0,65.0,0,High Demand
Raxaul Jn-Narkatiaganj Jn,Rail,109.33333333333333,150,57,47.58501164582534,3,54.666666666666664,41.0,30.0,0,High Demand
Raxaul Jn-Sagauli Jn,Rail,78.0,78,78,0.0,1,39.0,29.0,30.0,0,High Demand
Raxaul Jn-Samastipur Jn,Rail,130.0,130,130,0.0,1,65.0,191.0,95.5,0,High Demand
Raxaul Jn-Sitamarhi,Rail,139.0,139,139,0.0,1,69.5,86.0,43.0,0,High Demand
Rayagada-Guntur Jn,Rail,227.0,227,227,0.0,1,45.4,567.0,283.5,0,High Demand
Rayagada-Sambalpur,Rail,220.0,220,220,0.0,1,100.0,322.0,161.0,0,High Demand
Rayagada-Vijayawada Jn,Rail,244.0,244,244,0.0,1,48.8,535.0,267.5,0,High Demand
Renigunta Jn-Hubballi Jn,Rail,179.0,179,179,0.0,1,35.8,569.0,284.5,0,High Demand
Renigunta Jn-Mysore Jn,Rail,187.0,264,110,108.89444430272832,2,37.400000000000006,504.0,252.0,0,High Demand
Renigunta Jn-Nellore,Rail,70.0,70,70,0.0,1,35.0,121.0,60.5,0,High Demand
Repalle-Guntur Jn,Rail,155.5,192,119,51.61879502661797,2,77.75,59.0,30.0,0,High Demand
Repalle-Markapur Road,Rail,253.0,253,253,0.0,1,100.0,203.0,101.5,0,High Demand
Repalle-Secunderabad Jn,Rail,191.0,211,171,28.284271247461902,2,92.75,341.0,170.5,0,High Demand
Repalle-Tenali Jn,Rail,163.0,163,163,0.0,2,81.5,34.0,30.0,0,High Demand
Repalle-Vikarabad Jn,Rail,135.0,135,135,0.0,1,27.0,412.0,206.0,0,High Demand
Rewa-Anand Vihar Terminal,Rail,361.0,361,361,0.0,1,72.2,850.0,425.0,0,High Demand
Rewa-Bhopal  Jn,Rail,462.0,462,462,0.0,1,92.4,582.0,291.0,0,High Demand
Rewa-Bilaspur Jn,Rail,195.5,248,143,74.24621202458749,2,39.1,466.5,233.25,0,High Demand
Rewa-C Shivaji Maharaj T,Rail,350.0,350,350,0.0,1,43.75,1235.0,617.5,0,High Demand
Rewa-Chirmiri,Rail,248.0,248,248,0.0,1,49.6,401.0,200.5,0,High Demand
Rewa-Dr Ambedkar Ngr (Mhow,Rail,347.0,347,347,0.0,1,69.39999999999999,831.0,415.5,0,High Demand
Rewa-Ekta Nagar,Rail,134.0,134,134,0.0,1,16.75,1338.0,669.0,0,High Demand
Rewa-Hadapsar (Pune,Rail,412.0,412,412,0.0,1,51.5,1485.0,742.5,0,High Demand
Rewa-Jabalpur,Rail,181.66666666666666,191,168,12.096831541082706,3,90.83333333333333,239.0,119.5,0,High Demand
Rewa-Nagpur,Rail,169.0,169,169,0.0,1,33.800000000000004,781.0,390.5,0,High Demand
Rewa-Nsc Bose Itwari,Rail,278.0,288,268,14.142135623730951,2,55.599999999999994,625.5,312.75,0,High Demand
Rewa-Rajkot Jn,Rail,410.0,410,410,0.0,1,51.24999999999999,1601.0,800.5,0,High Demand
Rewa-Rani Kamlapati(Bhopal,Rail,248.0,361,135,159.80613254815975,2,49.6,565.5,282.75,0,High Demand
Rewari-Bhatinda Jn,Rail,90.0,90,90,0.0,1,45.0,301.0,150.5,0,High Demand
Rewari-Bhiwani,Rail,57.0,57,57,0.0,1,28.499999999999996,83.0,41.5,0,High Demand
Rewari-Bikaner Jn,Rail,67.0,67,67,0.0,1,33.5,379.0,189.5,0,High Demand
Rewari-Delhi,Rail,130.66666666666666,184,56,66.61331198291624,3,65.33333333333333,82.0,41.0,0,High Demand
Rewari-Fazilka Jn,Rail,120.5,181,60,85.55992052357225,2,24.099999999999998,424.0,212.0,0,High Demand
Rewari-Hisar,Rail,87.66666666666667,144,51,49.52103929981007,3,43.833333333333336,166.0,83.0,0,High Demand
Rewari-Jodhpur Jn,Rail,170.0,229,111,83.43860018001261,2,34.0,542.5,271.25,0,High Demand
Rewari-Madar Jn (Ajmer,Rail,282.0,282,282,0.0,1,100.0,289.0,144.5,0,High Demand
Rewari-Meerut Cant,Rail,221.0,221,221,0.0,1,100.0,160.0,80.0,0,High Demand
Rewari-Phulera Jn,Rail,290.5,349,231,67.5549159326445,4,100.0,215.0,107.5,0,High Demand
Rewari-Rohtak Jn,Rail,154.0,154,154,0.0,1,77.0,81.0,40.5,0,High Demand
Rewari-Shri Ganganagar,Rail,103.0,103,103,0.0,1,20.599999999999998,427.0,213.5,0,High Demand
Rewari-Sikar Jn,Rail,161.0,251,69,90.84418895376119,4,70.875,213.25,106.625,0,High Demand
Rishikesh-Barmer,Rail,225.5,292,159,94.04520189781083,2,28.1875,1192.0,596.0,0,High Demand
Rishikesh-Chandausi Jn,Rail,144.0,144,144,0.0,1,72.0,233.0,116.5,0,High Demand
Rishikesh-Delhi,Rail,85.0,85,85,0.0,1,42.5,284.0,142.0,0,High Demand
Rishikesh-Haridwar Jn,Rail,114.66666666666667,136,96,20.132891827388665,3,57.333333333333336,23.0,30.0,0,High Demand
Rishikesh-Shri Ganganagar,Rail,261.5,333,190,101.1162697096763,2,52.300000000000004,508.0,254.0,0,High Demand
Rl Haridwar Jn-Bandra Terminus,Rail,492.0,492,492,0.0,1,61.5,1616.0,808.0,0,High Demand
Rl Ludhiana Jn-Kota Jn,Rail,197.0,197,197,0.0,1,24.625,1111.0,555.5,0,High Demand
Roha-Diva Jn,Rail,76.66666666666667,132,44,48.18021724041241,3,38.333333333333336,105.0,52.5,0,High Demand
Rohtak Jn-Bhiwani,Rail,92.5,98,87,7.7781745930520225,2,46.25,49.0,30.0,0,High Demand
Rohtak Jn-Delhi,Rail,56.5,64,49,10.606601717798213,2,28.25,70.0,35.0,0,High Demand
Rohtak Jn-Hansi,Rail,104.0,104,104,0.0,1,52.0,71.0,35.5,0,High Demand
Rohtak Jn-Jind Jn,Rail,90.75,137,59,36.57298638795215,4,45.375,120.0,60.375,0,High Demand
Rohtak Jn-Kamakhya,Rail,450.0,450,450,0.0,1,56.25,1939.0,969.5,0,High Demand
Rohtak Jn-New Delhi,Rail,301.0,303,299,2.8284271247461903,2,100.0,72.0,36.0,0,High Demand
Rohtak Jn-Panipat Jn,Rail,125.0,125,125,0.0,1,62.5,71.0,35.5,0,High Demand
Rohtak Jn-Rewari,Rail,105.0,105,105,0.0,1,52.5,81.0,40.5,0,High Demand
Rohtak Jn-Tilak Bridge,Rail,155.0,155,155,0.0,1,77.5,74.0,37.0,0,High Demand
Rourkela-Badampahar,Rail,206.0,206,206,0.0,1,100.0,253.0,126.5,0,High Demand
Rourkela-Bhubaneswar,Rail,279.0,279,279,0.0,1,55.800000000000004,419.0,209.5,0,High Demand
Rourkela-Chakradharpur,Rail,103.0,103,103,0.0,1,51.5,101.0,50.5,0,High Demand
Rourkela-Gunupur,Rail,175.0,175,175,0.0,1,35.0,798.0,399.0,0,High Demand
Rourkela-Hatia,Rail,129.0,129,129,0.0,1,64.5,164.0,82.0,0,High Demand
Rourkela-Howrah Jn,Rail,190.0,190,190,0.0,1,38.0,413.0,206.5,0,High Demand
Rourkela-Jaynagar,Rail,297.5,320,275,31.81980515339464,2,59.5,778.0,389.0,0,High Demand
Rourkela-Jharsuguda Jn,Rail,56.0,56,56,0.0,2,28.000000000000004,101.5,50.75,0,High Demand
Rourkela-Puri,Rail,129.0,227,59,87.42997197757758,3,25.8,520.3333333333334,260.1666666666667,0,High Demand
Rourkela-Tatanagar Jn,Rail,100.0,100,100,0.0,1,50.0,163.0,81.5,0,High Demand
Roza Jn-Bareilly,Rail,71.0,71,71,0.0,1,35.5,78.0,39.0,0,High Demand
Rupsa Jn-Baripada Ph,Rail,80.0,80,80,0.0,1,40.0,52.0,30.0,0,High Demand
Rupsa Jn-Bhanjpur,Rail,125.5,182,69,79.90306627407988,2,62.75,55.0,30.0,0,High Demand
Ruthiyai-Bina Jn,Rail,108.0,108,108,0.0,1,54.0,139.0,69.5,0,High Demand
Sabalgarh-Gwalior Ng,Rail,160.0,191,129,43.840620433565945,2,80.0,93.0,46.5,0,High Demand
Sabalgarh-Sheopur Kalan,Rail,43.0,43,43,0.0,1,21.5,104.0,52.0,0,High Demand
Sabarmati Bg-Agra Cantt,Rail,240.0,240,240,0.0,1,48.0,861.0,430.5,0,High Demand
Sabarmati Bg-Amritsar Jn,Rail,450.0,450,450,0.0,1,56.25,1429.0,714.5,0,High Demand
Sabarmati Bg-Daulatpur Chowk,Rail,381.0,381,381,0.0,1,47.625,1378.0,689.0,0,High Demand
Sabarmati Bg-Delhi,Rail,304.0,304,304,0.0,1,60.8,928.0,464.0,0,High Demand
Sabarmati Bg-Gwalior Jn,Rail,456.0,456,456,0.0,1,91.2,979.0,489.5,0,High Demand
Sabarmati Bg-Jaisalmer,Rail,315.0,315,315,0.0,1,63.0,759.0,379.5,0,High Demand
Sabarmati Bg-Jodhpur Jn,Rail,256.5,387,128,109.64336125213723,4,51.3,453.25,226.625,0,High Demand
Sabarmati Bg-Katosan Road,Rail,125.0,125,125,0.0,1,62.5,58.0,30.0,0,High Demand
Sabarmati Bg-Muzaffarpur Jn,Rail,147.0,147,147,0.0,1,18.375,1751.0,875.5,0,High Demand
Sabarmati Bg-New Delhi,Rail,415.0,415,415,0.0,1,83.0,929.0,464.5,0,High Demand
Sabarmati Bg-Sultanpur Jn,Rail,427.0,427,427,0.0,1,53.37499999999999,1554.0,777.0,0,High Demand
Sabarmati Bg-Varanasi Jn,Rail,443.0,443,443,0.0,1,55.375,1704.0,852.0,0,High Demand
Sabarmati Bg-Veraval,Rail,162.0,162,162,0.0,1,32.4,438.0,219.0,0,High Demand
Sabarmati Bg-Yog N Rishikesh,Rail,154.0,154,154,0.0,1,19.25,1231.0,615.5,0,High Demand
Sabroom-Sealdah,Rail,145.0,145,145,0.0,1,18.125,1659.0,829.5,0,High Demand
Sadulpur Jn-Shri Ganganagar,Rail,85.0,85,85,0.0,1,42.5,246.0,123.0,0,High Demand
Sagauli Jn-Narkatiaganj Jn,Rail,332.0,332,332,0.0,1,100.0,59.0,30.0,0,High Demand
Sagauli Jn-Raxaul Jn,Rail,193.0,193,193,0.0,1,96.5,29.0,30.0,0,High Demand
Saharanpur-Ambala Cant Jn,Rail,170.0,170,170,0.0,1,85.0,81.0,40.5,0,High Demand
Saharanpur-Dehradun,Rail,127.0,127,127,0.0,1,63.5,132.0,66.0,0,High Demand
Saharanpur-Delhi,Rail,144.1,237,51,71.3838606097734,10,68.05,171.7,85.85,0,High Demand
Saharanpur-Gomtinagar (Lucknow,Rail,185.0,185,185,0.0,1,37.0,535.0,267.5,0,High Demand
Saharanpur-Lucknow,Rail,205.0,205,205,0.0,1,41.0,518.0,259.0,0,High Demand
Saharanpur-Moradabad,Rail,58.0,58,58,0.0,1,28.999999999999996,193.0,96.5,0,High Demand
Saharanpur-Nangal Dam,Rail,162.0,162,162,0.0,1,81.0,238.0,119.0,0,High Demand
Saharanpur-Prayagrajsangam,Rail,221.0,272,170,72.12489168102785,2,44.2,770.0,385.0,0,High Demand
Saharsa Jn-Ahmedabad Jn,Rail,265.0,265,265,0.0,1,33.125,2277.0,1138.5,0,High Demand
Saharsa Jn-Amritsar Jn,Rail,241.0,241,241,0.0,1,30.125,1614.0,807.0,0,High Demand
Saharsa Jn-Anand Vihar Terminal,Rail,338.0,486,190,209.30360723121808,2,42.25,1221.0,610.5,0,High Demand
Saharsa Jn-Bandra Terminus,Rail,286.0,286,286,0.0,1,35.75,2060.0,1030.0,0,High Demand
Saharsa Jn-Barauni Jn,Rail,308.0,308,308,0.0,1,100.0,109.0,54.5,0,High Demand
Saharsa Jn-Chheharta,Rail,516.0,516,516,0.0,1,64.5,1590.0,795.0,0,High Demand
Saharsa Jn-Dauram Madhepura,Rail,124.0,124,124,0.0,1,62.0,22.0,30.0,0,High Demand
Saharsa Jn-Jogbani,Rail,241.0,241,241,0.0,1,100.0,125.0,62.5,0,High Demand
Saharsa Jn-Laheria Sarai,Rail,89.0,128,65,34.07345007480164,3,44.5,152.0,76.0,0,High Demand
Saharsa Jn-Lokmanyatilak,Rail,484.0,484,484,0.0,1,60.5,1956.0,978.0,0,High Demand
Saharsa Jn-Patliputra,Rail,277.0,277,277,0.0,1,100.0,218.0,109.0,0,High Demand
Saharsa Jn-Patna Jn,Rail,325.0,335,315,14.142135623730951,2,100.0,222.0,111.0,0,High Demand
Saharsa Jn-Purnea Court,Rail,80.0,80,80,0.0,1,40.0,95.0,47.5,0,High Demand
Saharsa Jn-Rajendranagar T,Rail,221.5,303,140,115.25840533340725,2,85.0,216.0,108.0,0,High Demand
Saharsa Jn-Samastipur Jn,Rail,130.0,211,45,66.36264009214823,6,64.08333333333333,148.66666666666666,74.33333333333333,0,High Demand
Saharsa Jn-Sealdah,Rail,294.5,318,271,33.23401871576773,2,58.900000000000006,573.5,286.75,0,High Demand
Saharsa Jn-Smvt Bengaluru,Rail,265.0,265,265,0.0,1,33.125,2907.0,1453.5,0,High Demand
Saharsa Jn-Supaul,Rail,105.0,105,105,0.0,1,52.5,27.0,30.0,0,High Demand
Saharsa Jn-Tharbitia,Rail,117.0,206,48,56.00357131469385,6,58.0,40.0,30.0,0,High Demand
Saharsa Jn-Triveniganj,Rail,96.0,96,96,0.0,1,48.0,58.0,30.0,0,High Demand
Sahibabad-Delhi,Rail,145.0,145,145,0.0,1,72.5,22.0,30.0,0,High Demand
Sahibganj  Jn-Azimganj,Rail,105.0,126,84,29.698484809834994,2,52.5,146.5,73.25,0,High Demand
Sahibganj  Jn-Barddhaman,Rail,133.0,133,133,0.0,1,66.5,249.0,124.5,0,High Demand
Sahibganj  Jn-Barharwa Jn,Rail,114.0,114,114,0.0,1,56.99999999999999,55.0,30.0,0,High Demand
Sahibganj  Jn-Bhagalpur,Rail,117.5,179,56,86.97413408594535,2,58.75,75.0,37.5,0,High Demand
Sahibganj  Jn-Danapur,Rail,197.0,197,197,0.0,1,98.5,306.0,153.0,0,High Demand
Sahibganj  Jn-Howrah Jn,Rail,252.0,252,252,0.0,1,100.0,353.0,176.5,0,High Demand
Sahibganj  Jn-Jamalpur Jn,Rail,167.5,211,124,61.518289963229634,2,81.0,128.0,64.0,0,High Demand
Sahibganj  Jn-Malda Town,Rail,145.5,146,145,0.7071067811865476,2,72.75,103.5,51.75,0,High Demand
Sahibganj  Jn-Rampur Hat,Rail,121.75,192,60,58.27735409230587,4,60.875,137.0,68.5,0,High Demand
Sahibzada Ajitsingh Nagar(Mohali-Firozpur Cantt Jn,Rail,257.0,257,257,0.0,1,100.0,224.0,112.0,0,High Demand
Sainagar Shirdi-C Shivaji Maharaj T,Rail,197.0,234,160,52.32590180780452,2,66.0,399.0,199.5,0,High Demand
Sainagar Shirdi-Dadar,Rail,236.66666666666666,327,133,97.68486747359252,3,72.16666666666667,370.3333333333333,185.16666666666666,0,High Demand
Sainagar Shirdi-Kakinada Port,Rail,150.0,150,150,0.0,1,18.75,1339.0,669.5,0,High Demand
Sainagar Shirdi-Kalka,Rail,269.0,269,269,0.0,1,33.625,1676.0,838.0,0,High Demand
Sainagar Shirdi-Machelipatnam,Rail,219.0,219,219,0.0,1,27.375,1219.0,609.5,0,High Demand
Sainagar Shirdi-Mgr Chennai Ctr,Rail,228.0,228,228,0.0,1,28.499999999999996,1392.0,696.0,0,High Demand
Sainagar Shirdi-Mysore Jn,Rail,374.0,374,374,0.0,1,46.75,1427.0,713.5,0,High Demand
Sainagar Shirdi-Puri,Rail,225.0,291,159,93.33809511662427,2,28.125,1687.0,843.5,0,High Demand
Sainagar Shirdi-Secunderabad Jn,Rail,176.0,176,176,0.0,1,35.199999999999996,776.0,388.0,0,High Demand
Sainagar Shirdi-Tirupati,Rail,329.5,392,267,88.38834764831844,2,41.1875,1435.0,717.5,0,High Demand
Sainagar Shirdi-Visakhapatnam,Rail,137.0,137,137,0.0,1,17.125,1396.0,698.0,0,High Demand
Sainthia Jn-Andal Jn,Rail,152.25,212,103,51.551753930718334,4,74.625,79.0,39.5,0,High Demand
Sairang-Anand Vihar Terminal,Rail,479.0,479,479,0.0,1,59.875,2512.0,1256.0,0,High Demand
Sairang-Guwahati,Rail,190.0,190,190,0.0,1,38.0,494.0,247.0,0,High Demand
Sairang-Kolkata,Rail,332.0,332,332,0.0,1,41.5,1505.0,752.5,0,High Demand
Sairang-Silchar,Rail,50.0,50,50,0.0,1,25.0,154.0,77.0,0,High Demand
Sakri Jn-Ghogardiha,Rail,110.2,168,62,42.25162718760072,5,55.1,40.0,30.0,0,High Demand
Sakri Jn-Jhanjharpur Jn,Rail,151.0,151,151,0.0,1,75.5,19.0,30.0,0,High Demand
Sakri Jn-Laukaha Bazar,Rail,140.5,214,56,66.28473931959503,4,68.5,62.0,31.0,0,High Demand
Salem Jn-Arakkonam,Rail,208.0,208,208,0.0,1,100.0,270.0,135.0,0,High Demand
Salem Jn-Chennai Egmore,Rail,233.5,354,113,170.41273426595797,2,78.25,353.0,176.5,0,High Demand
Salem Jn-Erode Jn,Rail,100.0,100,100,0.0,1,50.0,59.0,30.0,0,High Demand
Salem Jn-Mayiladuturai Jn,Rail,367.0,367,367,0.0,1,100.0,281.0,140.5,0,High Demand
Salem Jn-Yasvantpur Jn,Rail,169.5,213,126,61.518289963229634,2,81.5,221.0,110.5,0,High Demand
Salempur Jn-Barhaj Bazar,Rail,118.33333333333333,147,69,42.91076011134426,3,59.166666666666664,20.0,30.0,0,High Demand
Samastipur Jn-Barauni Jn,Rail,164.0,164,164,0.0,1,82.0,51.0,30.0,0,High Demand
Samastipur Jn-Darbhanga Jn,Rail,102.0,102,102,0.0,1,51.0,37.0,30.0,0,High Demand
Samastipur Jn-Jaynagar,Rail,131.0,132,130,1.4142135623730951,2,65.5,105.0,52.5,0,High Demand
Samastipur Jn-Katihar Jn,Rail,132.5,146,119,19.091883092036785,2,66.25,230.0,115.0,0,High Demand
Samastipur Jn-Muzaffarpur Jn,Rail,148.5,169,128,28.991378028648448,2,74.25,52.0,30.0,0,High Demand
Samastipur Jn-Raxaul Jn,Rail,219.0,219,219,0.0,1,100.0,191.0,95.5,0,High Demand
Samastipur Jn-Saharsa Jn,Rail,138.83333333333334,209,88,47.44856864718542,6,68.66666666666667,148.66666666666666,74.33333333333333,0,High Demand
Samastipur Jn-Siwan Jn,Rail,99.5,110,89,14.849242404917497,2,49.75,225.5,112.75,0,High Demand
Sambahal Hatim Sarai-Moradabad,Rail,116.0,116,116,0.0,1,57.99999999999999,47.0,30.0,0,High Demand
Sambalpur-Boudh,Rail,169.0,169,169,0.0,1,84.5,213.0,106.5,0,High Demand
Sambalpur-Gorakhpur,Rail,204.0,204,204,0.0,1,25.5,1170.0,585.0,0,High Demand
Sambalpur-H Sahib Nanded,Rail,376.0,376,376,0.0,1,47.0,1465.0,732.5,0,High Demand
Sambalpur-Jammu Tawi,Rail,429.0,429,429,0.0,1,53.625,2376.0,1188.0,0,High Demand
Sambalpur-Jharsuguda Jn,Rail,160.0,207,113,66.46803743153546,2,78.25,49.0,30.0,0,High Demand
Sambalpur-Junagarh Road,Rail,62.0,62,62,0.0,1,31.0,283.0,141.5,0,High Demand
Sambalpur-Koraput Jn,Rail,114.0,114,114,0.0,1,22.8,494.0,247.0,0,High Demand
Sambalpur-Puri,Rail,301.0,301,301,0.0,1,100.0,342.0,171.0,0,High Demand
Sambalpur-Rayagada,Rail,150.0,150,150,0.0,1,75.0,322.0,161.0,0,High Demand
Sambalpur-Shalimar,Rail,164.5,213,116,68.58935777509511,2,32.900000000000006,664.0,332.0,0,High Demand
Sanawad-Khandwa,Rail,145.0,187,103,59.39696961966999,2,72.5,54.0,30.0,0,High Demand
Sanawad-Mhow,Rail,87.0,87,87,0.0,1,43.5,63.0,31.5,0,High Demand
Sangaldan-Baramulla,Rail,180.0,180,180,0.0,1,90.0,183.0,91.5,0,High Demand
Sangli-Ksr Bengaluru,Rail,231.0,231,231,0.0,1,46.2,755.0,377.5,0,High Demand
Sangli-Parli Vaijnath,Rail,235.0,235,235,0.0,1,47.0,455.0,227.5,0,High Demand
Sanjan-Virar,Rail,64.0,64,64,0.0,1,32.0,89.0,44.5,0,High Demand
Santragachi Jn-Digha F S,Rail,177.5,284,71,150.61374439273462,2,67.75,178.0,89.0,0,High Demand
Santragachi Jn-H Sahib Nanded,Rail,502.0,502,502,0.0,1,62.74999999999999,1653.0,826.5,0,High Demand
Santragachi Jn-Jabalpur,Rail,451.0,451,451,0.0,1,56.375,1122.0,561.0,0,High Demand
Santragachi Jn-Jhargram,Rail,167.0,167,167,0.0,1,83.5,147.0,73.5,0,High Demand
Santragachi Jn-Mangalore Central,Rail,556.0,556,556,0.0,1,69.5,2487.0,1243.5,0,High Demand
Santragachi Jn-Mgr Chennai Ctr,Rail,307.0,307,307,0.0,1,38.375,1654.0,827.0,0,High Demand
Santragachi Jn-Paradeep,Rail,390.0,390,390,0.0,1,78.0,487.0,243.5,0,High Demand
Santragachi Jn-Porbandar,Rail,513.0,513,513,0.0,1,64.125,2657.0,1328.5,0,High Demand
Santragachi Jn-Purulia Jn,Rail,310.0,310,310,0.0,1,100.0,326.0,163.0,0,High Demand
Santragachi Jn-Rani Kamlapati(Bhopal,Rail,210.0,210,210,0.0,1,26.25,1437.0,718.5,0,High Demand
Santragachi Jn-Tambaram,Rail,242.0,291,193,69.29646455628166,2,30.25,1676.5,838.25,0,High Demand
Santragachi Jn-Tirupati,Rail,276.0,276,276,0.0,1,34.5,1610.0,805.0,0,High Demand
Santragachi Jn-Yelahanka Jn.,Rail,233.0,233,233,0.0,1,29.125,1884.0,942.0,0,High Demand
Sarsoki-Konch,Rail,139.0,145,133,8.48528137423857,2,69.5,46.0,30.0,0,High Demand
Sasaram-Ara,Rail,155.5,193,80,51.163137771902406,4,77.75,97.0,48.5,0,High Demand
Sasaram-Dhanbad Jn,Rail,268.0,268,268,0.0,1,100.0,302.0,151.0,0,High Demand
Sasaram-Patna Jn,Rail,199.0,199,199,0.0,1,99.5,146.0,73.0,0,High Demand
Sasaram-Ranchi,Rail,334.0,334,334,0.0,1,100.0,362.0,181.0,0,High Demand
Satara-Dadar,Rail,229.0,229,229,0.0,1,45.800000000000004,690.0,345.0,0,High Demand
Satna-Itarsi Jn,Rail,133.5,161,106,38.890872965260115,2,26.700000000000003,434.0,217.0,0,High Demand
Satna-Katni,Rail,129.0,195,63,93.33809511662427,2,64.5,98.0,49.0,0,High Demand
Satna-Manikpur Jn,Rail,108.75,166,47,52.14962447931273,4,54.375,77.75,38.875,0,High Demand
Satrod-Delhi,Rail,65.0,65,65,0.0,1,32.5,214.0,107.0,0,High Demand
Sawai Madhopur-Kota Jn,Rail,205.0,205,205,0.0,1,100.0,108.0,54.0,0,High Demand
Sawai Madhopur-Mathura Jn,Rail,76.0,76,76,0.0,1,38.0,216.0,108.0,0,High Demand
Sawantwadi Road-Dadar,Rail,116.0,116,116,0.0,1,23.200000000000003,647.0,323.5,0,High Demand
Sawantwadi Road-Diva Jn,Rail,138.0,185,91,66.46803743153546,2,27.6,614.5,307.25,0,High Demand
Sawantwadi Road-Madgaon,Rail,196.0,196,196,0.0,1,98.0,111.0,55.5,0,High Demand
Sealdah-Agartala,Rail,190.0,190,190,0.0,1,23.75,1546.0,773.0,0,High Demand
Sealdah-Ajmer Jn,Rail,265.0,265,265,0.0,1,33.125,1642.0,821.0,0,High Demand
Sealdah-Amritsar Jn,Rail,145.0,145,145,0.0,1,18.125,1894.0,947.0,0,High Demand
Sealdah-Anand Vihar Terminal,Rail,334.0,334,334,0.0,1,41.75,1633.0,816.5,0,High Demand
Sealdah-Asansol Jn,Rail,112.0,112,112,0.0,1,56.00000000000001,220.0,110.0,0,High Demand
Sealdah-Ballia,Rail,228.0,228,228,0.0,1,45.6,679.0,339.5,0,High Demand
Sealdah-Balurghat,Rail,174.0,174,174,0.0,1,34.8,445.0,222.5,0,High Demand
Sealdah-Bamanhat,Rail,124.0,124,124,0.0,1,24.8,743.0,371.5,0,High Demand
Sealdah-Banaras,Rail,279.0,279,279,0.0,1,55.800000000000004,770.0,385.0,0,High Demand
Sealdah-Bikaner Jn,Rail,457.0,457,457,0.0,1,57.125,1918.0,959.0,0,High Demand
Sealdah-Godda,Rail,154.0,154,154,0.0,1,77.0,368.0,184.0,0,High Demand
Sealdah-Haldibari,Rail,256.0,256,256,0.0,1,51.2,624.0,312.0,0,High Demand
Sealdah-Jalpaiguri Road,Rail,174.0,174,174,0.0,1,34.8,584.0,292.0,0,High Demand
Sealdah-Jangipur Road,Rail,165.0,165,165,0.0,1,82.5,263.0,131.5,0,High Demand
Sealdah-Jaynagar,Rail,399.0,399,399,0.0,1,79.80000000000001,624.0,312.0,0,High Demand
Sealdah-Lalgola,Rail,173.0,291,87,64.3331174435065,9,79.61111111111111,229.66666666666666,114.83333333333333,0,High Demand
Sealdah-Malda Town,Rail,135.0,135,135,0.0,1,67.5,347.0,173.5,0,High Demand
Sealdah-Muzaffarpur Jn,Rail,130.0,130,130,0.0,1,26.0,568.0,284.0,0,High Demand
Sealdah-New Alipurduar,Rail,285.5,331,240,64.34671708797582,2,57.1,714.5,357.25,0,High Demand
Sealdah-New Delhi,Rail,726.0,726,726,0.0,1,90.75,1455.0,727.5,0,High Demand
Sealdah-Puri,Rail,253.0,253,253,0.0,1,50.6,522.0,261.0,0,High Demand
Sealdah-Rampur Hat,Rail,202.5,276,129,103.94469683442249,2,82.25,219.5,109.75,0,High Demand
Sealdah-Ranaghat Jn,Rail,145.0,145,145,0.0,1,72.5,76.0,38.0,0,High Demand
Sealdah-Sabroom,Rail,359.0,359,359,0.0,1,44.875,1659.0,829.5,0,High Demand
Sealdah-Saharsa Jn,Rail,241.5,359,124,166.17009357883867,2,48.3,573.5,286.75,0,High Demand
Sealdah-Silchar,Rail,200.0,269,131,97.58073580374356,2,25.0,1355.0,677.5,0,High Demand
Sealdah-Sitamarhi,Rail,415.0,415,415,0.0,1,83.0,634.0,317.0,0,High Demand
Sealdah-Siuri,Rail,75.0,75,75,0.0,1,37.5,257.0,128.5,0,High Demand
Sealdah-Varanasi Jn,Rail,225.0,225,225,0.0,1,45.0,871.0,435.5,0,High Demand
Secunderabad Jn-Bhadrachalam Road,Rail,368.0,368,368,0.0,1,100.0,282.0,141.0,0,High Demand
Secunderabad Jn-Bidar,Rail,237.0,237,237,0.0,1,100.0,163.0,81.5,0,High Demand
Secunderabad Jn-Chittapur,Rail,177.0,177,177,0.0,1,88.5,170.0,85.0,0,High Demand
Secunderabad Jn-Danapur,Rail,309.0,309,309,0.0,1,38.625,1830.0,915.0,0,High Demand
Secunderabad Jn-Gudur Jn,Rail,194.0,194,194,0.0,1,38.800000000000004,642.0,321.0,0,High Demand
Secunderabad Jn-Guntur Jn,Rail,303.5,329,278,36.062445840513924,2,100.0,381.0,190.5,0,High Demand
Secunderabad Jn-Hazrat Nizamuddin,Rail,501.6666666666667,760,209,277.09986166242186,3,62.708333333333336,1664.3333333333333,832.1666666666666,0,High Demand
Secunderabad Jn-Hisar,Rail,211.0,217,205,8.48528137423857,2,26.375,2421.0,1210.5,0,High Demand
Secunderabad Jn-Howrah Jn,Rail,168.0,168,168,0.0,1,21.0,1545.0,772.5,0,High Demand
Secunderabad Jn-Kazipet Jn,Rail,164.0,164,164,0.0,1,82.0,131.0,65.5,0,High Demand
Secunderabad Jn-Lokmanyatilak,Rail,576.0,576,576,0.0,1,100.0,773.0,386.5,0,High Demand
Secunderabad Jn-Manuguru,Rail,165.66666666666666,264,113,85.231058501777,3,72.16666666666667,331.0,165.5,0,High Demand
Secunderabad Jn-Nagpur,Rail,154.0,154,154,0.0,1,30.8,578.0,289.0,0,High Demand
Secunderabad Jn-Porbandar,Rail,379.0,379,379,0.0,1,47.375,1694.0,847.0,0,High Demand
Secunderabad Jn-Pune Jn,Rail,220.0,220,220,0.0,1,44.0,597.0,298.5,0,High Demand
Secunderabad Jn-Raipur Jn,Rail,379.0,379,379,0.0,1,75.8,880.0,440.0,0,High Demand
Secunderabad Jn-Rajkot Jn,Rail,328.0,333,323,7.0710678118654755,2,41.0,1478.0,739.0,0,High Demand
Secunderabad Jn-Repalle,Rail,310.0,310,310,0.0,1,100.0,341.0,170.5,0,High Demand
Secunderabad Jn-Sainagar Shirdi,Rail,274.0,274,274,0.0,1,54.800000000000004,776.0,388.0,0,High Demand
Secunderabad Jn-Shalimar,Rail,476.0,494,458,25.45584412271571,2,59.5,1576.0,788.0,0,High Demand
Secunderabad Jn-Sirpur Kaghaznagar,Rail,207.5,308,107,142.12846301849606,2,76.75,297.0,148.5,0,High Demand
Secunderabad Jn-Thiruvananthapuram Central,Rail,458.5,544,373,120.91525958289962,2,57.3125,1558.0,779.0,0,High Demand
Secunderabad Jn-Tirupati,Rail,285.75,390,114,120.17868640764328,4,57.15,726.75,363.375,0,High Demand
Secunderabad Jn-Vasco Da Gama,Rail,240.0,240,240,0.0,1,48.0,861.0,430.5,0,High Demand
Secunderabad Jn-Vijayawada Jn,Rail,180.0,180,180,0.0,1,90.0,350.0,175.0,0,High Demand
Secunderabad Jn-Vikarabad Jn,Rail,208.0,208,208,0.0,1,100.0,73.0,36.5,0,High Demand
Secunderabad Jn-Visakhapatnam,Rail,372.0,567,141,153.48941331570722,5,71.72,684.6,342.3,0,High Demand
Secunderabad Jn-Warangal,Rail,141.0,141,141,0.0,1,70.5,142.0,71.0,0,High Demand
Sengottai-Chennai Egmore,Rail,205.0,205,205,0.0,1,41.0,670.0,335.0,0,High Demand
Sengottai-Erode Jn,Rail,279.0,279,279,0.0,1,55.800000000000004,442.0,221.0,0,High Demand
Sengottai-Madurai Jn,Rail,94.0,120,68,36.76955262170047,2,47.0,173.0,86.5,0,High Demand
Sengottai-Mayiladuturai Jn,Rail,266.0,266,266,0.0,1,53.2,454.0,227.0,0,High Demand
Sengottai-Tambaram,Rail,292.0,418,166,178.19090885900997,2,58.4,711.5,355.75,0,High Demand
Sengottai-Tirunelveli,Rail,134.5,199,64,45.70089089472358,8,67.25,78.0,39.0,0,High Demand
Seoni-Betul,Rail,105.0,151,59,65.05382386916237,2,52.5,203.0,101.5,0,High Demand
Seoni-Firozpur Cantt Jn,Rail,292.5,346,239,75.66042558696059,2,36.5625,1499.0,749.5,0,High Demand
Shahdol-Ambikapur,Rail,228.33333333333334,324,177,82.92365967161201,3,93.5,216.0,108.0,0,High Demand
Shahdol-Bilaspur Jn,Rail,54.0,54,54,0.0,1,27.0,192.0,96.0,0,High Demand
Shahdol-Nagpur,Rail,191.0,191,191,0.0,1,38.2,630.0,315.0,0,High Demand
Shahganj Jn-Aunrihar Jn,Rail,79.0,79,79,0.0,1,39.5,157.0,78.5,0,High Demand
Shahganj Jn-Ballia,Rail,152.0,156,148,5.656854249492381,2,76.0,169.0,84.5,0,High Demand
Shahjahanpur Jn-Pilibhit Jn,Rail,146.83333333333334,206,59,61.96907831061123,6,72.91666666666667,84.0,42.0,0,High Demand
Shahjehanpur-Balamau Jn,Rail,55.0,55,55,0.0,1,27.500000000000004,96.0,48.0,0,High Demand
Shahjehanpur-Lucknow,Rail,79.0,79,79,0.0,1,39.5,164.0,82.0,0,High Demand
Shahjehanpur-Pilibhit Jn,Rail,111.75,196,53,60.22942248879142,4,55.875,84.0,42.0,0,High Demand
Shahjehanpur-Sitapur City,Rail,75.0,75,75,0.0,1,37.5,87.0,43.5,0,High Demand
Shahjehanpur-Sitapur Jn,Rail,174.0,188,160,19.79898987322333,2,87.0,91.0,45.5,0,High Demand
Shaktinagar-Chopan,Rail,208.5,328,89,168.99852070358486,2,72.25,82.0,41.0,0,High Demand
Shaktinagar-Tanakpur,Rail,211.5,306,117,133.64318164425748,2,42.3,863.0,431.5,0,High Demand
Shaktinagar-Varanasi Jn,Rail,170.0,170,170,0.0,1,85.0,227.0,113.5,0,High Demand
Shakurbasti ( Delhi-Ballabgarh,Rail,158.0,158,158,0.0,1,79.0,47.0,30.0,0,High Demand
Shakurbasti ( Delhi-Dankaur,Rail,83.0,83,83,0.0,1,41.5,65.0,32.5,0,High Demand
Shakurbasti ( Delhi-Dehradun,Rail,217.5,318,117,142.12846301849606,2,79.25,345.0,172.5,0,High Demand
Shakurbasti ( Delhi-Ghaziabad,Rail,147.0,147,147,0.0,1,73.5,37.0,30.0,0,High Demand
Shakurbasti ( Delhi-Hazrat Nizamuddin,Rail,87.66666666666667,105,63,21.939310229205777,3,43.833333333333336,25.0,30.0,0,High Demand
Shakurbasti ( Delhi-Jaisalmer,Rail,289.0,289,289,0.0,1,57.8,912.0,456.0,0,High Demand
Shakurbasti ( Delhi-Mathura Jn,Rail,205.0,205,205,0.0,1,100.0,152.0,76.0,0,High Demand
Shakurbasti ( Delhi-New Delhi,Rail,183.0,183,183,0.0,1,91.5,11.0,30.0,0,High Demand
Shakurbasti ( Delhi-Palwal,Rail,129.66666666666666,204,44,80.59983457385836,3,64.16666666666667,67.66666666666667,33.833333333333336,0,High Demand
Shalimar-Badampahar,Rail,139.0,139,139,0.0,1,69.5,337.0,168.5,0,High Demand
Shalimar-Bhanjpur,Rail,265.0,265,265,0.0,1,100.0,272.0,136.0,0,High Demand
Shalimar-Bhojudih Jn,Rail,162.0,162,162,0.0,1,81.0,311.0,155.5,0,High Demand
Shalimar-Bhuj,Rail,348.0,348,348,0.0,1,43.5,2421.0,1210.5,0,High Demand
Shalimar-Charlapalli (Secunderabad,Rail,212.5,217,208,6.363961030678928,2,26.5625,1558.0,779.0,0,High Demand
Shalimar-Gorakhpur,Rail,302.0,302,302,0.0,1,37.75,1131.0,565.5,0,High Demand
Shalimar-Lokmanyatilak,Rail,303.0,442,130,158.75452749449383,3,37.875,1993.0,996.5,0,High Demand
Shalimar-Mgr Chennai Ctr,Rail,352.5,481,224,181.7264427649427,2,44.0625,1652.5,826.25,0,High Demand
Shalimar-Nagarcoil Jn,Rail,270.0,270,270,0.0,1,33.75,2583.0,1291.5,0,High Demand
Shalimar-Okha,Rail,207.0,207,207,0.0,1,25.874999999999996,2584.0,1292.0,0,High Demand
Shalimar-Patna Jn,Rail,320.0,320,320,0.0,1,64.0,546.0,273.0,0,High Demand
Shalimar-Porbandar,Rail,202.0,202,202,0.0,1,25.25,2548.0,1274.0,0,High Demand
Shalimar-Puri,Rail,290.8,460,172,109.220877125209,5,58.160000000000004,500.0,250.0,0,High Demand
Shalimar-Sambalpur,Rail,213.0,287,139,104.65180361560904,2,42.6,664.0,332.0,0,High Demand
Shalimar-Secunderabad Jn,Rail,320.5,433,208,159.0990257669732,2,40.0625,1576.0,788.0,0,High Demand
Shalimar-Thiruvananthapuram Central,Rail,426.0,426,426,0.0,1,53.25,2561.0,1280.5,0,High Demand
Shalimar-Udaipur City,Rail,413.0,480,346,94.75230867899737,2,51.625,1880.5,940.25,0,High Demand
Shalimar-Vasco Da Gama,Rail,226.0,226,226,0.0,1,28.249999999999996,2157.0,1078.5,0,High Demand
Shamli-Delhi,Rail,147.85714285714286,191,79,44.25090798099919,7,73.92857142857143,93.0,46.5,0,High Demand
Shamli-Delhi Shahdara,Rail,73.0,73,73,0.0,1,36.5,87.0,43.5,0,High Demand
Shanki-Hatia,Rail,80.0,86,74,8.48528137423857,2,40.0,47.0,30.0,0,High Demand
Sheopur Kalan-Gwalior Ng,Rail,144.0,144,144,0.0,1,72.0,196.0,98.0,0,High Demand
Sheopur Kalan-Sabalgarh,Rail,73.0,73,73,0.0,1,36.5,104.0,52.0,0,High Demand
Shikohabad Jn-Kasganj,Rail,79.0,79,79,0.0,1,39.5,214.0,107.0,0,High Demand
Shikohabad Jn-Phaphund,Rail,172.0,178,166,8.48528137423857,2,86.0,112.0,56.0,0,High Demand
Shimla-Kalka,Rail,196.75,314,117,87.55692026170338,8,80.25,96.0,48.0,0,High Demand
Shimla-Shoghi,Rail,288.0,288,288,0.0,1,100.0,18.0,30.0,0,High Demand
Shiupur-Utraitia Jn,Rail,139.0,139,139,0.0,1,69.5,265.0,132.5,0,High Demand
Shivamogga Town-Chikkamagalur,Rail,187.0,187,187,0.0,1,93.5,114.0,57.0,0,High Demand
Shivamogga Town-Ksr Bengaluru,Rail,159.66666666666666,196,103,49.72256362390553,3,79.83333333333333,274.0,137.0,0,High Demand
Shivamogga Town-Mgr Chennai Ctr,Rail,235.0,235,235,0.0,1,47.0,633.0,316.5,0,High Demand
Shivamogga Town-Mysore Jn,Rail,154.0,160,148,8.48528137423857,2,77.0,274.5,137.25,0,High Demand
Shivamogga Town-Talguppa,Rail,177.0,177,177,0.0,1,88.5,98.0,49.0,0,High Demand
Shivamogga Town-Tumkur,Rail,168.0,235,101,94.75230867899737,2,75.25,204.0,102.0,0,High Demand
Shivamogga Town-Yasvantpur Jn,Rail,316.6666666666667,349,299,28.041635710730812,3,100.0,269.0,134.5,0,High Demand
Shmata Vd Katra-Amritsar Jn,Rail,242.0,242,242,0.0,1,100.0,368.0,184.0,0,High Demand
Shmata Vd Katra-Dr Ambedkar Ngr (Mhow,Rail,168.0,168,168,0.0,1,21.0,1639.0,819.5,0,High Demand
Shmata Vd Katra-Gandhidham Jn,Rail,446.0,446,446,0.0,1,55.75,2035.0,1017.5,0,High Demand
Shmata Vd Katra-Ghazipur City,Rail,482.0,482,482,0.0,1,60.25,1393.0,696.5,0,High Demand
Shmata Vd Katra-Hapa,Rail,489.0,489,489,0.0,1,61.12499999999999,2058.0,1029.0,0,High Demand
Shmata Vd Katra-Jabalpur,Rail,335.0,335,335,0.0,1,41.875,1582.0,791.0,0,High Demand
Shmata Vd Katra-Jamnagar,Rail,503.0,503,503,0.0,1,62.875,2067.0,1033.5,0,High Demand
Shmata Vd Katra-Kalka,Rail,282.0,282,282,0.0,1,56.39999999999999,493.0,246.5,0,High Demand
Shmata Vd Katra-Kamakhya,Rail,427.0,427,427,0.0,1,53.37499999999999,2587.0,1293.5,0,High Demand
Shmata Vd Katra-Kanniyakumari,Rail,379.0,379,379,0.0,1,47.375,3790.0,1895.0,0,High Demand
Shmata Vd Katra-Kota Jn,Rail,266.0,266,266,0.0,1,33.25,1136.0,568.0,0,High Demand
Shmata Vd Katra-Mgr Chennai Ctr,Rail,239.0,239,239,0.0,1,29.875,2875.0,1437.5,0,High Demand
Shmata Vd Katra-New Delhi,Rail,271.0,404,109,121.95354306729539,4,54.2,655.0,327.5,0,High Demand
Shmata Vd Katra-Srinagar,Rail,211.5,257,166,64.34671708797582,2,91.5,191.0,95.5,0,High Demand
Shmata Vd Katra-Subedarganj (Prayagraj Jn,Rail,321.0,321,321,0.0,1,40.125,1280.0,640.0,0,High Demand
Shmata Vd Katra-Tirunelveli,Rail,232.0,334,130,144.2497833620557,2,29.0,3636.5,1818.25,0,High Demand
Shmata Vd Katra-Yog N Rishikesh,Rail,370.0,370,370,0.0,1,74.0,703.0,351.5,0,High Demand
Shoghi-Shimla,Rail,245.0,245,245,0.0,1,100.0,18.0,30.0,0,High Demand
Shoranur Jn-Coimbatore Jn,Rail,151.0,173,129,31.11269837220809,2,75.5,98.0,49.0,0,High Demand
Shoranur Jn-Ernakulam Jn,Rail,104.0,158,50,76.36753236814714,2,52.0,107.5,53.75,0,High Demand
Shoranur Jn-Kannur (Cannanore,Rail,112.0,163,61,72.12489168102785,2,56.0,175.0,87.5,0,High Demand
Shoranur Jn-Kozhikkode (Calicut,Rail,188.0,188,188,0.0,1,94.0,86.0,43.0,0,High Demand
Shoranur Jn-Nilambur Road,Rail,134.6,213,70,67.42254815712619,5,66.0,66.0,33.0,0,High Demand
Shoranur Jn-Thiruvananthapuram Central,Rail,310.0,310,310,0.0,1,100.0,327.0,163.5,0,High Demand
Shoranur Jn-Thrisur,Rail,161.5,169,154,10.606601717798213,2,80.75,34.0,30.0,0,High Demand
Shri Ganganagar-Ambala Cant Jn,Rail,252.33333333333334,301,223,42.44211744639202,3,100.0,328.0,164.0,0,High Demand
Shri Ganganagar-Bandra Terminus,Rail,366.5,397,336,43.1335136523794,2,45.8125,1611.5,805.75,0,High Demand
Shri Ganganagar-Bhatinda Jn,Rail,166.66666666666666,335,69,146.40469027095182,3,60.833333333333336,127.0,63.5,0,High Demand
Shri Ganganagar-Dadar Wr,Rail,404.0,404,404,0.0,1,50.5,1546.0,773.0,0,High Demand
Shri Ganganagar-Delhi,Rail,227.0,307,147,113.13708498984761,2,45.4,466.5,233.25,0,High Demand
Shri Ganganagar-H Sahib Nanded,Rail,259.3333333333333,465,144,178.55064640973254,3,32.416666666666664,1980.6666666666667,990.3333333333334,0,High Demand
Shri Ganganagar-Kalka,Rail,380.0,380,380,0.0,1,76.0,433.0,216.5,0,High Demand
Shri Ganganagar-Kota Jn,Rail,223.0,223,223,0.0,1,44.6,919.0,459.5,0,High Demand
Shri Ganganagar-Puri,Rail,376.0,376,376,0.0,1,47.0,2409.0,1204.5,0,High Demand
Shri Ganganagar-Rewari,Rail,168.0,168,168,0.0,1,33.6,427.0,213.5,0,High Demand
Shri Ganganagar-Rishikesh,Rail,244.5,387,102,201.52543263816605,2,48.900000000000006,508.0,254.0,0,High Demand
Shri Ganganagar-Sadulpur Jn,Rail,103.0,103,103,0.0,1,51.5,246.0,123.0,0,High Demand
Shri Ganganagar-Thiruvananthapuram North,Rail,492.0,492,492,0.0,1,61.5,3318.0,1659.0,0,High Demand
Shri Ganganagar-Tilak Bridge,Rail,98.0,137,59,55.154328932550705,2,19.6,474.0,237.0,0,High Demand
Shri Ganganagar-Tiruchchirappalli Jn,Rail,450.0,450,450,0.0,1,56.25,3119.0,1559.5,0,High Demand
Shrungavarapukota-Kirandul,Rail,108.0,108,108,0.0,1,21.6,472.0,236.0,0,High Demand
Sidhwar-Barka Kana,Rail,143.0,143,143,0.0,1,71.5,6.0,30.0,0,High Demand
Sikar Jn-Delhi S Rohilla,Rail,214.0,289,139,106.06601717798213,2,84.75,292.0,146.0,0,High Demand
Sikar Jn-Fatehpur Shekhawati,Rail,62.0,62,62,0.0,1,31.0,47.0,30.0,0,High Demand
Sikar Jn-Jaipur,Rail,111.0,186,48,69.77822009767804,3,55.5,107.0,53.5,0,High Demand
Sikar Jn-Rewari,Rail,133.75,167,86,37.473323845103465,4,66.875,213.0,106.5,0,High Demand
Silchar-Agartala,Rail,237.0,299,175,87.68124086713189,2,93.75,252.0,126.0,0,High Demand
Silchar-Bhairabi,Rail,157.0,157,157,0.0,1,78.5,103.0,51.5,0,High Demand
Silchar-Charlapalli (Secunderabad,Rail,365.0,437,293,101.82337649086284,2,45.625,2862.0,1431.0,0,High Demand
Silchar-Coimbatore Jn,Rail,315.0,487,143,243.24473272817235,2,39.375,3491.0,1745.5,0,High Demand
Silchar-Dharmanagar,Rail,131.0,131,131,0.0,1,65.5,117.0,58.5,0,High Demand
Silchar-Dullabcherra,Rail,193.0,193,193,0.0,1,96.5,103.0,51.5,0,High Demand
Silchar-Guwahati,Rail,190.5,235,146,62.932503525602726,2,86.5,380.0,190.0,0,High Demand
Silchar-Maishashan,Rail,114.5,172,57,81.31727983645297,2,57.25,62.0,31.0,0,High Demand
Silchar-New Delhi,Rail,263.0,263,263,0.0,1,32.875,2350.0,1175.0,0,High Demand
Silchar-New Tinsukia,Rail,376.0,376,376,0.0,1,75.2,566.0,283.0,0,High Demand
Silchar-Rangiya Jn,Rail,251.0,251,251,0.0,1,50.2,427.0,213.5,0,High Demand
Silchar-Sairang,Rail,124.0,124,124,0.0,1,62.0,154.0,77.0,0,High Demand
Silchar-Sealdah,Rail,178.0,226,130,67.88225099390856,2,22.25,1355.0,677.5,0,High Demand
Silchar-Thiruvananthapuram Central,Rail,351.0,395,307,62.22539674441618,2,43.875,3916.0,1958.0,0,High Demand
Silchar-Vangaichungpao,Rail,211.0,211,211,0.0,1,100.0,67.0,33.5,0,High Demand
Silghat Town-Alipur Duar Jn,Rail,141.0,141,141,0.0,1,28.199999999999996,587.0,293.5,0,High Demand
Silghat Town-Kolkata,Rail,413.0,413,413,0.0,1,51.625,1195.0,597.5,0,High Demand
Siliguri Jn-Alipur Duar Jn,Rail,143.0,143,143,0.0,1,71.5,161.0,80.5,0,High Demand
Siliguri Jn-Balurghat,Rail,234.0,234,234,0.0,1,100.0,320.0,160.0,0,High Demand
Siliguri Jn-Bamanhat,Rail,196.0,294,98,138.59292911256333,2,74.5,233.0,116.5,0,High Demand
Siliguri Jn-Gayabari,Rail,115.0,115,115,0.0,1,57.49999999999999,37.0,30.0,0,High Demand
Siliguri Jn-Katihar Jn,Rail,236.0,264,208,39.59797974644666,2,100.0,217.0,108.5,0,High Demand
Siliguri Jn-Rangtong,Rail,196.0,196,196,0.0,1,98.0,18.0,30.0,0,High Demand
Siliguri Jn-Siliguri,Rail,105.0,105,105,0.0,1,52.5,36.0,30.0,0,High Demand
Siliguru Town-Jogbani,Rail,208.0,208,208,0.0,1,100.0,314.0,157.0,0,High Demand
Simaluguri Jn-Dibrugarh,Rail,173.0,173,173,0.0,1,86.5,96.0,48.0,0,High Demand
Sindhanur-Hubballi Jn,Rail,205.5,264,147,82.73149339882606,2,86.75,210.0,105.0,0,High Demand
Sindhanur-Ksr Bengaluru,Rail,200.0,200,200,0.0,1,40.0,680.0,340.0,0,High Demand
Sindhanur-Yasvantpur Jn,Rail,124.0,124,124,0.0,1,24.8,625.0,312.5,0,High Demand
Sindri Town-Dhanbad Jn,Rail,137.5,169,106,44.54772721475249,2,68.75,28.0,30.0,0,High Demand
Sindri Town-Gomoh Jn,Rail,178.0,178,178,0.0,1,89.0,57.0,30.0,0,High Demand
Singhabad-Old Malda,Rail,205.0,205,205,0.0,1,100.0,24.0,30.0,0,High Demand
Singrauli-Bhopal  Jn,Rail,449.0,449,449,0.0,1,89.8,659.0,329.5,0,High Demand
Singrauli-Hazrat Nizamuddin,Rail,535.0,535,535,0.0,1,66.875,1072.0,536.0,0,High Demand
Singrauli-Jabalpur,Rail,166.0,166,166,0.0,1,83.0,351.0,175.5,0,High Demand
Singrauli-Patna Jn,Rail,303.0,323,283,28.284271247461902,2,60.6,481.0,240.5,0,High Demand
Singrauli-Tanakpur,Rail,267.5,409,126,200.11121907579295,2,53.5,844.0,422.0,0,High Demand
Singrauli-Varanasi Jn,Rail,242.0,242,242,0.0,1,100.0,208.0,104.0,0,High Demand
Sirmuttra-Dholpur (Ng,Rail,131.0,210,52,111.72287142747452,2,63.0,70.0,35.0,0,High Demand
Sirpur Kaghaznagar-Bidar,Rail,308.0,308,308,0.0,1,61.6,459.0,229.5,0,High Demand
Sirpur Kaghaznagar-Secunderabad Jn,Rail,246.5,392,101,205.76807332528534,2,75.25,297.0,148.5,0,High Demand
Sirpur Town-Bhadrachalam Road,Rail,200.0,200,200,0.0,1,100.0,340.0,170.0,0,High Demand
Sirpur Town-Karimnagar Oa,Rail,146.0,146,146,0.0,1,73.0,144.0,72.0,0,High Demand
Sirpur Town-Kazipet Jn,Rail,114.0,114,114,0.0,1,56.99999999999999,191.0,95.5,0,High Demand
Sirsa-Kota Jn,Rail,295.0,361,229,93.33809511662427,2,59.0,662.5,331.25,0,High Demand
Sirsa-Ludhiana Jn,Rail,178.0,178,178,0.0,1,89.0,291.0,145.5,0,High Demand
Sirsa-Tilak Bridge,Rail,257.5,306,209,68.58935777509511,2,100.0,311.0,155.5,0,High Demand
Sitamarhi-Anand Vihar Terminal,Rail,205.0,205,205,0.0,1,25.624999999999996,1193.0,596.5,0,High Demand
Sitamarhi-Delhi,Rail,215.0,215,215,0.0,1,26.875,1053.0,526.5,0,High Demand
Sitamarhi-Kolkata,Rail,351.0,410,292,83.43860018001261,2,70.2,613.0,306.5,0,High Demand
Sitamarhi-Raxaul Jn,Rail,148.0,148,148,0.0,1,74.0,86.0,43.0,0,High Demand
Sitamarhi-Sealdah,Rail,124.0,124,124,0.0,1,24.8,634.0,317.0,0,High Demand
Sitapur City-Gonda Jn,Rail,163.0,163,163,0.0,1,81.5,163.0,81.5,0,High Demand
Sitapur City-Kanpur Central,Rail,222.0,222,222,0.0,1,100.0,177.0,88.5,0,High Demand
Sitapur City-Shahjehanpur,Rail,101.0,101,101,0.0,1,50.5,87.0,43.5,0,High Demand
Sitapur Jn-Balamau Jn,Rail,72.0,72,72,0.0,1,36.0,64.0,32.0,0,High Demand
Sitapur Jn-Burhwal Jn,Rail,47.0,47,47,0.0,1,23.5,98.0,49.0,0,High Demand
Sitapur Jn-Daliganj Jn,Rail,88.0,88,88,0.0,1,44.0,81.0,40.5,0,High Demand
Sitapur Jn-Gomtinagar (Lucknow,Rail,153.0,153,153,0.0,1,76.5,90.0,45.0,0,High Demand
Sitapur Jn-Gonda Jn,Rail,213.0,213,213,0.0,1,100.0,159.0,79.5,0,High Demand
Sitapur Jn-Lokmanyatilak,Rail,356.0,356,356,0.0,1,44.5,1498.0,749.0,0,High Demand
Sitapur Jn-Lucknow Ne,Rail,77.0,77,77,0.0,1,38.5,88.0,44.0,0,High Demand
Sitapur Jn-Mailani,Rail,152.0,210,98,56.10704055642215,3,74.33333333333333,105.33333333333333,52.666666666666664,0,High Demand
Sitapur Jn-Shahjehanpur,Rail,165.5,192,139,37.476659402887016,2,82.75,91.0,45.5,0,High Demand
Siuri-Howrah Jn,Rail,235.0,235,235,0.0,1,100.0,241.0,120.5,0,High Demand
Siuri-Sealdah,Rail,149.0,149,149,0.0,1,74.5,257.0,128.5,0,High Demand
Siwan Jn-Duraundha Jn,Rail,187.0,199,175,16.97056274847714,2,93.5,17.5,30.0,0,High Demand
Siwan Jn-Gorakhpur,Rail,109.0,109,109,0.0,1,54.50000000000001,118.0,59.0,0,High Demand
Siwan Jn-Gorakhpur Cant,Rail,170.0,220,120,70.71067811865476,2,80.0,139.5,69.75,0,High Demand
Siwan Jn-Kaptanganj Jn,Rail,145.0,145,145,0.0,1,72.5,127.0,63.5,0,High Demand
Siwan Jn-Samastipur Jn,Rail,112.0,128,96,22.627416997969522,2,56.0,226.0,113.0,0,High Demand
Siwan Jn-Thawe Jn,Rail,148.0,188,108,56.568542494923804,2,74.0,28.0,30.0,0,High Demand
Smvt Bengaluru-Agartala,Rail,342.0,342,342,0.0,1,42.75,3529.0,1764.5,0,High Demand
Smvt Bengaluru-Alipur Duar Jn,Rail,452.0,452,452,0.0,1,56.49999999999999,2670.0,1335.0,0,High Demand
Smvt Bengaluru-Balurghat,Rail,258.0,258,258,0.0,1,32.25,2420.0,1210.0,0,High Demand
Smvt Bengaluru-Bhagalpur,Rail,190.0,190,190,0.0,1,23.75,2462.0,1231.0,0,High Demand
Smvt Bengaluru-Bhubaneswar,Rail,279.0,371,187,130.10764773832474,2,34.875,1506.0,753.0,0,High Demand
Smvt Bengaluru-Danapur,Rail,257.0,257,257,0.0,1,32.125,2684.0,1342.0,0,High Demand
Smvt Bengaluru-Ernakulam Jn,Rail,305.0,305,305,0.0,1,61.0,616.0,308.0,0,High Demand
Smvt Bengaluru-Guwahati,Rail,270.0,270,270,0.0,1,33.75,2969.0,1484.5,0,High Demand
Smvt Bengaluru-Gwalior Jn,Rail,474.0,474,474,0.0,1,59.25,2079.0,1039.5,0,High Demand
Smvt Bengaluru-Hatia,Rail,397.0,408,386,15.556349186104045,2,49.625,1886.0,943.0,0,High Demand
Smvt Bengaluru-Howrah Jn,Rail,360.0,440,298,60.70145522692736,4,45.0,1942.75,971.375,0,High Demand
Smvt Bengaluru-Jasidih Jn,Rail,241.0,241,241,0.0,1,30.125,2310.0,1155.0,0,High Demand
Smvt Bengaluru-Kakinada Town,Rail,329.0,329,329,0.0,1,65.8,953.0,476.5,0,High Demand
Smvt Bengaluru-Kalaburagi,Rail,223.0,223,223,0.0,1,44.6,558.0,279.0,0,High Demand
Smvt Bengaluru-Kamakhya,Rail,190.0,190,190,0.0,1,23.75,3004.0,1502.0,0,High Demand
Smvt Bengaluru-Karaikal,Rail,108.0,108,108,0.0,1,21.6,564.0,282.0,0,High Demand
Smvt Bengaluru-Malda Town,Rail,423.0,423,423,0.0,1,52.87500000000001,2264.0,1132.0,0,High Demand
Smvt Bengaluru-Murdeshwar,Rail,188.0,188,188,0.0,1,37.6,737.0,368.5,0,High Demand
Smvt Bengaluru-Muzaffarpur Jn,Rail,347.0,347,347,0.0,1,43.375,2701.0,1350.5,0,High Demand
Smvt Bengaluru-Nagarcoil Jn,Rail,297.0,297,297,0.0,1,59.4,664.0,332.0,0,High Demand
Smvt Bengaluru-New Tinsukia,Rail,296.0,296,296,0.0,1,37.0,3568.0,1784.0,0,High Demand
Smvt Bengaluru-Patna Jn,Rail,261.0,261,261,0.0,1,32.625,2694.0,1347.0,0,High Demand
Smvt Bengaluru-Radhikapur,Rail,167.0,167,167,0.0,1,20.875,2479.0,1239.5,0,High Demand
Smvt Bengaluru-Saharsa Jn,Rail,334.0,334,334,0.0,1,41.75,2907.0,1453.5,0,High Demand
Smvt Bengaluru-Tatanagar Jn,Rail,212.0,212,212,0.0,1,26.5,1883.0,941.5,0,High Demand
Smvt Bengaluru-Thiruvananthapuram North,Rail,177.0,177,177,0.0,1,35.4,842.0,421.0,0,High Demand
Smvt Bengaluru-Tirupati,Rail,206.0,206,206,0.0,1,100.0,328.0,164.0,0,High Demand
Sogaria (Kota-Danapur,Rail,189.0,189,189,0.0,1,23.625,1175.0,587.5,0,High Demand
Sogaria (Kota-New Delhi,Rail,200.0,200,200,0.0,1,40.0,467.0,233.5,0,High Demand
Solapur Jn-C Sahumaharaj T Kolhapur,Rail,159.5,206,113,65.76093065034893,2,78.25,315.0,157.5,0,High Demand
Solapur Jn-C Shivaji Maharaj T,Rail,261.0,363,159,144.2497833620557,2,52.199999999999996,455.0,227.5,0,High Demand
Solapur Jn-Dharwad,Rail,92.0,92,92,0.0,1,46.0,378.0,189.0,0,High Demand
Solapur Jn-Gondia Jn,Rail,311.0,311,311,0.0,1,38.875,1132.0,566.0,0,High Demand
Solapur Jn-Hassan,Rail,241.0,241,241,0.0,1,48.199999999999996,828.0,414.0,0,High Demand
Solapur Jn-Hosapete Jn,Rail,261.0,266,256,7.0710678118654755,2,100.0,383.0,191.5,0,High Demand
Solapur Jn-Hubballi Jn,Rail,153.5,163,144,13.435028842544403,2,76.75,356.5,178.25,0,High Demand
Solapur Jn-Pune Jn,Rail,301.75,344,210,62.558639158259616,4,100.0,263.25,131.625,0,High Demand
Solapur Jn-Vijayapura,Rail,60.0,60,60,0.0,1,30.0,109.0,54.5,0,High Demand
Somnath-Porbandar,Rail,106.0,106,106,0.0,1,53.0,237.0,118.5,0,High Demand
Somnath-Rajkot Jn,Rail,120.0,120,120,0.0,1,60.0,190.0,95.0,0,High Demand
Sonamukhi-Bankura,Rail,132.0,132,132,0.0,1,66.0,41.0,30.0,0,High Demand
Sonepur-Balangir,Rail,59.0,59,59,0.0,1,29.5,47.0,30.0,0,High Demand
Sonepur-Puri,Rail,301.0,301,301,0.0,1,60.199999999999996,518.0,259.0,0,High Demand
Sonipat-Sahibabad,Rail,43.0,43,43,0.0,1,21.5,56.0,30.0,0,High Demand
Sonpur Jn-Chhapra,Rail,117.5,172,63,77.07463914933368,2,58.75,54.0,30.0,0,High Demand
Sonpur Jn-Katihar Jn,Rail,229.0,229,229,0.0,1,100.0,273.0,136.5,0,High Demand
Srikakulam Road-Tirupati,Rail,438.0,438,438,0.0,1,87.6,853.0,426.5,0,High Demand
Srinagar-Shmata Vd Katra,Rail,177.5,220,135,60.10407640085654,2,83.75,191.0,95.5,0,High Demand
Subedarganj (Prayagraj Jn-Ambala Cant Jn,Rail,403.0,403,403,0.0,1,80.60000000000001,821.0,410.5,0,High Demand
Subedarganj (Prayagraj Jn-Dd Upadhyaya Jn,Rail,146.0,181,111,49.49747468305833,2,73.0,157.0,78.5,0,High Demand
Subedarganj (Prayagraj Jn-Dehradun,Rail,218.0,218,218,0.0,1,43.6,862.0,431.0,0,High Demand
Subedarganj (Prayagraj Jn-Kanpur Central,Rail,130.0,130,130,0.0,1,65.0,191.0,95.5,0,High Demand
Subedarganj (Prayagraj Jn-Meerut City Jn,Rail,239.0,239,239,0.0,1,47.8,637.0,318.5,0,High Demand
Subedarganj (Prayagraj Jn-Mtyr C Tushar M,Rail,208.0,208,208,0.0,1,26.0,1263.0,631.5,0,High Demand
Subedarganj (Prayagraj Jn-Shmata Vd Katra,Rail,376.0,376,376,0.0,1,47.0,1280.0,640.0,0,High Demand
Subrahmanya Road-Mangalore Central,Rail,130.0,190,58,57.758116312774604,4,65.0,90.0,45.0,0,High Demand
Sukhovi-Guwahati,Rail,195.0,195,195,0.0,1,97.5,246.0,123.0,0,High Demand
Sukhovi-Naharlagun,Rail,115.0,115,115,0.0,1,23.0,579.0,289.5,0,High Demand
Sullurupeta-Mgr Chennai Central Suburban,Rail,136.0,176,114,34.698703145794944,3,68.0,82.0,41.0,0,High Demand
Sullurupeta-Nellore,Rail,99.0,129,60,35.369478367654786,3,49.5,93.0,46.5,0,High Demand
Sultanpur Jn-Anand Vihar Terminal,Rail,140.0,140,140,0.0,1,28.000000000000004,637.0,318.5,0,High Demand
Sultanpur Jn-Lokmanyatilak,Rail,180.0,180,180,0.0,1,22.5,1553.0,776.5,0,High Demand
Sultanpur Jn-Lucknow,Rail,140.0,184,96,62.22539674441618,2,70.0,140.0,70.0,0,High Demand
Sultanpur Jn-Sabarmati Bg,Rail,380.0,380,380,0.0,1,47.5,1554.0,777.0,0,High Demand
Sultanpur Jn-Varanasi Jn,Rail,66.0,72,60,8.48528137423857,2,33.0,143.0,71.5,0,High Demand
Supaul-Pune Jn,Rail,325.0,384,266,83.43860018001261,2,40.625,1998.0,999.0,0,High Demand
Supaul-Saharsa Jn,Rail,111.0,111,111,0.0,1,55.50000000000001,27.0,30.0,0,High Demand
Surat-Ahmedabad,Air,80.3030303030303,244,19,48.901996922726,33,57.54368686868687,4856.590909090909,9264.757575757576,1,Low Demand
Surat-Amravati,Rail,291.6666666666667,363,211,76.42861593234129,3,58.333333333333336,563.0,281.5,0,High Demand
Surat-Bandra Terminus,Rail,184.0,184,184,0.0,1,92.0,252.0,126.0,0,High Demand
Surat-Bangalore,Air,74.86486486486487,162,25,32.02356958568187,37,54.80938438438439,4062.7702702702704,10447.864864864865,1,Low Demand
Surat-Bhagalpur,Rail,334.0,334,334,0.0,1,41.75,1831.0,915.5,0,High Demand
Surat-Bharuch Jn,Rail,51.0,51,51,0.0,1,25.5,59.0,30.0,0,High Demand
Surat-Bhubaneswar,Air,83.58333333333333,149,22,35.70384132995056,36,63.176620370370365,4462.5,9549.722222222223,1,Low Demand
Surat-Bhusaval Jn,Rail,104.0,154,54,70.71067811865476,2,52.0,336.0,168.0,0,High Demand
Surat-Chennai,Air,77.51851851851852,232,17,45.22029017901857,27,50.20133744855967,3758.8888888888887,10157.703703703704,1,Low Demand
Surat-Cochin,Air,81.53658536585365,220,15,42.108251899702275,41,57.47940379403794,4316.341463414634,8937.024390243903,1,Low Demand
Surat-Delhi,Air,79.50943396226415,194,22,40.521894671280634,53,52.16446540880503,4224.33962264151,10258.358490566037,1,Low Demand
Surat-Goa,Air,86.71428571428571,220,21,43.74408501209019,28,58.38412698412698,4813.125,8857.357142857143,1,Low Demand
Surat-Guwahati,Air,96.93103448275862,181,16,46.7737189902336,29,63.55268199233716,4260.258620689655,9239.344827586207,1,Low Demand
Surat-Hapa,Rail,176.0,176,176,0.0,1,35.199999999999996,552.0,276.0,0,High Demand
Surat-Hyderabad,Air,81.97435897435898,182,15,44.46789923167354,39,53.33696581196582,4491.923076923077,9018.71794871795,1,Low Demand
Surat-Indore,Air,75.05,155,17,37.0411759795598,40,53.33215277777778,4261.6875,9519.0,1,Low Demand
Surat-Jaipur,Air,87.18181818181819,174,33,34.5130904019172,33,57.03265993265993,3925.4545454545455,8714.242424242424,1,Low Demand
Surat-Jamnagar,Rail,196.0,196,196,0.0,1,39.2,561.0,280.5,0,High Demand
Surat-Kolkata,Air,75.77777777777777,161,19,41.47433706426945,36,53.8454475308642,3573.5416666666665,9885.472222222223,1,Low Demand
Surat-Lucknow,Air,70.17391304347827,152,19,34.485619771355324,46,52.14824879227053,4257.391304347826,10176.347826086956,1,Low Demand
Surat-Mahuva Jn,Rail,226.5,298,155,101.1162697096763,2,45.3,630.0,315.0,0,High Demand
Surat-Malda Town,Rail,223.0,223,223,0.0,1,27.875,2126.0,1063.0,0,High Demand
Surat-Mumbai,Air,85.35897435897436,258,15,48.912105475825435,39,50.91239316239316,4230.384615384615,9835.461538461539,1,Low Demand
Surat-Mumbai Central,Rail,113.0,113,113,0.0,1,56.49999999999999,263.0,131.5,0,High Demand
Surat-Muzaffarpur Jn,Rail,369.0,369,369,0.0,1,46.125,2139.0,1069.5,0,High Demand
Surat-Nagpur,Air,80.10810810810811,190,21,39.7972526855978,37,57.9975975975976,4173.040540540541,8751.027027027027,1,Low Demand
Surat-Nandurbar,Rail,87.0,87,87,0.0,1,43.5,160.0,80.0,0,High Demand
Surat-Patna,Air,84.41666666666667,238,19,52.00899647451116,36,57.55979938271605,3963.125,8977.055555555555,1,Low Demand
Surat-Pune,Air,78.40625,217,20,43.71525117717924,32,52.621006944444446,4147.734375,9156.3125,1,Low Demand
Surat-Puri,Rail,167.0,167,167,0.0,1,20.875,1756.0,878.0,0,High Demand
Surat-Raipur,Air,84.9090909090909,162,16,39.514976955649324,44,60.99040404040404,4259.659090909091,8337.681818181818,1,Low Demand
Surat-Vadodara Jn,Rail,168.5,194,143,36.062445840513924,2,84.25,129.0,64.5,0,High Demand
Surat-Valsad,Rail,129.0,146,112,24.041630560342615,2,64.5,69.0,34.5,0,High Demand
Surat-Varanasi,Air,83.95348837209302,146,26,35.07064536208247,43,57.140826873385016,4928.023255813953,9399.06976744186,1,Low Demand
Surat-Virar,Rail,247.2,343,162,71.19480318113114,5,96.2,207.0,103.5,0,High Demand
Suratgarh Jn-Anupgarh,Rail,142.625,209,61,58.57092769820682,8,70.75,77.75,38.875,0,High Demand
Suratgarh Jn-Bhatinda Jn,Rail,174.0,174,174,0.0,1,87.0,143.0,71.5,0,High Demand
Suratgarh Jn-Hanumangarh Jn,Rail,180.0,217,143,52.32590180780452,2,85.75,204.0,102.0,0,High Demand
Suratgarh Jn-Jaipur,Rail,168.5,231,106,88.38834764831844,2,33.7,562.0,281.0,0,High Demand
Surendranagar-Bhavnagar Terminus,Rail,91.66666666666667,164,48,63.08988297130796,3,45.833333333333336,172.0,86.0,0,High Demand
Surendranagar-Botad Jn,Rail,194.0,194,194,0.0,1,97.0,76.0,38.0,0,High Demand
Tadoki-Raipur Jn,Rail,220.0,220,220,0.0,1,100.0,200.0,100.0,0,High Demand
Talcher-Puri,Rail,147.5,148,147,0.7071067811865476,2,73.75,202.0,101.0,0,High Demand
Talguppa-Ksr Bengaluru,Rail,380.0,380,380,0.0,1,100.0,371.0,185.5,0,High Demand
Talguppa-Mysore Jn,Rail,252.25,340,187,64.22032388582294,4,90.375,406.75,203.375,0,High Demand
Talguppa-Shivamogga Town,Rail,168.0,168,168,0.0,1,84.0,98.0,49.0,0,High Demand
Tambaram-Guruvayur,Rail,178.0,178,178,0.0,1,22.25,1100.0,550.0,0,High Demand
Tambaram-Jasidih Jn,Rail,337.0,381,293,62.22539674441618,2,42.125,1871.0,935.5,0,High Demand
Tambaram-Jodhpur Jn,Rail,275.0,275,275,0.0,1,34.375,2379.0,1189.5,0,High Demand
Tambaram-Kanniyakumari,Rail,345.0,375,315,42.42640687119285,2,69.0,729.5,364.75,0,High Demand
Tambaram-Karaikal,Rail,282.0,282,282,0.0,1,100.0,361.0,180.5,0,High Demand
Tambaram-Kollam Jn,Rail,297.0,297,297,0.0,1,59.4,763.0,381.5,0,High Demand
Tambaram-Madurai Jn,Rail,282.0,282,282,0.0,1,56.39999999999999,561.0,280.5,0,High Demand
Tambaram-Nagarcoil Jn,Rail,336.0,435,237,140.0071426749364,2,67.2,766.0,383.0,0,High Demand
Tambaram-New Tinsukia,Rail,238.0,238,238,0.0,1,29.75,3213.0,1606.5,0,High Demand
Tambaram-Rameswaram,Rail,285.0,288,282,4.242640687119285,2,56.99999999999999,641.5,320.75,0,High Demand
Tambaram-Santragachi Jn,Rail,353.5,455,252,143.54267658086914,2,44.1875,1677.0,838.5,0,High Demand
Tambaram-Sengottai,Rail,316.0,375,257,83.43860018001261,2,63.2,723.5,361.75,0,High Demand
Tambaram-Silghat Town,Rail,160.0,160,160,0.0,1,20.0,2964.0,1482.0,0,High Demand
Tambaram-Thiruvananthapuram Central,Rail,390.0,390,390,0.0,1,78.0,773.0,386.5,0,High Demand
Tambaram-Tiruchchirappalli Jn,Rail,341.0,341,341,0.0,1,100.0,376.0,188.0,0,High Demand
Tambaram-Villupuram Jn,Rail,142.0,207,77,91.92388155425118,2,69.25,134.0,67.0,0,High Demand
Tanakpur-Barwadih Jn,Rail,393.5,460,327,94.04520189781083,2,78.7,983.0,491.5,0,High Demand
Tanakpur-Daurai (Ajmer,Rail,331.0,331,331,0.0,1,66.2,779.0,389.5,0,High Demand
Tanakpur-Dehradun,Rail,281.0,281,281,0.0,1,56.2,452.0,226.0,0,High Demand
Tanakpur-Delhi,Rail,239.0,295,183,79.19595949289332,2,95.75,395.0,197.5,0,High Demand
Tanakpur-Pilibhit Jn,Rail,149.33333333333334,200,118,30.243456592570013,6,74.66666666666667,63.0,31.5,0,High Demand
Tanakpur-Shaktinagar,Rail,159.0,159,159,0.0,1,31.8,863.0,431.5,0,High Demand
Tanakpur-Singrauli,Rail,421.0,421,421,0.0,1,84.2,844.0,422.0,0,High Demand
Tandur-Hyderabad Decan,Rail,215.0,215,215,0.0,1,100.0,115.0,57.5,0,High Demand
Tantpur-Bari,Rail,54.0,54,54,0.0,1,27.0,27.0,30.0,0,High Demand
Tarighat-Dildarnagar Jn,Rail,85.5,129,42,61.518289963229634,2,42.75,19.0,30.0,0,High Demand
Tatanagar Jn-Amritsar Jn,Rail,498.0,498,498,0.0,1,62.25000000000001,1749.0,874.5,0,High Demand
Tatanagar Jn-Asansol Jn,Rail,108.0,108,108,0.0,1,54.0,171.0,85.5,0,High Demand
Tatanagar Jn-Badampahar,Rail,115.5,168,50,49.3051721424842,4,57.75,99.0,49.5,0,High Demand
Tatanagar Jn-Barabil,Rail,88.5,127,50,54.44722215136416,2,44.25,151.0,75.5,0,High Demand
Tatanagar Jn-Barka Kana,Rail,204.5,205,204,0.7071067811865476,2,100.0,161.5,80.75,0,High Demand
Tatanagar Jn-Bilaspur Jn,Rail,180.5,198,163,24.748737341529164,2,36.1,469.5,234.75,0,High Demand
Tatanagar Jn-Brahmapur,Rail,136.0,136,136,0.0,1,27.200000000000003,590.0,295.0,0,High Demand
Tatanagar Jn-Buxar,Rail,112.0,112,112,0.0,1,22.400000000000002,616.0,308.0,0,High Demand
Tatanagar Jn-Chaibasa,Rail,113.0,113,113,0.0,1,56.49999999999999,64.0,32.0,0,High Demand
Tatanagar Jn-Chakradharpur,Rail,132.0,132,132,0.0,1,66.0,62.0,31.0,0,High Demand
Tatanagar Jn-Chakulia,Rail,116.0,182,50,93.33809511662427,2,58.0,66.5,33.25,0,High Demand
Tatanagar Jn-Godda,Rail,183.0,183,183,0.0,1,36.6,655.0,327.5,0,High Demand
Tatanagar Jn-Gua,Rail,170.66666666666666,221,143,43.66157731156003,3,81.83333333333333,150.0,75.0,0,High Demand
Tatanagar Jn-Hatia,Rail,191.0,253,129,87.68124086713189,2,82.25,220.0,110.0,0,High Demand
Tatanagar Jn-Howrah Jn,Rail,149.0,149,149,0.0,1,74.5,250.0,125.0,0,High Demand
Tatanagar Jn-Itwari (Nagpur,Rail,238.0,238,238,0.0,1,47.599999999999994,878.0,439.0,0,High Demand
Tatanagar Jn-Jaynagar,Rail,155.0,155,155,0.0,1,31.0,647.0,323.5,0,High Demand
Tatanagar Jn-Katihar Jn,Rail,315.0,315,315,0.0,1,63.0,592.0,296.0,0,High Demand
Tatanagar Jn-Kharagpur Jn,Rail,146.71428571428572,209,93,39.01586978702506,7,72.71428571428571,134.57142857142858,67.28571428571429,0,High Demand
Tatanagar Jn-Lokmanyatilak,Rail,484.0,484,484,0.0,1,60.5,1699.0,849.5,0,High Demand
Tatanagar Jn-Nsc Bose Itwari,Rail,201.0,201,201,0.0,1,40.2,878.0,439.0,0,High Demand
Tatanagar Jn-Patna Jn,Rail,164.33333333333334,200,131,34.55912807542073,3,32.86666666666667,515.0,257.5,0,High Demand
Tatanagar Jn-Rourkela,Rail,128.0,128,128,0.0,1,64.0,163.0,81.5,0,High Demand
Tatanagar Jn-Smvt Bengaluru,Rail,512.0,512,512,0.0,1,64.0,1883.0,941.5,0,High Demand
Tatanagar Jn-Thawe Jn,Rail,381.0,381,381,0.0,1,76.2,719.0,359.5,0,High Demand
Tenali Jn-Guntur Jn,Rail,136.0,136,136,0.0,1,68.0,25.0,30.0,0,High Demand
Tenali Jn-Repalle,Rail,168.0,208,148,34.64101615137755,3,82.66666666666667,34.0,30.0,0,High Demand
Tenali Jn-Vijayawada Jn,Rail,94.5,144,45,70.0035713374682,2,47.25,32.0,30.0,0,High Demand
Thanjavur-Chennai Egmore,Rail,216.0,216,216,0.0,1,100.0,351.0,175.5,0,High Demand
Thanjavur-Mayiladuturai Jn,Rail,153.0,200,106,66.46803743153546,2,76.5,70.0,35.0,0,High Demand
Thanjavur-Tiruchchirappalli Jn,Rail,115.33333333333333,177,76,54.07710544521899,3,57.666666666666664,50.0,30.0,0,High Demand
Tharbitia-Saharsa Jn,Rail,118.5,186,66,53.6721529286836,6,59.25,40.0,30.0,0,High Demand
Thawe Jn-Chhapra Kachehri,Rail,135.8,167,100,27.535431719876843,5,67.9,112.2,56.1,0,High Demand
Thawe Jn-Kaptanganj Jn,Rail,170.5,212,129,58.68986283848344,2,82.25,99.0,49.5,0,High Demand
Thawe Jn-Masrakh,Rail,92.0,92,92,0.0,1,46.0,88.0,44.0,0,High Demand
Thawe Jn-Patna Jn,Rail,55.0,55,55,0.0,1,27.500000000000004,173.0,86.5,0,High Demand
Thawe Jn-Sabarmati Bg,Rail,461.0,461,461,0.0,1,57.62500000000001,1704.0,852.0,0,High Demand
Thawe Jn-Siwan Jn,Rail,104.5,107,102,3.5355339059327378,2,52.25,28.0,30.0,0,High Demand
Thawe Jn-Tatanagar Jn,Rail,235.0,235,235,0.0,1,47.0,719.0,359.5,0,High Demand
Thawe Jn-Udhna Jn (Surat,Rail,208.0,208,208,0.0,1,26.0,1832.0,916.0,0,High Demand
Thiruvananthapuram Central-Ernakulam Jn,Rail,213.0,213,213,0.0,1,100.0,220.0,110.0,0,High Demand
Thiruvananthapuram Central-Guruvayur,Rail,281.0,371,191,127.27922061357856,2,97.75,303.0,151.5,0,High Demand
Thiruvananthapuram Central-Hazrat Nizamuddin,Rail,419.75,575,248,137.38601335895393,4,52.46875,3116.25,1558.125,0,High Demand
Thiruvananthapuram Central-Kannur (Cannanore,Rail,408.0,408,408,0.0,1,81.6,502.0,251.0,0,High Demand
Thiruvananthapuram Central-Kasaragod,Rail,181.0,181,181,0.0,1,36.199999999999996,588.0,294.0,0,High Demand
Thiruvananthapuram Central-Kollam Jn,Rail,149.0,149,149,0.0,1,74.5,64.0,32.0,0,High Demand
Thiruvananthapuram Central-Kozhikkode (Calicut,Rail,476.0,476,476,0.0,1,100.0,399.0,199.5,0,High Demand
Thiruvananthapuram Central-Lokmanyatilak,Rail,397.5,467,328,98.2878425849301,2,49.6875,1862.5,931.25,0,High Demand
Thiruvananthapuram Central-Mangalore Central,Rail,215.0,381,135,95.4803644735398,5,43.0,625.0,312.5,0,High Demand
Thiruvananthapuram Central-Mgr Chennai Ctr,Rail,312.25,453,201,111.54483403546755,4,62.45,911.75,455.875,0,High Demand
Thiruvananthapuram Central-Nagarcoil Jn,Rail,193.0,193,193,0.0,1,96.5,71.0,35.5,0,High Demand
Thiruvananthapuram Central-New Delhi,Rail,333.0,333,333,0.0,1,41.625,3040.0,1520.0,0,High Demand
Thiruvananthapuram Central-Rameswaram,Rail,358.0,358,358,0.0,1,71.6,777.0,388.5,0,High Demand
Thiruvananthapuram Central-Shalimar,Rail,389.0,389,389,0.0,1,48.625,2561.0,1280.5,0,High Demand
Thiruvananthapuram Central-Shoranur Jn,Rail,203.0,203,203,0.0,1,100.0,327.0,163.5,0,High Demand
Thiruvananthapuram Central-Silchar,Rail,196.0,198,194,2.8284271247461903,2,24.5,3917.0,1958.5,0,High Demand
Thiruvananthapuram Central-Tambaram,Rail,114.0,114,114,0.0,1,22.8,773.0,386.5,0,High Demand
Thiruvananthapuram Central-Tiruchchirappalli Jn,Rail,328.0,328,328,0.0,1,65.60000000000001,462.0,231.0,0,High Demand
Thiruvananthapuram Central-Veraval,Rail,261.0,261,261,0.0,1,32.625,2705.0,1352.5,0,High Demand
Thiruvananthapuram North-Amritsar Jn,Rail,504.0,504,504,0.0,1,63.0,3593.0,1796.5,0,High Demand
Thiruvananthapuram North-Bhavnagar Terminus,Rail,273.0,273,273,0.0,1,34.125,2564.0,1282.0,0,High Demand
Thiruvananthapuram North-Chandigarh,Rail,147.0,147,147,0.0,1,18.375,3411.0,1705.5,0,High Demand
Thiruvananthapuram North-Charlapalli (Secunderabad,Rail,183.0,183,183,0.0,1,22.875,1558.0,779.0,0,High Demand
Thiruvananthapuram North-Gorakhpur,Rail,142.0,142,142,0.0,1,17.75,3248.0,1624.0,0,High Demand
Thiruvananthapuram North-Indore Jn Bg,Rail,346.5,394,299,67.17514421272202,2,43.3125,2620.0,1310.0,0,High Demand
Thiruvananthapuram North-Korba,Rail,562.0,562,562,0.0,1,70.25,2509.0,1254.5,0,High Demand
Thiruvananthapuram North-Lokmanyatilak,Rail,313.0,313,313,0.0,1,39.125,1809.0,904.5,0,High Demand
Thiruvananthapuram North-Mangalore Jn,Rail,347.0,347,347,0.0,1,69.39999999999999,612.0,306.0,0,High Demand
Thiruvananthapuram North-Mysore Jn,Rail,338.0,338,338,0.0,1,67.60000000000001,975.0,487.5,0,High Demand
Thiruvananthapuram North-Nagarcoil Jn,Rail,118.5,174,63,78.48885271170677,2,59.25,77.0,38.5,0,High Demand
Thiruvananthapuram North-Nilambur Road,Rail,117.0,117,117,0.0,1,58.5,387.0,193.5,0,High Demand
Thiruvananthapuram North-Porbandar,Rail,429.0,429,429,0.0,1,53.625,2716.0,1358.0,0,High Demand
Thiruvananthapuram North-Shri Ganganagar,Rail,348.0,348,348,0.0,1,43.5,3318.0,1659.0,0,High Demand
Thiruvananthapuram North-Smvt Bengaluru,Rail,324.0,324,324,0.0,1,64.8,842.0,421.0,0,High Demand
Thiruvananthapuram North-Yasvantpur Jn,Rail,403.6666666666667,439,344,51.96473162957096,3,80.73333333333333,842.0,421.0,0,High Demand
Thiruvananthapuram North-Yog N Rishikesh,Rail,233.0,233,233,0.0,1,29.125,3411.0,1705.5,0,High Demand
Thiruvarur Jn-Karaikkudi Jn,Rail,76.0,76,76,0.0,1,38.0,149.0,74.5,0,High Demand
Thiruvarur Jn-Mayiladuturai Jn,Rail,127.5,177,59,50.533817060129806,4,63.75,39.0,30.0,0,High Demand
Thiruvarur Jn-Tiruchchirappalli Jn,Rail,115.0,115,115,0.0,1,57.49999999999999,104.0,52.0,0,High Demand
Thiruvarur Jn-Villupuram Jn,Rail,90.0,90,90,0.0,1,45.0,160.0,80.0,0,High Demand
Thrisur-Guruvayur,Rail,153.75,203,95,55.87709727607547,4,76.5,22.75,30.0,0,High Demand
Thrisur-Kannur (Cannanore,Rail,260.0,260,260,0.0,1,100.0,210.0,105.0,0,High Demand
Thrisur-Kozhikkode (Calicut,Rail,48.0,48,48,0.0,1,24.0,120.0,60.0,0,High Demand
Thrisur-Shoranur Jn,Rail,52.0,52,52,0.0,1,26.0,35.0,30.0,0,High Demand
Tikunia-Bahraich,Rail,167.0,167,167,0.0,1,83.5,127.0,63.5,0,High Demand
Tikunia-Mailani,Rail,116.0,214,44,87.93179174792243,3,55.666666666666664,78.0,39.0,0,High Demand
Tilaiya-Danapur,Rail,80.0,80,80,0.0,1,40.0,152.0,76.0,0,High Demand
Tilak Bridge-Bhiwani,Rail,298.0,298,298,0.0,1,100.0,123.0,61.5,0,High Demand
Tilak Bridge-Bulandshahr,Rail,158.0,158,158,0.0,1,79.0,104.0,52.0,0,High Demand
Tilak Bridge-Rohtak Jn,Rail,101.0,101,101,0.0,1,50.5,74.0,37.0,0,High Demand
Tilak Bridge-Shri Ganganagar,Rail,214.0,217,211,4.242640687119285,2,42.8,474.0,237.0,0,High Demand
Tilak Bridge-Sirsa,Rail,257.5,302,213,62.932503525602726,2,100.0,311.0,155.5,0,High Demand
Tinpahar Jn-Barddhaman,Rail,194.0,194,194,0.0,1,97.0,212.0,106.0,0,High Demand
Tinpahar Jn-Rajmahal,Rail,112.25,163,46,51.05669118035083,8,56.125,11.0,30.0,0,High Demand
Tinsukia Jn-Jorhat Town,Rail,205.0,205,205,0.0,1,100.0,177.0,88.5,0,High Demand
Tinsukia Jn-Lumding Jn,Rail,201.5,320,83,167.58430714121175,2,70.75,336.0,168.0,0,High Demand
Tinsukia Jn-Naharlagun,Rail,241.5,286,197,62.932503525602726,2,99.25,225.0,112.5,0,High Demand
Tirodi-Gondia Jn,Rail,68.0,90,46,31.11269837220809,2,34.0,103.0,51.5,0,High Demand
Tirodi-Nsc Bose Itwari,Rail,75.0,75,75,0.0,1,37.5,123.0,61.5,0,High Demand
Tirodi-Tumsar Road,Rail,66.0,66,66,0.0,1,33.0,47.0,30.0,0,High Demand
Tiruchanur-Arakkonam,Rail,112.0,112,112,0.0,1,56.00000000000001,71.0,35.5,0,High Demand
Tiruchanur-Mgr Chennai Central Suburban,Rail,152.0,152,152,0.0,1,76.0,141.0,70.5,0,High Demand
Tiruchchirappalli Jn-Chennai Egmore,Rail,309.5,373,175,91.0,4,77.4,368.5,184.25,0,High Demand
Tiruchchirappalli Jn-Erode Jn,Rail,92.0,120,55,33.421549934136806,3,46.0,141.0,70.5,0,High Demand
Tiruchchirappalli Jn-Howrah Jn,Rail,547.0,547,547,0.0,1,68.375,2002.0,1001.0,0,High Demand
Tiruchchirappalli Jn-Jodhpur Jn,Rail,317.0,317,317,0.0,1,39.625,2820.0,1410.0,0,High Demand
Tiruchchirappalli Jn-Karaikal,Rail,144.0,144,144,0.0,1,72.0,146.0,73.0,0,High Demand
Tiruchchirappalli Jn-Karaikkudi Jn,Rail,113.66666666666667,207,44,84.03768995714562,3,55.666666666666664,89.0,44.5,0,High Demand
Tiruchchirappalli Jn-Mayiladuturai Jn,Rail,227.33333333333334,312,120,97.98639361326313,3,86.66666666666667,120.0,60.0,0,High Demand
Tiruchchirappalli Jn-New Jalpaiguri,Rail,434.0,434,434,0.0,1,54.25,2619.0,1309.5,0,High Demand
Tiruchchirappalli Jn-Palghat Town,Rail,194.0,194,194,0.0,1,97.0,300.0,150.0,0,High Demand
Tiruchchirappalli Jn-Rameswaram,Rail,168.0,209,127,57.982756057296896,2,81.75,264.0,132.0,0,High Demand
Tiruchchirappalli Jn-Shri Ganganagar,Rail,476.0,476,476,0.0,1,59.5,3119.0,1559.5,0,High Demand
Tiruchchirappalli Jn-Tambaram,Rail,176.0,176,176,0.0,1,88.0,376.0,188.0,0,High Demand
Tiruchchirappalli Jn-Thanjavur,Rail,149.0,149,149,0.0,1,74.5,50.0,30.0,0,High Demand
Tiruchchirappalli Jn-Thiruvananthapuram Central,Rail,336.0,336,336,0.0,1,67.2,462.0,231.0,0,High Demand
Tiruchchirappalli Jn-Thiruvarur Jn,Rail,176.0,176,176,0.0,1,88.0,104.0,52.0,0,High Demand
Tiruchchirappalli Jn-Villupuram Jn,Rail,130.0,130,130,0.0,1,65.0,178.0,89.0,0,High Demand
Tiruchendur-Chennai Egmore,Rail,369.5,371,368,2.1213203435596424,2,73.9,779.0,389.5,0,High Demand
Tiruchendur-Palakkad,Rail,154.0,155,153,1.4142135623730951,2,30.799999999999997,461.5,230.75,0,High Demand
Tiruchendur-Tirunelveli,Rail,130.0,186,53,53.316664061685884,10,65.0,61.0,30.5,0,High Demand
Tiruchendur-Tuticorin,Rail,163.0,163,163,0.0,1,81.5,122.0,61.0,0,High Demand
Tiruchendur-Vanchi Maniyachchi Jn,Rail,168.5,175,162,9.192388155425117,2,84.25,90.0,45.0,0,High Demand
Tirunelveli-Chennai Egmore,Rail,318.0,341,295,32.526911934581186,2,63.6,653.0,326.5,0,High Demand
Tirunelveli-Dadar,Rail,358.0,358,358,0.0,1,44.75,1811.0,905.5,0,High Demand
Tirunelveli-Gandhidham Jn,Rail,376.0,418,334,59.39696961966999,2,47.0,2705.5,1352.75,0,High Demand
Tirunelveli-Jamnagar,Rail,359.0,359,359,0.0,1,44.875,2735.0,1367.5,0,High Demand
Tirunelveli-Kanniyakumari,Rail,103.0,103,103,0.0,1,51.5,89.0,44.5,0,High Demand
Tirunelveli-Lokmanyatilak,Rail,534.0,534,534,0.0,1,66.75,2049.0,1024.5,0,High Demand
Tirunelveli-Mangalore Jn,Rail,292.0,292,292,0.0,1,58.4,754.0,377.0,0,High Demand
Tirunelveli-Mayiladuturai Jn,Rail,168.0,168,168,0.0,1,33.6,437.0,218.5,0,High Demand
Tirunelveli-Purulia Jn,Rail,401.0,401,401,0.0,1,50.125,2536.0,1268.0,0,High Demand
Tirunelveli-Sengottai,Rail,114.85714285714286,191,63,42.227276222163056,7,57.42857142857143,78.85714285714286,39.42857142857143,0,High Demand
Tirunelveli-Shmata Vd Katra,Rail,251.0,251,251,0.0,1,31.374999999999996,3642.0,1821.0,0,High Demand
Tirunelveli-Tiruchendur,Rail,140.2,197,48,55.93408819514467,10,70.1,61.0,30.5,0,High Demand
Tirunelveli-Tuticorin,Rail,123.0,123,123,0.0,1,61.5,60.0,30.0,0,High Demand
Tirupati-Adilabad,Rail,292.0,292,292,0.0,1,36.5,1219.0,609.5,0,High Demand
Tirupati-Amravati,Rail,363.0,363,363,0.0,1,45.375,1307.0,653.5,0,High Demand
Tirupati-Bhubaneswar,Rail,492.0,518,466,36.76955262170047,2,61.5,1179.0,589.5,0,High Demand
Tirupati-Bilaspur Jn,Rail,259.0,259,259,0.0,1,32.375,1401.0,700.5,0,High Demand
Tirupati-C Sahumaharaj T Kolhapur,Rail,151.0,151,151,0.0,1,30.2,905.0,452.5,0,High Demand
Tirupati-C Sambhajinagar,Rail,346.0,346,346,0.0,1,43.25,1167.0,583.5,0,High Demand
Tirupati-Chamarajanagar,Rail,165.0,206,124,57.982756057296896,2,33.0,535.0,267.5,0,High Demand
Tirupati-Chikkamagalur,Rail,143.0,143,143,0.0,1,28.599999999999998,596.0,298.0,0,High Demand
Tirupati-Coimbatore Jn,Rail,345.0,345,345,0.0,1,69.0,472.0,236.0,0,High Demand
Tirupati-Guntakal Jn,Rail,137.5,166,109,40.30508652763321,2,68.75,371.0,185.5,0,High Demand
Tirupati-Guntur Jn,Rail,211.0,211,211,0.0,1,42.199999999999996,555.0,277.5,0,High Demand
Tirupati-Hazrat Nizamuddin,Rail,237.0,237,237,0.0,1,29.625,2308.0,1154.0,0,High Demand
Tirupati-Howrah Jn,Rail,453.0,453,453,0.0,1,56.625,1617.0,808.5,0,High Demand
Tirupati-Hubballi Jn,Rail,147.0,147,147,0.0,1,29.4,579.0,289.5,0,High Demand
Tirupati-Hyderabad Decan,Rail,328.0,328,328,0.0,1,65.60000000000001,733.0,366.5,0,High Demand
Tirupati-Jammu Tawi,Rail,276.0,276,276,0.0,1,34.5,2989.0,1494.5,0,High Demand
Tirupati-Kadiridevarapalli,Rail,140.5,213,68,102.5304832720494,2,28.1,537.0,268.5,0,High Demand
Tirupati-Kakinada Port,Rail,136.0,136,136,0.0,1,27.200000000000003,600.0,300.0,0,High Demand
Tirupati-Kakinada Town,Rail,278.0,278,278,0.0,1,55.60000000000001,598.0,299.0,0,High Demand
Tirupati-Karimnagar Oa,Rail,412.0,412,412,0.0,1,82.39999999999999,712.0,356.0,0,High Demand
Tirupati-Katpadi Jn,Rail,151.6,185,72,45.544483749407014,5,75.8,104.0,52.0,0,High Demand
Tirupati-Khurda Road Jn,Rail,357.0,357,357,0.0,1,44.625,1188.0,594.0,0,High Demand
Tirupati-Kollam Jn,Rail,275.0,275,275,0.0,1,55.00000000000001,833.0,416.5,0,High Demand
Tirupati-Lingampalli,Rail,267.0,267,267,0.0,1,53.400000000000006,684.0,342.0,0,High Demand
Tirupati-Mannargudi,Rail,148.0,148,148,0.0,1,29.599999999999998,463.0,231.5,0,High Demand
Tirupati-Mgr Chennai Ctr,Rail,258.6666666666667,313,164,82.28203530135443,3,94.0,151.0,75.5,0,High Demand
Tirupati-Narasapur,Rail,260.0,338,209,68.60757975617562,3,52.0,523.6666666666666,261.8333333333333,0,High Demand
Tirupati-Nizamabad,Rail,244.0,244,244,0.0,1,48.8,890.0,445.0,0,High Demand
Tirupati-Pondicherry,Rail,181.66666666666666,227,135,46.01449047129972,3,86.33333333333333,290.3333333333333,145.16666666666666,0,High Demand
Tirupati-Rameswaram,Rail,417.0,417,417,0.0,1,83.39999999999999,828.0,414.0,0,High Demand
Tirupati-Sainagar Shirdi,Rail,285.0,364,206,111.72287142747452,2,35.625,1435.0,717.5,0,High Demand
Tirupati-Santragachi Jn,Rail,208.0,208,208,0.0,1,26.0,1610.0,805.0,0,High Demand
Tirupati-Secunderabad Jn,Rail,324.5,384,227,70.63757262722628,4,64.89999999999999,726.75,363.375,0,High Demand
Tirupati-Smvt Bengaluru,Rail,245.0,245,245,0.0,1,100.0,328.0,164.0,0,High Demand
Tirupati-Srikakulam Road,Rail,339.0,339,339,0.0,1,67.80000000000001,853.0,426.5,0,High Demand
Tirupati-Vasco Da Gama,Rail,394.0,394,394,0.0,1,78.8,815.0,407.5,0,High Demand
Tirupati-Villupuram Jn,Rail,176.0,183,169,9.899494936611665,2,88.0,264.5,132.25,0,High Demand
Tirupati-Visakhapatnam,Rail,293.6666666666667,415,175,120.02222016499002,3,58.73333333333333,762.3333333333334,381.1666666666667,0,High Demand
Tiruttani-Mgr Chennai Central Suburban,Rail,179.0,179,179,0.0,1,89.5,82.0,41.0,0,High Demand
Tiruvallur-Avadi,Rail,323.0,323,323,0.0,1,100.0,27.0,30.0,0,High Demand
Tiruvannamalai-Tambaram,Rail,137.0,137,137,0.0,1,68.5,253.0,126.5,0,High Demand
Titlagarh-Bilaspur Jn,Rail,217.0,217,217,0.0,1,43.4,432.0,216.0,0,High Demand
Titlagarh-Jharsuguda Jn,Rail,199.0,199,199,0.0,1,99.5,230.0,115.0,0,High Demand
Titlagarh-Raipur Jn,Rail,205.0,205,205,0.0,1,100.0,204.0,102.0,0,High Demand
Tori-Ranchi,Rail,212.0,212,212,0.0,1,100.0,111.0,55.5,0,High Demand
Triveniganj-Saharsa Jn,Rail,194.0,194,194,0.0,1,97.0,58.0,30.0,0,High Demand
Tumkur-Banaswadi,Rail,166.0,208,124,59.39696961966999,2,81.0,77.0,38.5,0,High Demand
Tumkur-Chamarajanagar,Rail,231.0,231,231,0.0,1,100.0,269.0,134.5,0,High Demand
Tumkur-Ksr Bengaluru,Rail,112.0,145,73,32.03123475609393,5,56.0,69.8,34.9,0,High Demand
Tumkur-Shivamogga Town,Rail,129.5,143,116,19.091883092036785,2,64.75,203.0,101.5,0,High Demand
Tumkur-Yasvantpur Jn,Rail,110.33333333333333,118,97,11.59022576714247,3,55.166666666666664,65.0,32.5,0,High Demand
Tumsar Road-Tirodi,Rail,177.0,177,177,0.0,1,88.5,49.0,30.0,0,High Demand
Tundla Jn-Agra Cantt,Rail,94.0,94,94,0.0,1,47.0,28.0,30.0,0,High Demand
Tundla Jn-Aligarh Jn,Rail,205.0,205,205,0.0,1,100.0,78.0,39.0,0,High Demand
Tundla Jn-Delhi,Rail,157.0,157,157,0.0,1,78.5,204.0,102.0,0,High Demand
Tundla Jn-Etah,Rail,129.66666666666666,210,82,69.97380462239661,3,63.166666666666664,73.0,36.5,0,High Demand
Tundla Jn-Etawah,Rail,148.5,196,101,67.17514421272202,2,74.25,92.0,46.0,0,High Demand
Tundla Jn-Farrukhabad Jn,Rail,147.0,147,147,0.0,1,73.5,143.0,71.5,0,High Demand
Tundla Jn-Ghaziabad,Rail,143.0,143,143,0.0,1,71.5,184.0,92.0,0,High Demand
Tundla Jn-Kanpur Central,Rail,57.0,57,57,0.0,1,28.499999999999996,231.0,115.5,0,High Demand
Tuticorin-Chennai Egmore,Rail,287.0,377,197,127.27922061357856,2,57.400000000000006,656.0,328.0,0,High Demand
Tuticorin-Coimbatore Jn,Rail,121.0,121,121,0.0,1,24.2,465.0,232.5,0,High Demand
Tuticorin-Kacheguda,Rail,238.0,238,238,0.0,1,29.75,1447.0,723.5,0,High Demand
Tuticorin-Mettupalaiyam,Rail,297.0,297,297,0.0,1,59.4,428.0,214.0,0,High Demand
Tuticorin-Mysore Jn,Rail,386.0,386,386,0.0,1,77.2,783.0,391.5,0,High Demand
Tuticorin-Okha,Rail,205.0,205,205,0.0,1,25.624999999999996,2735.0,1367.5,0,High Demand
Tuticorin-Palakkad,Rail,334.0,334,334,0.0,1,66.8,540.0,270.0,0,High Demand
Tuticorin-Tiruchendur,Rail,194.0,194,194,0.0,1,97.0,121.0,60.5,0,High Demand
Tuticorin-Tirunelveli,Rail,81.0,81,81,0.0,1,40.5,60.0,30.0,0,High Demand
Tuticorin-Vanchi Maniyachchi Jn,Rail,131.5,158,100,24.0762677063258,4,65.75,31.0,30.0,0,High Demand
Udagamandalam-Coonoor,Rail,140.0,171,97,38.43175770115127,3,70.0,19.0,30.0,0,High Demand
Udagamandalam-Mettupalaiyam,Rail,176.0,176,176,0.0,1,88.0,46.0,30.0,0,High Demand
Udaipur City-Agra Cantt,Rail,248.0,248,248,0.0,1,49.6,613.0,306.5,0,High Demand
Udaipur City-Ahmedabad Jn,Rail,320.0,320,320,0.0,1,100.0,298.0,149.0,0,High Demand
Udaipur City-Ahmedabad Mg,Rail,177.0,177,177,0.0,1,88.5,297.0,148.5,0,High Demand
Udaipur City-Asarva Jn (Ahmedabad,Rail,283.0,385,126,137.98188286873028,3,87.66666666666667,296.0,148.0,0,High Demand
Udaipur City-Bandra Terminus,Rail,438.0,438,438,0.0,1,87.6,945.0,472.5,0,High Demand
Udaipur City-Bari Sadri,Rail,125.0,201,49,107.48023074035522,2,62.25,124.0,62.0,0,High Demand
Udaipur City-Chandigarh,Rail,246.0,246,246,0.0,1,30.75,1022.0,511.0,0,High Demand
Udaipur City-Chittaurgarh,Rail,71.0,71,71,0.0,1,35.5,114.0,57.0,0,High Demand
Udaipur City-Delhi S Rohilla,Rail,342.0,375,309,46.66904755831214,2,68.4,670.5,335.25,0,High Demand
Udaipur City-Hazrat Nizamuddin,Rail,181.0,181,181,0.0,1,36.199999999999996,743.0,371.5,0,High Demand
Udaipur City-Jaipur,Rail,259.3333333333333,325,183,71.59841711471933,3,51.86666666666667,433.3333333333333,216.66666666666666,0,High Demand
Udaipur City-Kamakhya,Rail,358.0,389,327,43.840620433565945,2,44.75,2641.0,1320.5,0,High Demand
Udaipur City-Khajuraho,Rail,259.0,259,259,0.0,1,32.375,1092.0,546.0,0,High Demand
Udaipur City-Kolkata,Rail,353.0,353,353,0.0,1,44.125,2130.0,1065.0,0,High Demand
Udaipur City-Madar Jn (Ajmer,Rail,328.0,328,328,0.0,1,100.0,306.0,153.0,0,High Demand
Udaipur City-Mandsor,Rail,102.0,102,102,0.0,1,51.0,219.0,109.5,0,High Demand
Udaipur City-Mysore Jn,Rail,177.0,177,177,0.0,1,22.125,2264.0,1132.0,0,High Demand
Udaipur City-New Jalpaiguri,Rail,310.0,310,310,0.0,1,38.75,2231.0,1115.5,0,High Demand
Udaipur City-Patliputra,Rail,424.0,424,424,0.0,1,53.0,1567.0,783.5,0,High Demand
Udaipur City-Ratlam Jn,Rail,285.0,285,285,0.0,1,100.0,303.0,151.5,0,High Demand
Udaipur City-Shalimar,Rail,378.0,438,318,84.8528137423857,2,47.25,1880.5,940.25,0,High Demand
Udaipur City-Yog N Rishikesh,Rail,300.0,300,300,0.0,1,60.0,995.0,497.5,0,High Demand
Udhampur-Allahabad Jn,Rail,227.0,227,227,0.0,1,28.375,1265.0,632.5,0,High Demand
Udhampur-Jammu Tawi,Rail,194.0,202,186,11.313708498984761,2,96.5,53.0,30.0,0,High Demand
Udhampur-Kanpur Central,Rail,193.0,193,193,0.0,1,24.125,1070.0,535.0,0,High Demand
Udhna Jn (Surat-Banaras,Rail,202.0,263,141,86.2670273047588,2,25.25,1390.5,695.25,0,High Demand
Udhna Jn (Surat-Bhagalpur,Rail,204.0,204,204,0.0,1,25.5,1832.0,916.0,0,High Demand
Udhna Jn (Surat-Bhusaval Jn,Rail,141.66666666666666,214,103,62.69237061503842,3,68.5,334.3333333333333,167.16666666666666,0,High Demand
Udhna Jn (Surat-Brahmapur,Rail,358.0,358,358,0.0,1,44.75,1709.0,854.5,0,High Demand
Udhna Jn (Surat-Danapur,Rail,264.0,264,264,0.0,1,33.0,1594.0,797.0,0,High Demand
Udhna Jn (Surat-Jaynagar,Rail,215.5,284,147,96.87362902255701,2,26.9375,1856.0,928.0,0,High Demand
Udhna Jn (Surat-Nandurbar,Rail,56.0,56,56,0.0,1,28.000000000000004,156.0,78.0,0,High Demand
Udhna Jn (Surat-Paldhi,Rail,86.0,86,86,0.0,1,43.0,295.0,147.5,0,High Demand
Udhna Jn (Surat-Thawe Jn,Rail,260.0,260,260,0.0,1,32.5,1836.0,918.0,0,High Demand
Ujjain Jn-Bhopal  Jn,Rail,208.0,208,208,0.0,1,100.0,186.0,93.0,0,High Demand
Ujjain Jn-Chittaurgarh,Rail,59.0,59,59,0.0,1,29.5,291.0,145.5,0,High Demand
Ujjain Jn-Indore Jn Bg,Rail,127.0,160,100,30.44667469527666,3,63.5,68.66666666666667,34.333333333333336,0,High Demand
Ujjain Jn-Nagda Jn,Rail,110.0,120,100,14.142135623730951,2,55.0,55.0,30.0,0,High Demand
Ujjain Jn-Ratlam Jn,Rail,156.0,156,156,0.0,1,78.0,96.0,48.0,0,High Demand
Umargam Road-Valsad,Rail,80.0,80,80,0.0,1,40.0,54.0,30.0,0,High Demand
Umarpada-Kosamba Jn,Rail,144.0,144,144,0.0,1,72.0,62.0,31.0,0,High Demand
Una Himachal-Haridwar Jn,Rail,342.0,342,342,0.0,1,100.0,368.0,184.0,0,High Demand
Una Himachal-Indore Jn Bg,Rail,381.0,381,381,0.0,1,47.625,1344.0,672.0,0,High Demand
Unchahar Jn-Rae Bareli Jn,Rail,147.0,179,115,45.254833995939045,2,73.5,38.0,30.0,0,High Demand
Utraitia Jn-Kanpur Central,Rail,184.0,184,184,0.0,1,92.0,86.0,43.0,0,High Demand
Utraitia Jn-Shiupur,Rail,71.0,71,71,0.0,1,35.5,265.0,132.5,0,High Demand
Vadnagar-Valsad,Rail,238.0,238,238,0.0,1,47.599999999999994,423.0,211.5,0,High Demand
Vadodara Jn-Anand Jn,Rail,112.0,115,109,4.242640687119285,2,56.0,35.0,30.0,0,High Demand
Vadodara Jn-Bharuch Jn,Rail,99.0,99,99,0.0,1,49.5,70.0,35.0,0,High Demand
Vadodara Jn-Dahanu Road,Rail,333.0,333,333,0.0,1,100.0,272.0,136.0,0,High Demand
Vadodara Jn-Dahod,Rail,200.33333333333334,219,172,24.946609656090214,3,95.33333333333333,144.0,72.0,0,High Demand
Vadodara Jn-Godhra Jn,Rail,155.0,155,155,0.0,1,77.5,72.0,36.0,0,High Demand
Vadodara Jn-Jamnagar,Rail,210.0,210,210,0.0,1,42.0,432.0,216.0,0,High Demand
Vadodara Jn-Kathana,Rail,124.0,124,124,0.0,1,62.0,63.0,31.5,0,High Demand
Vadodara Jn-Kota Jn,Rail,268.5,399,138,184.55486988968892,2,53.7,526.0,263.0,0,High Demand
Vadodara Jn-Surat,Rail,181.0,181,181,0.0,1,90.5,129.0,64.5,0,High Demand
Vadodara Jn-Valsad,Rail,140.0,156,124,22.627416997969522,2,70.0,198.0,99.0,0,High Demand
Vadodara Jn-Vatva (Ahmedabad,Rail,157.66666666666666,211,122,33.69668628614195,6,77.91666666666667,90.0,45.0,0,High Demand
Vaishali-Koderma,Rail,146.0,146,146,0.0,1,73.0,328.0,164.0,0,High Demand
Valsad-Ahmedabad Jn,Rail,343.0,343,343,0.0,1,100.0,298.0,149.0,0,High Demand
Valsad-Bhagat Ki Kothi (Jodhpur,Rail,403.0,428,378,35.35533905932738,2,80.6,749.0,374.5,0,High Demand
Valsad-Dahod,Rail,112.0,112,112,0.0,1,56.00000000000001,346.0,173.0,0,High Demand
Valsad-Haridwar Jn,Rail,253.0,253,253,0.0,1,31.624999999999996,1433.0,716.5,0,High Demand
Valsad-Kanpur Central,Rail,393.0,393,393,0.0,1,49.125,1312.0,656.0,0,High Demand
Valsad-Khurda Road Jn,Rail,272.0,272,272,0.0,1,34.0,2023.0,1011.5,0,High Demand
Valsad-Mumbai Central,Rail,56.0,56,56,0.0,1,28.000000000000004,194.0,97.0,0,High Demand
Valsad-Muzaffarpur Jn,Rail,312.0,312,312,0.0,1,39.0,1865.0,932.5,0,High Demand
Valsad-Surat,Rail,189.0,189,189,0.0,1,94.5,69.0,34.5,0,High Demand
Valsad-Umargam Road,Rail,105.0,105,105,0.0,1,52.5,54.0,30.0,0,High Demand
Valsad-Vadnagar,Rail,355.0,355,355,0.0,1,71.0,423.0,211.5,0,High Demand
Valsad-Vadodara Jn,Rail,252.0,340,164,124.45079348883236,2,91.0,198.0,99.0,0,High Demand
Valsad-Virar,Rail,48.0,48,48,0.0,1,24.0,138.0,69.0,0,High Demand
Vanchi Maniyachchi Jn-Tiruchendur,Rail,133.0,215,51,115.96551211459379,2,62.75,90.0,45.0,0,High Demand
Vanchi Maniyachchi Jn-Tuticorin,Rail,157.75,206,77,57.80642986150705,4,78.125,31.0,30.0,0,High Demand
Vangaichungpao-Silchar,Rail,43.0,43,43,0.0,1,21.5,67.0,33.5,0,High Demand
Vapi-Mumbai Central,Rail,140.0,140,140,0.0,1,70.0,168.0,84.0,0,High Demand
Varanasi City-Ahmedabad Jn,Rail,490.0,490,490,0.0,1,61.25000000000001,1594.0,797.0,0,High Demand
Varanasi City-Azamgarh,Rail,171.0,171,171,0.0,1,85.5,132.0,66.0,0,High Demand
Varanasi City-Bhatni Jn,Rail,130.5,136,125,7.7781745930520225,2,65.25,157.0,78.5,0,High Demand
Varanasi City-Chhapra,Rail,215.66666666666666,235,189,23.860706890897703,3,98.16666666666667,209.0,104.5,0,High Demand
Varanasi City-Darbhanga Jn,Rail,306.0,306,306,0.0,1,61.199999999999996,404.0,202.0,0,High Demand
Varanasi City-Ghazipur City,Rail,172.0,172,172,0.0,1,86.0,71.0,35.5,0,High Demand
Varanasi City-Gorakhpur,Rail,118.66666666666667,154,64,48.01388688008224,3,59.333333333333336,227.33333333333334,113.66666666666667,0,High Demand
Varanasi City-Gorakhpur Cant,Rail,99.0,99,99,0.0,1,49.5,224.0,112.0,0,High Demand
Varanasi City-Jodhpur Jn,Rail,298.3333333333333,415,228,101.74641680832468,3,37.291666666666664,1187.6666666666667,593.8333333333334,0,High Demand
Varanasi City-Lucknow Ne,Rail,252.0,252,252,0.0,1,50.4,506.0,253.0,0,High Demand
Varanasi Jn-Asansol Jn,Rail,207.0,208,206,1.4142135623730951,2,41.4,478.5,239.25,0,High Demand
Varanasi Jn-Bahraich,Rail,169.0,169,169,0.0,1,84.5,316.0,158.0,0,High Demand
Varanasi Jn-Bareilly,Rail,202.0,202,202,0.0,1,40.400000000000006,559.0,279.5,0,High Demand
Varanasi Jn-Barka Kana,Rail,241.0,241,241,0.0,1,48.199999999999996,454.0,227.0,0,High Demand
Varanasi Jn-Dd Upadhyaya Jn,Rail,180.0,182,178,2.8284271247461903,2,90.0,18.0,30.0,0,High Demand
Varanasi Jn-Deoghar,Rail,244.0,244,244,0.0,1,48.8,454.0,227.0,0,High Demand
Varanasi Jn-Ekta Nagar,Rail,271.0,271,271,0.0,1,33.875,1615.0,807.5,0,High Demand
Varanasi Jn-Gandhinagar Capital,Rail,420.0,420,420,0.0,1,52.5,1487.0,743.5,0,High Demand
Varanasi Jn-Indore Jn Bg,Rail,249.0,352,146,145.6639969244288,2,31.125,1106.0,553.0,0,High Demand
Varanasi Jn-Jammu Tawi,Rail,359.0,359,359,0.0,1,44.875,1261.0,630.5,0,High Demand
Varanasi Jn-Kanpur Central,Rail,107.0,107,107,0.0,1,53.5,357.0,178.5,0,High Demand
Varanasi Jn-Lucknow,Rail,244.16666666666666,341,141,73.34143894597833,6,94.41666666666667,299.3333333333333,149.66666666666666,0,High Demand
Varanasi Jn-Maa Belha Devi Dham Pratapgarh Jn,Rail,52.0,52,52,0.0,1,26.0,128.0,64.0,0,High Demand
Varanasi Jn-Meerut City Jn,Rail,158.0,158,158,0.0,1,31.6,783.0,391.5,0,High Demand
Varanasi Jn-Mumbai Cst,Rail,188.0,188,188,0.0,1,23.5,1515.0,757.5,0,High Demand
Varanasi Jn-Mysore Jn,Rail,405.5,446,365,57.27564927611035,2,50.6875,2706.0,1353.0,0,High Demand
Varanasi Jn-New Delhi,Rail,249.66666666666666,256,245,5.686240703077326,3,49.93333333333334,769.0,384.5,0,High Demand
Varanasi Jn-Patna Jn,Rail,183.0,183,183,0.0,1,91.5,226.0,113.0,0,High Demand
Varanasi Jn-Rajgir,Rail,369.0,369,369,0.0,1,73.8,410.0,205.0,0,High Demand
Varanasi Jn-Ramnagar,Rail,345.0,345,345,0.0,1,69.0,705.0,352.5,0,High Demand
Varanasi Jn-Ranchi,Rail,375.0,375,375,0.0,1,75.0,536.0,268.0,0,High Demand
Varanasi Jn-Sabarmati Bg,Rail,306.0,469,143,230.5168106668145,2,38.25,1697.0,848.5,0,High Demand
Varanasi Jn-Sealdah,Rail,144.0,144,144,0.0,1,28.799999999999997,871.0,435.5,0,High Demand
Varanasi Jn-Shaktinagar,Rail,341.0,341,341,0.0,1,100.0,227.0,113.5,0,High Demand
Varanasi Jn-Singrauli,Rail,309.0,309,309,0.0,1,100.0,208.0,104.0,0,High Demand
Varanasi Jn-Sultanpur Jn,Rail,123.0,201,45,110.30865786510141,2,61.25,143.0,71.5,0,High Demand
Varanasi-Ahmedabad,Air,85.94871794871794,255,29,43.11364951646845,39,55.72008547008547,3998.269230769231,9233.410256410256,1,Low Demand
Varanasi-Bangalore,Air,61.81818181818182,135,15,36.24608129289163,33,49.441161616161615,4810.227272727273,9331.151515151516,1,Low Demand
Varanasi-Bhubaneswar,Air,89.20370370370371,241,14,54.240338546568836,54,61.00673868312757,4287.777777777777,8942.462962962964,1,Low Demand
Varanasi-Chennai,Air,91.36363636363636,206,12,48.105884633417105,33,55.69478114478114,3964.090909090909,9395.424242424242,1,Low Demand
Varanasi-Cochin,Air,74.81395348837209,186,20,39.97335768326168,43,58.78456072351422,4598.895348837209,9085.837209302326,1,Low Demand
Varanasi-Delhi,Air,81.46666666666667,150,18,38.96711900611031,45,53.04481481481482,4136.666666666667,8924.2,1,Low Demand
Varanasi-Goa,Air,85.14285714285714,208,26,46.3705571610755,21,55.50648148148149,5081.785714285715,9386.619047619048,1,Low Demand
Varanasi-Guwahati,Air,66.09756097560975,139,16,32.67399950882106,41,52.232588075880756,4378.536585365854,10169.731707317073,1,Low Demand
Varanasi-Hyderabad,Air,82.1470588235294,137,22,36.145440512950216,34,59.314133986928105,4961.25,9393.617647058823,1,Low Demand
Varanasi-Indore,Air,83.5813953488372,199,24,38.02269532675724,43,58.26233850129199,3718.2558139534885,8974.093023255815,1,Low Demand
Varanasi-Jaipur,Air,76.38888888888889,177,18,37.40151087687522,36,51.786188271604935,4487.291666666667,9419.111111111111,1,Low Demand
Varanasi-Kolkata,Air,85.72093023255815,194,16,43.69010217069185,43,57.1326873385013,3647.093023255814,9121.255813953489,1,Low Demand
Varanasi-Lucknow,Air,98.05128205128206,258,27,54.41069395563838,39,61.24501424501425,4511.538461538462,9019.794871794871,1,Low Demand
Varanasi-Mumbai,Air,67.71052631578948,131,13,29.316454096574947,38,50.117470760233914,4365.1973684210525,10366.447368421053,1,Low Demand
Varanasi-Nagpur,Air,87.57777777777778,267,18,50.05201335015445,45,61.2983950617284,3978.0,9558.933333333332,1,Low Demand
Varanasi-Patna,Air,88.73809523809524,246,23,47.97970075029927,42,61.18002645502646,4335.0,9973.404761904761,1,Low Demand
Varanasi-Pune,Air,82.48571428571428,167,19,40.060521441329996,35,52.42492063492064,4313.142857142857,10037.971428571429,1,Low Demand
Varanasi-Raipur,Air,77.76315789473684,198,18,42.6984614005516,38,51.714035087719296,4509.473684210527,10450.263157894737,1,Low Demand
Varanasi-Surat,Air,84.35135135135135,192,15,45.953005110424265,37,54.00908408408409,3507.972972972973,9517.216216216217,1,Low Demand
Varetha-Gandhinagar Capital,Rail,87.0,87,87,0.0,1,43.5,116.0,58.0,0,High Demand
Vasai Road-Diva Jn,Rail,117.8,167,52,55.12440475869104,5,58.9,42.0,30.0,0,High Demand
Vasai Road-Panvel,Rail,136.0,152,120,22.627416997969522,2,68.0,66.0,33.0,0,High Demand
Vasco Da Gama-Hazrat Nizamuddin,Rail,507.0,507,507,0.0,1,63.375,2208.0,1104.0,0,High Demand
Vasco Da Gama-Hyderabad Decan,Rail,439.0,439,439,0.0,1,87.8,870.0,435.0,0,High Demand
Vasco Da Gama-Jasidih Jn,Rail,246.0,246,246,0.0,1,30.75,2599.0,1299.5,0,High Demand
Vasco Da Gama-Kulem,Rail,104.0,178,48,66.84309986827361,3,52.0,58.0,30.0,0,High Demand
Vasco Da Gama-Patna Jn,Rail,274.0,274,274,0.0,1,34.25,2418.0,1209.0,0,High Demand
Vasco Da Gama-Secunderabad Jn,Rail,206.0,206,206,0.0,1,41.199999999999996,861.0,430.5,0,High Demand
Vasco Da Gama-Shalimar,Rail,151.0,151,151,0.0,1,18.875,2157.0,1078.5,0,High Demand
Vasco Da Gama-Tirupati,Rail,423.0,423,423,0.0,1,84.6,815.0,407.5,0,High Demand
Vasco Da Gama-Vellankanni,Rail,359.0,359,359,0.0,1,44.875,1317.0,658.5,0,High Demand
Vasco Da Gama-Yasvantpur Jn,Rail,134.0,134,134,0.0,1,26.8,700.0,350.0,0,High Demand
Vatva (Ahmedabad-Anand Jn,Rail,146.5,181,112,48.79036790187178,2,73.25,56.0,30.0,0,High Demand
Vatva (Ahmedabad-Vadodara Jn,Rail,119.25,187,57,65.3318452211477,4,59.625,90.0,45.0,0,High Demand
Vellankanni-Chennai Egmore,Rail,181.0,181,181,0.0,1,90.5,353.0,176.5,0,High Demand
Vellankanni-Ernakulam Jn,Rail,309.0,421,197,158.39191898578665,2,61.8,705.0,352.5,0,High Demand
Vellankanni-Vasco Da Gama,Rail,205.0,205,205,0.0,1,25.624999999999996,1317.0,658.5,0,High Demand
Vellore Cantt-Arakkonam,Rail,103.0,149,57,65.05382386916237,2,51.5,71.0,35.5,0,High Demand
Veraval-Ahmedabad Jn,Rail,373.0,373,373,0.0,1,74.6,432.0,216.0,0,High Demand
Veraval-Banaras,Rail,234.0,234,234,0.0,1,29.25,1977.0,988.5,0,High Demand
Veraval-Bandra Terminus,Rail,254.5,291,218,51.61879502661797,2,50.9,926.5,463.25,0,High Demand
Veraval-Bhavnagar Terminus,Rail,186.0,186,186,0.0,1,93.0,287.0,143.5,0,High Demand
Veraval-Delvada,Rail,117.0,117,117,0.0,1,58.5,95.0,47.5,0,High Demand
Veraval-Gandhinagar Capital,Rail,163.5,214,113,71.4177848998413,2,32.7,445.5,222.75,0,High Demand
Veraval-Jabalpur,Rail,211.5,219,204,10.606601717798213,2,26.4375,1480.0,740.0,0,High Demand
Veraval-Junagadh Jn,Rail,155.33333333333334,204,113,45.82939377008312,3,77.0,114.0,57.0,0,High Demand
Veraval-Kodinar,Rail,151.0,151,151,0.0,1,75.5,70.0,35.0,0,High Demand
Veraval-Mumbai Central,Rail,166.0,166,166,0.0,1,33.2,923.0,461.5,0,High Demand
Veraval-Okha,Rail,255.0,255,255,0.0,1,51.0,442.0,221.0,0,High Demand
Veraval-Rajkot Jn,Rail,127.5,197,58,98.2878425849301,2,63.75,185.0,92.5,0,High Demand
Veraval-Sabarmati Bg,Rail,304.0,304,304,0.0,1,60.8,438.0,219.0,0,High Demand
Veraval-Thiruvananthapuram Central,Rail,515.0,515,515,0.0,1,64.375,2705.0,1352.5,0,High Demand
Vijayapura-Bolarum,Rail,241.0,241,241,0.0,1,48.199999999999996,456.0,228.0,0,High Demand
Vijayapura-C Shivaji Maharaj T,Rail,134.0,134,134,0.0,1,26.8,564.0,282.0,0,High Demand
Vijayapura-Hyderabad Decan,Rail,173.0,173,173,0.0,1,34.599999999999994,444.0,222.0,0,High Demand
Vijayapura-Mangalore Central,Rail,429.0,429,429,0.0,1,85.8,843.0,421.5,0,High Demand
Vijayapura-Raichur,Rail,194.0,211,177,24.041630560342615,2,94.25,366.0,183.0,0,High Demand
Vijayapura-Solapur Jn,Rail,61.0,61,61,0.0,1,30.5,108.0,54.0,0,High Demand
Vijayapura-Yasvantpur Jn,Rail,328.0,328,328,0.0,1,65.60000000000001,740.0,370.0,0,High Demand
Vijayawada Jn-Bangalore Cant,Rail,67.0,67,67,0.0,1,13.4,749.0,374.5,0,High Demand
Vijayawada Jn-Bhadrachalam Road,Rail,176.5,192,161,21.920310216782973,2,88.25,178.0,89.0,0,High Demand
Vijayawada Jn-Bhimavaram Jn,Rail,183.5,230,137,65.76093065034893,2,84.25,109.0,54.5,0,High Demand
Vijayawada Jn-Bitragunta,Rail,136.0,136,136,0.0,1,68.0,221.0,110.5,0,High Demand
Vijayawada Jn-Dornakal Jn,Rail,196.0,196,196,0.0,1,98.0,124.0,62.0,0,High Demand
Vijayawada Jn-Gudur Jn,Rail,146.75,223,66,64.23070397662892,4,70.5,293.0,146.5,0,High Demand
Vijayawada Jn-Guntur Jn,Rail,100.66666666666667,138,45,49.13586605864735,3,50.333333333333336,33.0,30.0,0,High Demand
Vijayawada Jn-Hubballi Jn,Rail,95.5,110,81,20.506096654409877,2,19.1,693.0,346.5,0,High Demand
Vijayawada Jn-Kakinada Port,Rail,88.0,88,88,0.0,1,44.0,215.0,107.5,0,High Demand
Vijayawada Jn-Kazipet Jn,Rail,210.0,210,210,0.0,1,100.0,227.0,113.5,0,High Demand
Vijayawada Jn-Lingampalli,Rail,351.0,351,351,0.0,1,100.0,336.0,168.0,0,High Demand
Vijayawada Jn-Machelipatnam,Rail,104.25,164,45,50.1023951523278,4,52.125,80.0,40.0,0,High Demand
Vijayawada Jn-Macherla,Rail,215.0,215,215,0.0,1,100.0,163.0,81.5,0,High Demand
Vijayawada Jn-Mgr Chennai Ctr,Rail,299.5,336,263,51.61879502661797,2,59.900000000000006,442.0,221.0,0,High Demand
Vijayawada Jn-Narasapur,Rail,145.0,213,92,61.87891401761993,3,70.33333333333333,138.0,69.0,0,High Demand
Vijayawada Jn-Ongole,Rail,198.0,198,198,0.0,1,99.0,138.0,69.0,0,High Demand
Vijayawada Jn-Rajamundry,Rail,195.0,212,174,19.313207915827967,3,95.5,149.0,74.5,0,High Demand
Vijayawada Jn-Rayagada,Rail,325.0,325,325,0.0,1,65.0,536.0,268.0,0,High Demand
Vijayawada Jn-Secunderabad Jn,Rail,320.0,320,320,0.0,1,100.0,350.0,175.0,0,High Demand
Vijayawada Jn-Tenali Jn,Rail,89.5,127,52,53.033008588991066,2,44.75,32.0,30.0,0,High Demand
Vijayawada Jn-Visakhapatnam,Rail,175.5,203,148,38.890872965260115,2,87.0,350.0,175.0,0,High Demand
Vijayawada-Tirupati,Bus,31.98076923076923,60,11,10.170103021853475,52,61.91115384615385,358.4923076923077,537.4475,1,Low Demand
Vijayawada-Visakhapatnam,Bus,33.21052631578947,60,11,11.448802894595499,76,62.3525,350.3802631578948,498.6386842105263,1,Low Demand
Vikarabad Jn-Guntur Jn,Rail,276.0,276,276,0.0,1,100.0,353.0,176.5,0,High Demand
Vikarabad Jn-Kacheguda,Rail,71.0,71,71,0.0,1,35.5,80.0,40.0,0,High Demand
Villupuram Jn-Chennai Beach Jn,Rail,112.0,112,112,0.0,1,56.00000000000001,163.0,81.5,0,High Demand
Villupuram Jn-Dindigul Jn,Rail,165.0,165,165,0.0,1,82.5,272.0,136.0,0,High Demand
Villupuram Jn-Katpadi Jn,Rail,102.0,110,94,11.313708498984761,2,51.0,160.0,80.0,0,High Demand
Villupuram Jn-Kharagpur Jn,Rail,466.0,466,466,0.0,1,58.25,1830.0,915.0,0,High Demand
Villupuram Jn-Mayiladuturai Jn,Rail,164.6,203,77,51.935536966512636,5,82.0,121.4,60.7,0,High Demand
Villupuram Jn-Pondicherry,Rail,148.0,176,120,39.59797974644666,2,74.0,38.0,30.0,0,High Demand
Villupuram Jn-Tambaram,Rail,103.0,103,103,0.0,1,51.5,134.0,67.0,0,High Demand
Villupuram Jn-Thiruvarur Jn,Rail,51.0,51,51,0.0,1,25.5,160.0,80.0,0,High Demand
Villupuram Jn-Tiruchchirappalli Jn,Rail,208.0,208,208,0.0,1,100.0,178.0,89.0,0,High Demand
Villupuram Jn-Tirupati,Rail,139.25,272,91,88.54895068077694,4,60.625,264.0,132.0,0,High Demand
Viramgam Jn-Ahmedabad Jn,Rail,103.0,103,103,0.0,1,51.5,65.0,32.5,0,High Demand
Viramgam Jn-Mahesana Jn,Rail,111.5,125,98,19.091883092036785,2,55.75,65.0,32.5,0,High Demand
Viramgam Jn-Okha,Rail,229.0,229,229,0.0,1,45.800000000000004,430.0,215.0,0,High Demand
Virangana Lakshmibai(Jhanshi-Agra Cantt,Rail,124.0,164,84,56.568542494923804,2,62.0,216.5,108.25,0,High Demand
Virangana Lakshmibai(Jhanshi-Banda Jn,Rail,196.0,196,196,0.0,1,98.0,192.0,96.0,0,High Demand
Virangana Lakshmibai(Jhanshi-Bandra Terminus,Rail,229.5,237,222,10.606601717798213,2,28.6875,1318.0,659.0,0,High Demand
Virangana Lakshmibai(Jhanshi-Etawah,Rail,218.0,218,218,0.0,1,100.0,216.0,108.0,0,High Demand
Virangana Lakshmibai(Jhanshi-Govindpuri (Kanpur,Rail,328.0,328,328,0.0,1,100.0,218.0,109.0,0,High Demand
Virangana Lakshmibai(Jhanshi-Hazrat Nizamuddin,Rail,381.0,381,381,0.0,1,76.2,403.0,201.5,0,High Demand
Virangana Lakshmibai(Jhanshi-Kanpur Central,Rail,48.0,48,48,0.0,1,24.0,220.0,110.0,0,High Demand
Virangana Lakshmibai(Jhanshi-Khajuraho,Rail,196.0,196,196,0.0,1,98.0,254.0,127.0,0,High Demand
Virangana Lakshmibai(Jhanshi-Kolkata,Rail,329.0,376,282,66.46803743153546,2,41.125,1325.0,662.5,0,High Demand
Virangana Lakshmibai(Jhanshi-Lalitpur,Rail,158.0,158,158,0.0,1,79.0,89.0,44.5,0,High Demand
Virangana Lakshmibai(Jhanshi-Lucknow,Rail,96.0,107,85,15.556349186104045,2,48.0,293.0,146.5,0,High Demand
Virangana Lakshmibai(Jhanshi-Manikpur Jn,Rail,198.0,198,198,0.0,1,99.0,292.0,146.0,0,High Demand
Virangana Lakshmibai(Jhanshi-New Delhi,Rail,296.0,296,296,0.0,1,59.199999999999996,410.0,205.0,0,High Demand
Virangana Lakshmibai(Jhanshi-Ratlam Jn,Rail,189.0,189,189,0.0,1,37.8,778.0,389.0,0,High Demand
Virar-Bharuch Jn,Rail,259.0,296,222,52.32590180780452,2,100.0,266.0,133.0,0,High Demand
Virar-Dahanu Road,Rail,108.0,108,108,0.0,1,54.0,64.0,32.0,0,High Demand
Virar-Sanjan,Rail,134.0,134,134,0.0,1,67.0,89.0,44.5,0,High Demand
Virar-Surat,Rail,139.33333333333334,167,119,24.82606157515391,3,69.66666666666667,207.0,103.5,0,High Demand
Virar-Valsad,Rail,80.0,80,80,0.0,1,40.0,138.0,69.0,0,High Demand
Virudunagar Jn-Karaikkudi Jn,Rail,191.0,191,191,0.0,1,95.5,128.0,64.0,0,High Demand
Visakhapatnam-Adityapur,Rail,283.0,283,283,0.0,1,56.599999999999994,860.0,430.0,0,High Demand
Visakhapatnam-Amritsar Jn,Rail,446.0,446,446,0.0,1,55.75,2570.0,1285.0,0,High Demand
Visakhapatnam-Banaras,Rail,441.0,441,441,0.0,1,55.125,1405.0,702.5,0,High Demand
Visakhapatnam-Bhagat Ki Kothi (Jodhpur,Rail,440.0,440,440,0.0,1,55.00000000000001,2071.0,1035.5,0,High Demand
Visakhapatnam-Bhawanipatna,Rail,168.0,168,168,0.0,1,84.0,308.0,154.0,0,High Demand
Visakhapatnam-Bhubaneswar,Rail,305.0,305,305,0.0,1,61.0,443.0,221.5,0,High Demand
Visakhapatnam-Bhubaneswar New,Rail,353.0,353,353,0.0,1,70.6,456.0,228.0,0,High Demand
Visakhapatnam-Brahmapur,Rail,181.66666666666666,329,100,127.84495818503494,3,69.33333333333333,277.0,138.5,0,High Demand
Visakhapatnam-Charlapalli (Secunderabad,Rail,109.0,109,109,0.0,1,21.8,684.0,342.0,0,High Demand
Visakhapatnam-Cuddapah,Rail,150.0,150,150,0.0,1,30.0,871.0,435.5,0,High Demand
Visakhapatnam-Digha F S,Rail,342.0,342,342,0.0,1,68.4,929.0,464.5,0,High Demand
Visakhapatnam-Durg,Rail,200.0,349,122,129.0852431535069,3,40.0,565.0,282.5,0,High Demand
Visakhapatnam-Gandhidham Jn,Rail,246.0,246,246,0.0,1,30.75,2110.0,1055.0,0,High Demand
Visakhapatnam-Guntur Jn,Rail,278.3333333333333,313,255,30.615900008546767,3,100.0,382.0,191.0,0,High Demand
Visakhapatnam-Gunupur,Rail,104.0,104,104,0.0,1,52.0,268.0,134.0,0,High Demand
Visakhapatnam-H Sahib Nanded,Rail,323.5,450,197,178.89801564019652,2,64.7,965.0,482.5,0,High Demand
Visakhapatnam-Hazrat Nizamuddin,Rail,442.0,500,384,82.02438661763951,2,55.25,2009.5,1004.75,0,High Demand
Visakhapatnam-Hyderabad Decan,Rail,115.0,115,115,0.0,1,23.0,709.0,354.5,0,High Demand
Visakhapatnam-Kacheguda,Rail,217.0,217,217,0.0,1,43.4,705.0,352.5,0,High Demand
Visakhapatnam-Kakinada Port,Rail,319.0,319,319,0.0,1,100.0,166.0,83.0,0,High Demand
Visakhapatnam-Kirandul,Rail,259.6666666666667,301,213,44.241760061432146,3,51.93333333333334,472.0,236.0,0,High Demand
Visakhapatnam-Kollam Jn,Rail,434.0,434,434,0.0,1,54.25,1587.0,793.5,0,High Demand
Visakhapatnam-Koraput Jn,Rail,93.0,116,70,32.526911934581186,2,46.5,358.0,179.0,0,High Demand
Visakhapatnam-Korba,Rail,332.0,332,332,0.0,1,66.4,728.0,364.0,0,High Demand
Visakhapatnam-Lingampalli,Rail,317.0,317,317,0.0,1,63.4,716.0,358.0,0,High Demand
Visakhapatnam-Lokmanyatilak,Rail,418.5,420,417,2.1213203435596424,2,52.3125,1575.5,787.75,0,High Demand
Visakhapatnam-Machelipatnam,Rail,230.5,361,100,184.55486988968892,2,75.0,372.0,186.0,0,High Demand
Visakhapatnam-Mahbubnagar,Rail,389.0,389,389,0.0,1,77.8,808.0,404.0,0,High Demand
Visakhapatnam-Mgr Chennai Ctr,Rail,213.5,216,211,3.5355339059327378,2,42.7,780.0,390.0,0,High Demand
Visakhapatnam-Narasapur,Rail,176.0,176,176,0.0,1,88.0,299.0,149.5,0,High Demand
Visakhapatnam-New Delhi,Rail,189.0,189,189,0.0,1,23.625,2107.0,1053.5,0,High Demand
Visakhapatnam-Palasa,Rail,94.0,129,59,49.49747468305833,2,47.0,203.0,101.5,0,High Demand
Visakhapatnam-Paradeep,Rail,324.0,324,324,0.0,1,64.8,554.0,277.0,0,High Demand
Visakhapatnam-Raipur Jn,Rail,129.0,129,129,0.0,1,25.8,529.0,264.5,0,High Demand
Visakhapatnam-Rajamundry,Rail,139.5,210,69,99.7020561473032,2,67.25,201.0,100.5,0,High Demand
Visakhapatnam-Sainagar Shirdi,Rail,369.0,369,369,0.0,1,46.125,1393.0,696.5,0,High Demand
Visakhapatnam-Secunderabad Jn,Rail,348.6,554,171,172.56245246286923,5,67.24,684.6,342.3,0,High Demand
Visakhapatnam-Shalimar,Rail,150.0,150,150,0.0,1,30.0,880.0,440.0,0,High Demand
Visakhapatnam-Srikakulam Road,Rail,111.0,111,111,0.0,1,55.50000000000001,130.0,65.0,0,High Demand
Visakhapatnam-Tirupati,Rail,340.3333333333333,400,280,60.00277771348034,3,68.06666666666668,762.3333333333334,381.1666666666667,0,High Demand
Visakhapatnam-Vijayawada Jn,Rail,119.0,134,104,21.213203435596427,2,59.5,350.0,175.0,0,High Demand
Visakhapatnam-Vizianagram Jn,Rail,112.5,122,103,13.435028842544403,2,56.25,61.0,30.5,0,High Demand
Vizianagram Jn-Visakhapatnam,Rail,138.66666666666666,299,57,138.86084161250548,3,52.833333333333336,61.0,30.5,0,High Demand
Wadi-Kacheguda,Rail,145.5,221,70,106.77312395916867,2,67.5,192.0,96.0,0,High Demand
Wadsa-Chanda Fort,Rail,123.0,123,123,0.0,1,61.5,135.0,67.5,0,High Demand
Waghai-Bilimora Jn,Rail,129.0,169,89,56.568542494923804,2,64.5,63.0,31.5,0,High Demand
Warangal-Secunderabad Jn,Rail,85.0,85,85,0.0,1,42.5,142.0,71.0,0,High Demand
Wardha Jn-Amravati,Rail,182.5,199,166,23.33452377915607,2,91.25,104.5,52.25,0,High Demand
Wardha Jn-Balharshah,Rail,122.5,184,61,86.97413408594535,2,61.25,133.0,66.5,0,High Demand
Wardha Jn-Bhusaval Jn,Rail,205.0,225,185,28.284271247461902,2,96.25,314.5,157.25,0,High Demand
Wardha Jn-Kalamb,Rail,51.0,51,51,0.0,1,25.5,39.0,30.0,0,High Demand
Wardha Jn-Nagpur,Rail,136.5,173,100,51.61879502661797,2,68.25,78.5,39.25,0,High Demand
Whitefield-Ksr Bengaluru,Rail,163.0,163,163,0.0,1,81.5,23.0,30.0,0,High Demand
Whitefield-Marikuppam,Rail,205.0,205,205,0.0,1,100.0,63.0,31.5,0,High Demand
Yamuna Bridge-Bayana Jn,Rail,197.0,197,197,0.0,1,98.5,86.0,43.0,0,High Demand
Yamuna Bridge-Ratlam Jn,Rail,150.0,150,150,0.0,1,30.0,696.0,348.0,0,High Demand
Yasvantpur Jn-Ahmedabad Jn,Rail,483.0,510,456,38.18376618407357,2,60.37499999999999,1793.0,896.5,0,High Demand
Yasvantpur Jn-Barmer,Rail,397.0,397,397,0.0,1,49.625,2232.0,1116.0,0,High Demand
Yasvantpur Jn-Bidar,Rail,178.0,182,174,5.656854249492381,2,35.599999999999994,687.0,343.5,0,High Demand
Yasvantpur Jn-Bikaner Jn,Rail,349.0,349,349,0.0,1,43.625,2451.0,1225.5,0,High Demand
Yasvantpur Jn-Chandigarh,Rail,313.0,313,313,0.0,1,39.125,2881.0,1440.5,0,High Demand
Yasvantpur Jn-Charlapalli (Secunderabad,Rail,232.0,232,232,0.0,1,46.400000000000006,712.0,356.0,0,High Demand
Yasvantpur Jn-Chikkamagalur,Rail,195.5,245,146,70.0035713374682,2,86.5,246.0,123.0,0,High Demand
Yasvantpur Jn-Delhi S Rohilla,Rail,713.0,713,713,0.0,1,89.125,2374.0,1187.0,0,High Demand
Yasvantpur Jn-Dr Ambedkar Ngr (Mhow,Rail,176.0,176,176,0.0,1,22.0,1935.0,967.5,0,High Demand
Yasvantpur Jn-Gorakhpur,Rail,256.0,359,158,100.59324032955693,3,32.0,2516.0,1258.0,0,High Demand
Yasvantpur Jn-Hassan,Rail,185.0,185,185,0.0,1,92.5,174.0,87.0,0,High Demand
Yasvantpur Jn-Hazrat Nizamuddin,Rail,365.0,365,365,0.0,1,45.625,2753.0,1376.5,0,High Demand
Yasvantpur Jn-Hosur,Rail,177.0,192,162,21.213203435596427,2,88.5,64.0,32.0,0,High Demand
Yasvantpur Jn-Hubballi Jn,Rail,172.0,209,135,52.32590180780452,2,34.4,464.0,232.0,0,High Demand
Yasvantpur Jn-Jabalpur,Rail,475.0,475,475,0.0,1,59.375,1736.0,868.0,0,High Demand
Yasvantpur Jn-Jaipur,Rail,152.0,152,152,0.0,1,19.0,2452.0,1226.0,0,High Demand
Yasvantpur Jn-Kacheguda,Rail,248.5,363,134,161.92745289171938,2,49.699999999999996,616.0,308.0,0,High Demand
Yasvantpur Jn-Kannur (Cannanore,Rail,340.0,340,340,0.0,1,68.0,662.0,331.0,0,High Demand
Yasvantpur Jn-Karwar,Rail,293.0,293,293,0.0,1,58.599999999999994,761.0,380.5,0,High Demand
Yasvantpur Jn-Korba,Rail,313.0,313,313,0.0,1,39.125,1605.0,802.5,0,High Demand
Yasvantpur Jn-Latur,Rail,207.0,207,207,0.0,1,41.4,852.0,426.0,0,High Demand
Yasvantpur Jn-Lucknow,Rail,287.0,323,251,50.91168824543142,2,35.875,2465.0,1232.5,0,High Demand
Yasvantpur Jn-Machelipatnam,Rail,113.0,113,113,0.0,1,22.6,778.0,389.0,0,High Demand
Yasvantpur Jn-Mangalore Central,Rail,303.0,303,303,0.0,1,60.6,845.0,422.5,0,High Demand
Yasvantpur Jn-Mangalore Jn,Rail,359.5,386,333,37.476659402887016,2,71.9,413.0,206.5,0,High Demand
Yasvantpur Jn-Mgr Chennai Ctr,Rail,324.0,324,324,0.0,1,100.0,369.0,184.5,0,High Demand
Yasvantpur Jn-Mysore Jn,Rail,238.5,285,192,65.76093065034893,2,98.0,294.5,147.25,0,High Demand
Yasvantpur Jn-Pandharpur,Rail,149.0,149,149,0.0,1,29.799999999999997,880.0,440.0,0,High Demand
Yasvantpur Jn-Pondicherry,Rail,148.0,148,148,0.0,1,29.599999999999998,456.0,228.0,0,High Demand
Yasvantpur Jn-Puri,Rail,483.0,483,483,0.0,1,60.375,1503.0,751.5,0,High Demand
Yasvantpur Jn-Salem Jn,Rail,126.0,175,77,69.29646455628166,2,63.0,221.0,110.5,0,High Demand
Yasvantpur Jn-Shivamogga Town,Rail,228.66666666666666,303,122,94.73295801004703,3,87.0,269.0,134.5,0,High Demand
Yasvantpur Jn-Sindhanur,Rail,415.0,415,415,0.0,1,83.0,625.0,312.5,0,High Demand
Yasvantpur Jn-Tatanagar Jn,Rail,393.0,393,393,0.0,1,49.125,2439.0,1219.5,0,High Demand
Yasvantpur Jn-Thiruvananthapuram North,Rail,269.3333333333333,380,194,97.90471558272019,3,53.866666666666674,840.0,420.0,0,High Demand
Yasvantpur Jn-Tumkur,Rail,102.0,124,59,37.242448899072144,3,51.0,65.0,32.5,0,High Demand
Yasvantpur Jn-Vasco Da Gama,Rail,167.0,167,167,0.0,1,33.4,700.0,350.0,0,High Demand
Yasvantpur Jn-Vijayapura,Rail,170.0,170,170,0.0,1,34.0,740.0,370.0,0,High Demand
Yavatmal-Murtajapur,Rail,81.0,81,81,0.0,1,40.5,112.0,56.0,0,High Demand
Yelahanka Jn.-Kacheguda,Rail,176.0,176,176,0.0,1,35.199999999999996,651.0,325.5,0,High Demand
Yelahanka Jn.-Santragachi Jn,Rail,243.0,243,243,0.0,1,30.375000000000004,1884.0,942.0,0,High Demand
Yog N Rishikesh-Howrah Jn,Rail,415.0,415,415,0.0,1,51.87500000000001,1528.0,764.0,0,High Demand
Yog N Rishikesh-Jammu Tawi,Rail,125.0,125,125,0.0,1,25.0,558.0,279.0,0,High Demand
Yog N Rishikesh-Lakshmibai Nagar (Indore,Rail,335.5,449,222,160.51323932934628,2,41.9375,1148.5,574.25,0,High Demand
Yog N Rishikesh-Prayagrajsangam,Rail,224.0,224,224,0.0,1,44.800000000000004,743.0,371.5,0,High Demand
Yog N Rishikesh-Puri,Rail,406.0,406,406,0.0,1,50.74999999999999,2386.0,1193.0,0,High Demand
Yog N Rishikesh-Sabarmati Bg,Rail,481.0,481,481,0.0,1,60.12499999999999,1224.0,612.0,0,High Demand
Yog N Rishikesh-Shmata Vd Katra,Rail,316.0,316,316,0.0,1,63.2,703.0,351.5,0,High Demand
Yog N Rishikesh-Thiruvananthapuram North,Rail,349.0,349,349,0.0,1,43.625,3411.0,1705.5,0,High Demand
Yog N Rishikesh-Udaipur City,Rail,369.0,369,369,0.0,1,73.8,995.0,497.5,0,High Demand
